formation_name,current_ma,pwm_percent,measured_mlux,source_file
formation_3_midlow_light,4,10,1.613,formation_3_midlow_light_calibration.csv
formation_3_midlow_light,4,15,2.847,formation_3_midlow_light_calibration.csv
formation_3_midlow_light,4,20,3.894,formation_3_midlow_light_calibration.csv
formation_3_midlow_light,4,25,5.147,formation_3_midlow_light_calibration.csv
formation_3_midlow_light,4,30,6.419,formation_3_midlow_light_calibration.csv
formation_3_midlow_light,4,35,9.464,formation_3_midlow_light_calibration.csv
formation_3_midlow_light,4,40,13.699,formation_3_midlow_light_calibration.csv
formation_3_midlow_light,4,45,17.973,formation_3_midlow_light_calibration.csv
formation_3_midlow_light,4,50,22.292,formation_3_midlow_light_calibration.csv
formation_3_midlow_light,4,55,26.72,formation_3_midlow_light_calibration.csv
formation_3_midlow_light,4,60,31.151,formation_3_midlow_light_calibration.csv
formation_3_midlow_light,4,65,35.915,formation_3_midlow_light_calibration.csv
formation_3_midlow_light,4,70,42.083,formation_3_midlow_light_calibration.csv
formation_3_midlow_light,4,75,48.293,formation_3_midlow_light_calibration.csv
formation_3_midlow_light,4,80,54.452,formation_3_midlow_light_calibration.csv
formation_3_midlow_light,4,85,60.655,formation_3_midlow_light_calibration.csv
formation_3_midlow_light,4,90,66.849,formation_3_midlow_light_calibration.csv
formation_3_midlow_light,4,95,73.039,formation_3_midlow_light_calibration.csv
formation_3_midlow_light,4,100,79.455,formation_3_midlow_light_calibration.csv
formation_3_midlow_light,5,10,1.807,formation_3_midlow_light_calibration.csv
formation_3_midlow_light,5,15,3.037,formation_3_midlow_light_calibration.csv
formation_3_midlow_light,5,20,4.386,formation_3_midlow_light_calibration.csv
formation_3_midlow_light,5,25,5.785,formation_3_midlow_light_calibration.csv
formation_3_midlow_light,5,30,7.196,formation_3_midlow_light_calibration.csv
formation_3_midlow_light,5,35,10.775,formation_3_midlow_light_calibration.csv
formation_3_midlow_light,5,40,15.797,formation_3_midlow_light_calibration.csv
formation_3_midlow_light,5,45,20.86,formation_3_midlow_light_calibration.csv
formation_3_midlow_light,5,50,25.987,formation_3_midlow_light_calibration.csv
formation_3_midlow_light,5,55,31.212,formation_3_midlow_light_calibration.csv
formation_3_midlow_light,5,60,36.437,formation_3_midlow_light_calibration.csv
formation_3_midlow_light,5,65,42.186,formation_3_midlow_light_calibration.csv
formation_3_midlow_light,5,70,50.078,formation_3_midlow_light_calibration.csv
formation_3_midlow_light,5,75,57.907,formation_3_midlow_light_calibration.csv
formation_3_midlow_light,5,80,65.75,formation_3_midlow_light_calibration.csv
formation_3_midlow_light,5,85,73.615,formation_3_midlow_light_calibration.csv
formation_3_midlow_light,5,90,81.496,formation_3_midlow_light_calibration.csv
formation_3_midlow_light,5,95,89.259,formation_3_midlow_light_calibration.csv
formation_3_midlow_light,5,100,97.646,formation_3_midlow_light_calibration.csv
formation_3_midlow_light,6,10,1.994,formation_3_midlow_light_calibration.csv
formation_3_midlow_light,6,15,3.333,formation_3_midlow_light_calibration.csv
formation_3_midlow_light,6,20,4.807,formation_3_midlow_light_calibration.csv
formation_3_midlow_light,6,25,6.32,formation_3_midlow_light_calibration.csv
formation_3_midlow_light,6,30,7.854,formation_3_midlow_light_calibration.csv
formation_3_midlow_light,6,35,11.885,formation_3_midlow_light_calibration.csv
formation_3_midlow_light,6,40,17.587,formation_3_midlow_light_calibration.csv
formation_3_midlow_light,6,45,23.348,formation_3_midlow_light_calibration.csv
formation_3_midlow_light,6,50,29.164,formation_3_midlow_light_calibration.csv
formation_3_midlow_light,6,55,35.074,formation_3_midlow_light_calibration.csv
formation_3_midlow_light,6,60,41.011,formation_3_midlow_light_calibration.csv
formation_3_midlow_light,6,65,47.676,formation_3_midlow_light_calibration.csv
formation_3_midlow_light,6,70,57.03,formation_3_midlow_light_calibration.csv
formation_3_midlow_light,6,75,66.396,formation_3_midlow_light_calibration.csv
formation_3_midlow_light,6,80,75.753,formation_3_midlow_light_calibration.csv
formation_3_midlow_light,6,85,85.121,formation_3_midlow_light_calibration.csv
formation_3_midlow_light,6,90,94.41,formation_3_midlow_light_calibration.csv
formation_3_midlow_light,6,95,103.8,formation_3_midlow_light_calibration.csv
formation_3_midlow_light,6,100,114.14,formation_3_midlow_light_calibration.csv
formation_3_midlow_light,7,10,2.167,formation_3_midlow_light_calibration.csv
formation_3_midlow_light,7,15,3.601,formation_3_midlow_light_calibration.csv
formation_3_midlow_light,7,20,5.177,formation_3_midlow_light_calibration.csv
formation_3_midlow_light,7,25,6.79,formation_3_midlow_light_calibration.csv
formation_3_midlow_light,7,30,8.425,formation_3_midlow_light_calibration.csv
formation_3_midlow_light,7,35,12.864,formation_3_midlow_light_calibration.csv
formation_3_midlow_light,7,40,19.199,formation_3_midlow_light_calibration.csv
formation_3_midlow_light,7,45,25.543,formation_3_midlow_light_calibration.csv
formation_3_midlow_light,7,50,31.972,formation_3_midlow_light_calibration.csv
formation_3_midlow_light,7,55,38.522,formation_3_midlow_light_calibration.csv
formation_3_midlow_light,7,60,45.125,formation_3_midlow_light_calibration.csv
formation_3_midlow_light,7,65,52.51,formation_3_midlow_light_calibration.csv
formation_3_midlow_light,7,70,63.251,formation_3_midlow_light_calibration.csv
formation_3_midlow_light,7,75,73.986,formation_3_midlow_light_calibration.csv
formation_3_midlow_light,7,80,84.714,formation_3_midlow_light_calibration.csv
formation_3_midlow_light,7,85,95.406,formation_3_midlow_light_calibration.csv
formation_3_midlow_light,7,90,106.17,formation_3_midlow_light_calibration.csv
formation_3_midlow_light,7,95,116.91,formation_3_midlow_light_calibration.csv
formation_3_midlow_light,7,100,129.32,formation_3_midlow_light_calibration.csv
formation_3_midlow_light,8,10,2.326,formation_3_midlow_light_calibration.csv
formation_3_midlow_light,8,15,3.841,formation_3_midlow_light_calibration.csv
formation_3_midlow_light,8,20,5.512,formation_3_midlow_light_calibration.csv
formation_3_midlow_light,8,25,7.219,formation_3_midlow_light_calibration.csv
formation_3_midlow_light,8,30,8.945,formation_3_midlow_light_calibration.csv
formation_3_midlow_light,8,35,13.811,formation_3_midlow_light_calibration.csv
formation_3_midlow_light,8,40,20.675,formation_3_midlow_light_calibration.csv
formation_3_midlow_light,8,45,27.597,formation_3_midlow_light_calibration.csv
formation_3_midlow_light,8,50,34.626,formation_3_midlow_light_calibration.csv
formation_3_midlow_light,8,55,41.765,formation_3_midlow_light_calibration.csv
formation_3_midlow_light,8,60,48.936,formation_3_midlow_light_calibration.csv
formation_3_midlow_light,8,65,57.061,formation_3_midlow_light_calibration.csv
formation_3_midlow_light,8,70,69.115,formation_3_midlow_light_calibration.csv
formation_3_midlow_light,8,75,81.16,formation_3_midlow_light_calibration.csv
formation_3_midlow_light,8,80,93.14,formation_3_midlow_light_calibration.csv
formation_3_midlow_light,8,85,105.21,formation_3_midlow_light_calibration.csv
formation_3_midlow_light,8,90,117.29,formation_3_midlow_light_calibration.csv
formation_3_midlow_light,8,95,129.52,formation_3_midlow_light_calibration.csv
formation_3_midlow_light,8,100,143.62,formation_3_midlow_light_calibration.csv
formation_3_midlow_light,9,10,2.451,formation_3_midlow_light_calibration.csv
formation_3_midlow_light,9,15,4.052,formation_3_midlow_light_calibration.csv
formation_3_midlow_light,9,20,5.8,formation_3_midlow_light_calibration.csv
formation_3_midlow_light,9,25,7.596,formation_3_midlow_light_calibration.csv
formation_3_midlow_light,9,30,9.402,formation_3_midlow_light_calibration.csv
formation_3_midlow_light,9,35,14.578,formation_3_midlow_light_calibration.csv
formation_3_midlow_light,9,40,22.003,formation_3_midlow_light_calibration.csv
formation_3_midlow_light,9,45,29.428,formation_3_midlow_light_calibration.csv
formation_3_midlow_light,9,50,36.953,formation_3_midlow_light_calibration.csv
formation_3_midlow_light,9,55,44.64,formation_3_midlow_light_calibration.csv
formation_3_midlow_light,9,60,52.321,formation_3_midlow_light_calibration.csv
formation_3_midlow_light,9,65,61.066,formation_3_midlow_light_calibration.csv
formation_3_midlow_light,9,70,74.281,formation_3_midlow_light_calibration.csv
formation_3_midlow_light,9,75,87.406,formation_3_midlow_light_calibration.csv
formation_3_midlow_light,9,80,100.63,formation_3_midlow_light_calibration.csv
formation_3_midlow_light,9,85,113.87,formation_3_midlow_light_calibration.csv
formation_3_midlow_light,9,90,127.14,formation_3_midlow_light_calibration.csv
formation_3_midlow_light,9,95,140.57,formation_3_midlow_light_calibration.csv
formation_3_midlow_light,9,100,156.33,formation_3_midlow_light_calibration.csv
formation_3_midlow_light,10,10,2.578,formation_3_midlow_light_calibration.csv
formation_3_midlow_light,10,15,4.244,formation_3_midlow_light_calibration.csv
formation_3_midlow_light,10,20,6.062,formation_3_midlow_light_calibration.csv
formation_3_midlow_light,10,25,7.929,formation_3_midlow_light_calibration.csv
formation_3_midlow_light,10,30,9.8113,formation_3_midlow_light_calibration.csv
formation_3_midlow_light,10,35,15.29,formation_3_midlow_light_calibration.csv
formation_3_midlow_light,10,40,23.172,formation_3_midlow_light_calibration.csv
formation_3_midlow_light,10,45,31.082,formation_3_midlow_light_calibration.csv
formation_3_midlow_light,10,50,39.069,formation_3_midlow_light_calibration.csv
formation_3_midlow_light,10,55,47.257,formation_3_midlow_light_calibration.csv
formation_3_midlow_light,10,60,55.39,formation_3_midlow_light_calibration.csv
formation_3_midlow_light,10,65,64.74,formation_3_midlow_light_calibration.csv
formation_3_midlow_light,10,70,79.06,formation_3_midlow_light_calibration.csv
formation_3_midlow_light,10,75,93.294,formation_3_midlow_light_calibration.csv
formation_3_midlow_light,10,80,107.57,formation_3_midlow_light_calibration.csv
formation_3_midlow_light,10,85,121.91,formation_3_midlow_light_calibration.csv
formation_3_midlow_light,10,90,136.42,formation_3_midlow_light_calibration.csv
formation_3_midlow_light,10,95,150.76,formation_3_midlow_light_calibration.csv
formation_3_midlow_light,10,100,168.21,formation_3_midlow_light_calibration.csv
formation_3_midlow_light,11,10,2.692,formation_3_midlow_light_calibration.csv
formation_3_midlow_light,11,15,4.461,formation_3_midlow_light_calibration.csv
formation_3_midlow_light,11,20,6.311,formation_3_midlow_light_calibration.csv
formation_3_midlow_light,11,25,8.245,formation_3_midlow_light_calibration.csv
formation_3_midlow_light,11,30,10.19,formation_3_midlow_light_calibration.csv
formation_3_midlow_light,11,35,15.959,formation_3_midlow_light_calibration.csv
formation_3_midlow_light,11,40,24.279,formation_3_midlow_light_calibration.csv
formation_3_midlow_light,11,45,32.613,formation_3_midlow_light_calibration.csv
formation_3_midlow_light,11,50,41.06,formation_3_midlow_light_calibration.csv
formation_3_midlow_light,11,55,49.662,formation_3_midlow_light_calibration.csv
formation_3_midlow_light,11,60,58.226,formation_3_midlow_light_calibration.csv
formation_3_midlow_light,11,65,68.152,formation_3_midlow_light_calibration.csv
formation_3_midlow_light,11,70,83.462,formation_3_midlow_light_calibration.csv
formation_3_midlow_light,11,75,98.685,formation_3_midlow_light_calibration.csv
formation_3_midlow_light,11,80,114.0,formation_3_midlow_light_calibration.csv
formation_3_midlow_light,11,85,129.49,formation_3_midlow_light_calibration.csv
formation_3_midlow_light,11,90,144.84,formation_3_midlow_light_calibration.csv
formation_3_midlow_light,11,95,160.23,formation_3_midlow_light_calibration.csv
formation_3_midlow_light,11,100,179.02,formation_3_midlow_light_calibration.csv
formation_3_midlow_light,12,10,2.797,formation_3_midlow_light_calibration.csv
formation_3_midlow_light,12,15,4.587,formation_3_midlow_light_calibration.csv
formation_3_midlow_light,12,20,6.53,formation_3_midlow_light_calibration.csv
formation_3_midlow_light,12,25,8.519,formation_3_midlow_light_calibration.csv
formation_3_midlow_light,12,30,10.535,formation_3_midlow_light_calibration.csv
formation_3_midlow_light,12,35,16.576,formation_3_midlow_light_calibration.csv
formation_3_midlow_light,12,40,25.284,formation_3_midlow_light_calibration.csv
formation_3_midlow_light,12,45,34.047,formation_3_midlow_light_calibration.csv
formation_3_midlow_light,12,50,42.902,formation_3_midlow_light_calibration.csv
formation_3_midlow_light,12,55,51.906,formation_3_midlow_light_calibration.csv
formation_3_midlow_light,12,60,60.921,formation_3_midlow_light_calibration.csv
formation_3_midlow_light,12,65,71.326,formation_3_midlow_light_calibration.csv
formation_3_midlow_light,12,70,87.531,formation_3_midlow_light_calibration.csv
formation_3_midlow_light,12,75,103.77,formation_3_midlow_light_calibration.csv
formation_3_midlow_light,12,80,120.02,formation_3_midlow_light_calibration.csv
formation_3_midlow_light,12,85,136.44,formation_3_midlow_light_calibration.csv
formation_3_midlow_light,12,90,152.77,formation_3_midlow_light_calibration.csv
formation_3_midlow_light,12,95,169.1,formation_3_midlow_light_calibration.csv
formation_3_midlow_light,12,100,189.35,formation_3_midlow_light_calibration.csv
formation_3_midlow_light,13,10,2.975,formation_3_midlow_light_calibration.csv
formation_3_midlow_light,13,15,4.864,formation_3_midlow_light_calibration.csv
formation_3_midlow_light,13,20,6.918,formation_3_midlow_light_calibration.csv
formation_3_midlow_light,13,25,9.021,formation_3_midlow_light_calibration.csv
formation_3_midlow_light,13,30,11.138,formation_3_midlow_light_calibration.csv
formation_3_midlow_light,13,35,17.599,formation_3_midlow_light_calibration.csv
formation_3_midlow_light,13,40,26.977,formation_3_midlow_light_calibration.csv
formation_3_midlow_light,13,45,36.374,formation_3_midlow_light_calibration.csv
formation_3_midlow_light,13,50,45.909,formation_3_midlow_light_calibration.csv
formation_3_midlow_light,13,55,55.555,formation_3_midlow_light_calibration.csv
formation_3_midlow_light,13,60,65.187,formation_3_midlow_light_calibration.csv
formation_3_midlow_light,13,65,76.373,formation_3_midlow_light_calibration.csv
formation_3_midlow_light,13,70,93.75,formation_3_midlow_light_calibration.csv
formation_3_midlow_light,13,75,111.23,formation_3_midlow_light_calibration.csv
formation_3_midlow_light,13,80,128.68,formation_3_midlow_light_calibration.csv
formation_3_midlow_light,13,85,146.37,formation_3_midlow_light_calibration.csv
formation_3_midlow_light,13,90,163.86,formation_3_midlow_light_calibration.csv
formation_3_midlow_light,13,95,181.19,formation_3_midlow_light_calibration.csv
formation_3_midlow_light,13,100,203.19,formation_3_midlow_light_calibration.csv
formation_3_midlow_light,14,10,3.053,formation_3_midlow_light_calibration.csv
formation_3_midlow_light,14,15,4.976,formation_3_midlow_light_calibration.csv
formation_3_midlow_light,14,20,7.081,formation_3_midlow_light_calibration.csv
formation_3_midlow_light,14,25,9.22,formation_3_midlow_light_calibration.csv
formation_3_midlow_light,14,30,11.379,formation_3_midlow_light_calibration.csv
formation_3_midlow_light,14,35,18.056,formation_3_midlow_light_calibration.csv
formation_3_midlow_light,14,40,27.734,formation_3_midlow_light_calibration.csv
formation_3_midlow_light,14,45,37.422,formation_3_midlow_light_calibration.csv
formation_3_midlow_light,14,50,47.31,formation_3_midlow_light_calibration.csv
formation_3_midlow_light,14,55,57.218,formation_3_midlow_light_calibration.csv
formation_3_midlow_light,14,60,67.14,formation_3_midlow_light_calibration.csv
formation_3_midlow_light,14,65,78.742,formation_3_midlow_light_calibration.csv
formation_3_midlow_light,14,70,96.849,formation_3_midlow_light_calibration.csv
formation_3_midlow_light,14,75,115.04,formation_3_midlow_light_calibration.csv
formation_3_midlow_light,14,80,133.39,formation_3_midlow_light_calibration.csv
formation_3_midlow_light,14,85,151.71,formation_3_midlow_light_calibration.csv
formation_3_midlow_light,14,90,169.92,formation_3_midlow_light_calibration.csv
formation_3_midlow_light,14,95,188.05,formation_3_midlow_light_calibration.csv
formation_3_midlow_light,14,100,211.22,formation_3_midlow_light_calibration.csv
formation_3_midlow_light,15,10,3.127,formation_3_midlow_light_calibration.csv
formation_3_midlow_light,15,15,5.1,formation_3_midlow_light_calibration.csv
formation_3_midlow_light,15,20,7.235,formation_3_midlow_light_calibration.csv
formation_3_midlow_light,15,25,9.42,formation_3_midlow_light_calibration.csv
formation_3_midlow_light,15,30,11.625,formation_3_midlow_light_calibration.csv
formation_3_midlow_light,15,35,18.491,formation_3_midlow_light_calibration.csv
formation_3_midlow_light,15,40,28.461,formation_3_midlow_light_calibration.csv
formation_3_midlow_light,15,45,38.501,formation_3_midlow_light_calibration.csv
formation_3_midlow_light,15,50,48.645,formation_3_midlow_light_calibration.csv
formation_3_midlow_light,15,55,58.893,formation_3_midlow_light_calibration.csv
formation_3_midlow_light,15,60,69.16,formation_3_midlow_light_calibration.csv
formation_3_midlow_light,15,65,81.144,formation_3_midlow_light_calibration.csv
formation_3_midlow_light,15,70,99.998,formation_3_midlow_light_calibration.csv
formation_3_midlow_light,15,75,118.99,formation_3_midlow_light_calibration.csv
formation_3_midlow_light,15,80,138.1,formation_3_midlow_light_calibration.csv
formation_3_midlow_light,15,85,157.06,formation_3_midlow_light_calibration.csv
formation_3_midlow_light,15,90,175.97,formation_3_midlow_light_calibration.csv
formation_3_midlow_light,15,95,195.02,formation_3_midlow_light_calibration.csv
formation_3_midlow_light,15,100,219.51,formation_3_midlow_light_calibration.csv
formation_3_midlow_light,16,10,3.199,formation_3_midlow_light_calibration.csv
formation_3_midlow_light,16,15,5.2,formation_3_midlow_light_calibration.csv
formation_3_midlow_light,16,20,7.377,formation_3_midlow_light_calibration.csv
formation_3_midlow_light,16,25,9.6001,formation_3_midlow_light_calibration.csv
formation_3_midlow_light,16,30,11.841,formation_3_midlow_light_calibration.csv
formation_3_midlow_light,16,35,18.897,formation_3_midlow_light_calibration.csv
formation_3_midlow_light,16,40,29.171,formation_3_midlow_light_calibration.csv
formation_3_midlow_light,16,45,39.476,formation_3_midlow_light_calibration.csv
formation_3_midlow_light,16,50,49.905,formation_3_midlow_light_calibration.csv
formation_3_midlow_light,16,55,60.474,formation_3_midlow_light_calibration.csv
formation_3_midlow_light,16,60,71.009,formation_3_midlow_light_calibration.csv
formation_3_midlow_light,16,65,83.363,formation_3_midlow_light_calibration.csv
formation_3_midlow_light,16,70,102.95,formation_3_midlow_light_calibration.csv
formation_3_midlow_light,16,75,122.62,formation_3_midlow_light_calibration.csv
formation_3_midlow_light,16,80,142.36,formation_3_midlow_light_calibration.csv
formation_3_midlow_light,16,85,162.17,formation_3_midlow_light_calibration.csv
formation_3_midlow_light,16,90,181.68,formation_3_midlow_light_calibration.csv
formation_3_midlow_light,16,95,201.37,formation_3_midlow_light_calibration.csv
formation_3_midlow_light,16,100,227.17,formation_3_midlow_light_calibration.csv
formation_3_midlow_light,17,10,3.261,formation_3_midlow_light_calibration.csv
formation_3_midlow_light,17,15,5.298,formation_3_midlow_light_calibration.csv
formation_3_midlow_light,17,20,7.53,formation_3_midlow_light_calibration.csv
formation_3_midlow_light,17,25,9.769,formation_3_midlow_light_calibration.csv
formation_3_midlow_light,17,30,12.036,formation_3_midlow_light_calibration.csv
formation_3_midlow_light,17,35,19.264,formation_3_midlow_light_calibration.csv
formation_3_midlow_light,17,40,29.795,formation_3_midlow_light_calibration.csv
formation_3_midlow_light,17,45,40.328,formation_3_midlow_light_calibration.csv
formation_3_midlow_light,17,50,51.039,formation_3_midlow_light_calibration.csv
formation_3_midlow_light,17,55,61.841,formation_3_midlow_light_calibration.csv
formation_3_midlow_light,17,60,72.636,formation_3_midlow_light_calibration.csv
formation_3_midlow_light,17,65,85.353,formation_3_midlow_light_calibration.csv
formation_3_midlow_light,17,70,105.53,formation_3_midlow_light_calibration.csv
formation_3_midlow_light,17,75,125.8,formation_3_midlow_light_calibration.csv
formation_3_midlow_light,17,80,146.26,formation_3_midlow_light_calibration.csv
formation_3_midlow_light,17,85,166.64,formation_3_midlow_light_calibration.csv
formation_3_midlow_light,17,90,186.78,formation_3_midlow_light_calibration.csv
formation_3_midlow_light,17,95,207.12,formation_3_midlow_light_calibration.csv
formation_3_midlow_light,17,100,233.92,formation_3_midlow_light_calibration.csv
formation_3_midlow_light,18,10,3.318,formation_3_midlow_light_calibration.csv
formation_3_midlow_light,18,15,5.393,formation_3_midlow_light_calibration.csv
formation_3_midlow_light,18,20,7.635,formation_3_midlow_light_calibration.csv
formation_3_midlow_light,18,25,9.9292,formation_3_midlow_light_calibration.csv
formation_3_midlow_light,18,30,12.236,formation_3_midlow_light_calibration.csv
formation_3_midlow_light,18,35,19.64,formation_3_midlow_light_calibration.csv
formation_3_midlow_light,18,40,30.414,formation_3_midlow_light_calibration.csv
formation_3_midlow_light,18,45,41.236,formation_3_midlow_light_calibration.csv
formation_3_midlow_light,18,50,52.176,formation_3_midlow_light_calibration.csv
formation_3_midlow_light,18,55,63.234,formation_3_midlow_light_calibration.csv
formation_3_midlow_light,18,60,74.318,formation_3_midlow_light_calibration.csv
formation_3_midlow_light,18,65,87.259,formation_3_midlow_light_calibration.csv
formation_3_midlow_light,18,70,108.17,formation_3_midlow_light_calibration.csv
formation_3_midlow_light,18,75,129.22,formation_3_midlow_light_calibration.csv
formation_3_midlow_light,18,80,150.15,formation_3_midlow_light_calibration.csv
formation_3_midlow_light,18,85,171.1,formation_3_midlow_light_calibration.csv
formation_3_midlow_light,18,90,191.94,formation_3_midlow_light_calibration.csv
formation_3_midlow_light,18,95,212.91,formation_3_midlow_light_calibration.csv
formation_3_midlow_light,18,100,240.69,formation_3_midlow_light_calibration.csv
formation_3_midlow_light,19,10,3.373,formation_3_midlow_light_calibration.csv
formation_3_midlow_light,19,15,5.47,formation_3_midlow_light_calibration.csv
formation_3_midlow_light,19,20,7.749,formation_3_midlow_light_calibration.csv
formation_3_midlow_light,19,25,10.075,formation_3_midlow_light_calibration.csv
formation_3_midlow_light,19,30,12.414,formation_3_midlow_light_calibration.csv
formation_3_midlow_light,19,35,19.95,formation_3_midlow_light_calibration.csv
formation_3_midlow_light,19,40,30.97,formation_3_midlow_light_calibration.csv
formation_3_midlow_light,19,45,42.008,formation_3_midlow_light_calibration.csv
formation_3_midlow_light,19,50,53.19,formation_3_midlow_light_calibration.csv
formation_3_midlow_light,19,55,64.515,formation_3_midlow_light_calibration.csv
formation_3_midlow_light,19,60,75.789,formation_3_midlow_light_calibration.csv
formation_3_midlow_light,19,65,89.062,formation_3_midlow_light_calibration.csv
formation_3_midlow_light,19,70,110.5,formation_3_midlow_light_calibration.csv
formation_3_midlow_light,19,75,132.17,formation_3_midlow_light_calibration.csv
formation_3_midlow_light,19,80,153.6,formation_3_midlow_light_calibration.csv
formation_3_midlow_light,19,85,175.05,formation_3_midlow_light_calibration.csv
formation_3_midlow_light,19,90,196.57,formation_3_midlow_light_calibration.csv
formation_3_midlow_light,19,95,218.22,formation_3_midlow_light_calibration.csv
formation_3_midlow_light,19,100,246.84,formation_3_midlow_light_calibration.csv
formation_3_midlow_light,20,10,3.429,formation_3_midlow_light_calibration.csv
formation_3_midlow_light,20,15,5.56,formation_3_midlow_light_calibration.csv
formation_3_midlow_light,20,20,7.865,formation_3_midlow_light_calibration.csv
formation_3_midlow_light,20,25,10.222,formation_3_midlow_light_calibration.csv
formation_3_midlow_light,20,30,12.592,formation_3_midlow_light_calibration.csv
formation_3_midlow_light,20,35,20.294,formation_3_midlow_light_calibration.csv
formation_3_midlow_light,20,40,31.536,formation_3_midlow_light_calibration.csv
formation_3_midlow_light,20,45,42.8,formation_3_midlow_light_calibration.csv
formation_3_midlow_light,20,50,54.241,formation_3_midlow_light_calibration.csv
formation_3_midlow_light,20,55,65.757,formation_3_midlow_light_calibration.csv
formation_3_midlow_light,20,60,77.292,formation_3_midlow_light_calibration.csv
formation_3_midlow_light,20,65,90.841,formation_3_midlow_light_calibration.csv
formation_3_midlow_light,20,70,112.94,formation_3_midlow_light_calibration.csv
formation_3_midlow_light,20,75,135.08,formation_3_midlow_light_calibration.csv
formation_3_midlow_light,20,80,157.2,formation_3_midlow_light_calibration.csv
formation_3_midlow_light,20,85,179.19,formation_3_midlow_light_calibration.csv
formation_3_midlow_light,20,90,201.2,formation_3_midlow_light_calibration.csv
formation_3_midlow_light,20,95,223.64,formation_3_midlow_light_calibration.csv
formation_3_midlow_light,20,100,253.03,formation_3_midlow_light_calibration.csv
formation_3_midlow_light,21,10,3.472,formation_3_midlow_light_calibration.csv
formation_3_midlow_light,21,15,5.631,formation_3_midlow_light_calibration.csv
formation_3_midlow_light,21,20,7.97,formation_3_midlow_light_calibration.csv
formation_3_midlow_light,21,25,10.349,formation_3_midlow_light_calibration.csv
formation_3_midlow_light,21,30,12.76,formation_3_midlow_light_calibration.csv
formation_3_midlow_light,21,35,20.612,formation_3_midlow_light_calibration.csv
formation_3_midlow_light,21,40,32.035,formation_3_midlow_light_calibration.csv
formation_3_midlow_light,21,45,43.602,formation_3_midlow_light_calibration.csv
formation_3_midlow_light,21,50,55.195,formation_3_midlow_light_calibration.csv
formation_3_midlow_light,21,55,66.964,formation_3_midlow_light_calibration.csv
formation_3_midlow_light,21,60,78.732,formation_3_midlow_light_calibration.csv
formation_3_midlow_light,21,65,92.515,formation_3_midlow_light_calibration.csv
formation_3_midlow_light,21,70,115.16,formation_3_midlow_light_calibration.csv
formation_3_midlow_light,21,75,137.92,formation_3_midlow_light_calibration.csv
formation_3_midlow_light,21,80,160.54,formation_3_midlow_light_calibration.csv
formation_3_midlow_light,21,85,183.01,formation_3_midlow_light_calibration.csv
formation_3_midlow_light,21,90,205.67,formation_3_midlow_light_calibration.csv
formation_3_midlow_light,21,95,228.57,formation_3_midlow_light_calibration.csv
formation_3_midlow_light,21,100,258.65,formation_3_midlow_light_calibration.csv
formation_3_midlow_light,22,10,3.522,formation_3_midlow_light_calibration.csv
formation_3_midlow_light,22,15,5.701,formation_3_midlow_light_calibration.csv
formation_3_midlow_light,22,20,8.062,formation_3_midlow_light_calibration.csv
formation_3_midlow_light,22,25,10.476,formation_3_midlow_light_calibration.csv
formation_3_midlow_light,22,30,12.904,formation_3_midlow_light_calibration.csv
formation_3_midlow_light,22,35,20.876,formation_3_midlow_light_calibration.csv
formation_3_midlow_light,22,40,32.555,formation_3_midlow_light_calibration.csv
formation_3_midlow_light,22,45,44.307,formation_3_midlow_light_calibration.csv
formation_3_midlow_light,22,50,56.117,formation_3_midlow_light_calibration.csv
formation_3_midlow_light,22,55,68.052,formation_3_midlow_light_calibration.csv
formation_3_midlow_light,22,60,80.037,formation_3_midlow_light_calibration.csv
formation_3_midlow_light,22,65,94.058,formation_3_midlow_light_calibration.csv
formation_3_midlow_light,22,70,117.19,formation_3_midlow_light_calibration.csv
formation_3_midlow_light,22,75,140.5,formation_3_midlow_light_calibration.csv
formation_3_midlow_light,22,80,163.51,formation_3_midlow_light_calibration.csv
formation_3_midlow_light,22,85,186.53,formation_3_midlow_light_calibration.csv
formation_3_midlow_light,22,90,209.64,formation_3_midlow_light_calibration.csv
formation_3_midlow_light,22,95,233.03,formation_3_midlow_light_calibration.csv
formation_3_midlow_light,22,100,263.92,formation_3_midlow_light_calibration.csv
formation_3_midlow_light,23,10,3.57,formation_3_midlow_light_calibration.csv
formation_3_midlow_light,23,15,5.774,formation_3_midlow_light_calibration.csv
formation_3_midlow_light,23,20,8.163,formation_3_midlow_light_calibration.csv
formation_3_midlow_light,23,25,10.601,formation_3_midlow_light_calibration.csv
formation_3_midlow_light,23,30,13.045,formation_3_midlow_light_calibration.csv
formation_3_midlow_light,23,35,21.153,formation_3_midlow_light_calibration.csv
formation_3_midlow_light,23,40,33.042,formation_3_midlow_light_calibration.csv
formation_3_midlow_light,23,45,44.988,formation_3_midlow_light_calibration.csv
formation_3_midlow_light,23,50,57.007,formation_3_midlow_light_calibration.csv
formation_3_midlow_light,23,55,69.14,formation_3_midlow_light_calibration.csv
formation_3_midlow_light,23,60,81.308,formation_3_midlow_light_calibration.csv
formation_3_midlow_light,23,65,95.662,formation_3_midlow_light_calibration.csv
formation_3_midlow_light,23,70,119.25,formation_3_midlow_light_calibration.csv
formation_3_midlow_light,23,75,142.94,formation_3_midlow_light_calibration.csv
formation_3_midlow_light,23,80,166.63,formation_3_midlow_light_calibration.csv
formation_3_midlow_light,23,85,190.1,formation_3_midlow_light_calibration.csv
formation_3_midlow_light,23,90,213.7,formation_3_midlow_light_calibration.csv
formation_3_midlow_light,23,95,237.69,formation_3_midlow_light_calibration.csv
formation_3_midlow_light,23,100,269.35,formation_3_midlow_light_calibration.csv
formation_3_midlow_light,24,10,3.611,formation_3_midlow_light_calibration.csv
formation_3_midlow_light,24,15,5.837,formation_3_midlow_light_calibration.csv
formation_3_midlow_light,24,20,8.254,formation_3_midlow_light_calibration.csv
formation_3_midlow_light,24,25,10.707,formation_3_midlow_light_calibration.csv
formation_3_midlow_light,24,30,13.183,formation_3_midlow_light_calibration.csv
formation_3_midlow_light,24,35,21.411,formation_3_midlow_light_calibration.csv
formation_3_midlow_light,24,40,33.465,formation_3_midlow_light_calibration.csv
formation_3_midlow_light,24,45,45.62,formation_3_midlow_light_calibration.csv
formation_3_midlow_light,24,50,57.831,formation_3_midlow_light_calibration.csv
formation_3_midlow_light,24,55,70.132,formation_3_midlow_light_calibration.csv
formation_3_midlow_light,24,60,82.529,formation_3_midlow_light_calibration.csv
formation_3_midlow_light,24,65,97.074,formation_3_midlow_light_calibration.csv
formation_3_midlow_light,24,70,121.11,formation_3_midlow_light_calibration.csv
formation_3_midlow_light,24,75,145.35,formation_3_midlow_light_calibration.csv
formation_3_midlow_light,24,80,169.39,formation_3_midlow_light_calibration.csv
formation_3_midlow_light,24,85,193.32,formation_3_midlow_light_calibration.csv
formation_3_midlow_light,24,90,217.64,formation_3_midlow_light_calibration.csv
formation_3_midlow_light,24,95,241.76,formation_3_midlow_light_calibration.csv
formation_3_midlow_light,24,100,274.14,formation_3_midlow_light_calibration.csv
formation_3_midlow_light,25,10,3.736,formation_3_midlow_light_calibration.csv
formation_3_midlow_light,25,15,6.031,formation_3_midlow_light_calibration.csv
formation_3_midlow_light,25,20,8.52,formation_3_midlow_light_calibration.csv
formation_3_midlow_light,25,25,11.058,formation_3_midlow_light_calibration.csv
formation_3_midlow_light,25,30,13.613,formation_3_midlow_light_calibration.csv
formation_3_midlow_light,25,35,22.164,formation_3_midlow_light_calibration.csv
formation_3_midlow_light,25,40,34.705,formation_3_midlow_light_calibration.csv
formation_3_midlow_light,25,45,47.31,formation_3_midlow_light_calibration.csv
formation_3_midlow_light,25,50,59.987,formation_3_midlow_light_calibration.csv
formation_3_midlow_light,25,55,72.843,formation_3_midlow_light_calibration.csv
formation_3_midlow_light,25,60,85.691,formation_3_midlow_light_calibration.csv
formation_3_midlow_light,25,65,100.76,formation_3_midlow_light_calibration.csv
formation_3_midlow_light,25,70,125.82,formation_3_midlow_light_calibration.csv
formation_3_midlow_light,25,75,151.02,formation_3_midlow_light_calibration.csv
formation_3_midlow_light,25,80,175.86,formation_3_midlow_light_calibration.csv
formation_3_midlow_light,25,85,200.9,formation_3_midlow_light_calibration.csv
formation_3_midlow_light,25,90,226.15,formation_3_midlow_light_calibration.csv
formation_3_midlow_light,25,95,251.25,formation_3_midlow_light_calibration.csv
formation_3_midlow_light,25,100,284.89,formation_3_midlow_light_calibration.csv
formation_3_midlow_light,26,10,3.876,formation_3_midlow_light_calibration.csv
formation_3_midlow_light,26,15,6.232,formation_3_midlow_light_calibration.csv
formation_3_midlow_light,26,20,8.569,formation_3_midlow_light_calibration.csv
formation_3_midlow_light,26,25,11.137,formation_3_midlow_light_calibration.csv
formation_3_midlow_light,26,30,13.717,formation_3_midlow_light_calibration.csv
formation_3_midlow_light,26,35,22.352,formation_3_midlow_light_calibration.csv
formation_3_midlow_light,26,40,35.045,formation_3_midlow_light_calibration.csv
formation_3_midlow_light,26,45,47.793,formation_3_midlow_light_calibration.csv
formation_3_midlow_light,26,50,60.648,formation_3_midlow_light_calibration.csv
formation_3_midlow_light,26,55,73.65,formation_3_midlow_light_calibration.csv
formation_3_midlow_light,26,60,86.541,formation_3_midlow_light_calibration.csv
formation_3_midlow_light,26,65,102.03,formation_3_midlow_light_calibration.csv
formation_3_midlow_light,26,70,127.41,formation_3_midlow_light_calibration.csv
formation_3_midlow_light,26,75,152.92,formation_3_midlow_light_calibration.csv
formation_3_midlow_light,26,80,178.25,formation_3_midlow_light_calibration.csv
formation_3_midlow_light,26,85,203.63,formation_3_midlow_light_calibration.csv
formation_3_midlow_light,26,90,229.3,formation_3_midlow_light_calibration.csv
formation_3_midlow_light,26,95,254.74,formation_3_midlow_light_calibration.csv
formation_3_midlow_light,26,100,289.09,formation_3_midlow_light_calibration.csv
formation_3_midlow_light,27,10,3.785,formation_3_midlow_light_calibration.csv
formation_3_midlow_light,27,15,6.122,formation_3_midlow_light_calibration.csv
formation_3_midlow_light,27,20,8.636,formation_3_midlow_light_calibration.csv
formation_3_midlow_light,27,25,11.22,formation_3_midlow_light_calibration.csv
formation_3_midlow_light,27,30,13.797,formation_3_midlow_light_calibration.csv
formation_3_midlow_light,27,35,22.556,formation_3_midlow_light_calibration.csv
formation_3_midlow_light,27,40,35.385,formation_3_midlow_light_calibration.csv
formation_3_midlow_light,27,45,48.31,formation_3_midlow_light_calibration.csv
formation_3_midlow_light,27,50,61.284,formation_3_midlow_light_calibration.csv
formation_3_midlow_light,27,55,74.421,formation_3_midlow_light_calibration.csv
formation_3_midlow_light,27,60,87.453,formation_3_midlow_light_calibration.csv
formation_3_midlow_light,27,65,103.09,formation_3_midlow_light_calibration.csv
formation_3_midlow_light,27,70,129.0,formation_3_midlow_light_calibration.csv
formation_3_midlow_light,27,75,154.8,formation_3_midlow_light_calibration.csv
formation_3_midlow_light,27,80,180.4,formation_3_midlow_light_calibration.csv
formation_3_midlow_light,27,85,206.16,formation_3_midlow_light_calibration.csv
formation_3_midlow_light,27,90,232.26,formation_3_midlow_light_calibration.csv
formation_3_midlow_light,27,95,257.89,formation_3_midlow_light_calibration.csv
formation_3_midlow_light,27,100,292.89,formation_3_midlow_light_calibration.csv
formation_3_midlow_light,28,10,3.813,formation_3_midlow_light_calibration.csv
formation_3_midlow_light,28,15,6.157,formation_3_midlow_light_calibration.csv
formation_3_midlow_light,28,20,8.697,formation_3_midlow_light_calibration.csv
formation_3_midlow_light,28,25,11.284,formation_3_midlow_light_calibration.csv
formation_3_midlow_light,28,30,13.88,formation_3_midlow_light_calibration.csv
formation_3_midlow_light,28,35,22.694,formation_3_midlow_light_calibration.csv
formation_3_midlow_light,28,40,35.654,formation_3_midlow_light_calibration.csv
formation_3_midlow_light,28,45,48.684,formation_3_midlow_light_calibration.csv
formation_3_midlow_light,28,50,61.801,formation_3_midlow_light_calibration.csv
formation_3_midlow_light,28,55,75.091,formation_3_midlow_light_calibration.csv
formation_3_midlow_light,28,60,88.212,formation_3_midlow_light_calibration.csv
formation_3_midlow_light,28,65,104.03,formation_3_midlow_light_calibration.csv
formation_3_midlow_light,28,70,130.21,formation_3_midlow_light_calibration.csv
formation_3_midlow_light,28,75,156.34,formation_3_midlow_light_calibration.csv
formation_3_midlow_light,28,80,182.22,formation_3_midlow_light_calibration.csv
formation_3_midlow_light,28,85,208.39,formation_3_midlow_light_calibration.csv
formation_3_midlow_light,28,90,234.8,formation_3_midlow_light_calibration.csv
formation_3_midlow_light,28,95,260.57,formation_3_midlow_light_calibration.csv
formation_3_midlow_light,28,100,296.32,formation_3_midlow_light_calibration.csv
formation_3_midlow_light,29,10,3.882,formation_3_midlow_light_calibration.csv
formation_3_midlow_light,29,15,6.201,formation_3_midlow_light_calibration.csv
formation_3_midlow_light,29,20,8.794,formation_3_midlow_light_calibration.csv
formation_3_midlow_light,29,25,11.366,formation_3_midlow_light_calibration.csv
formation_3_midlow_light,29,30,13.971,formation_3_midlow_light_calibration.csv
formation_3_midlow_light,29,35,22.877,formation_3_midlow_light_calibration.csv
formation_3_midlow_light,29,40,35.978,formation_3_midlow_light_calibration.csv
formation_3_midlow_light,29,45,49.16,formation_3_midlow_light_calibration.csv
formation_3_midlow_light,29,50,62.419,formation_3_midlow_light_calibration.csv
formation_3_midlow_light,29,55,75.785,formation_3_midlow_light_calibration.csv
formation_3_midlow_light,29,60,89.052,formation_3_midlow_light_calibration.csv
formation_3_midlow_light,29,65,105.07,formation_3_midlow_light_calibration.csv
formation_3_midlow_light,29,70,131.61,formation_3_midlow_light_calibration.csv
formation_3_midlow_light,29,75,158.03,formation_3_midlow_light_calibration.csv
formation_3_midlow_light,29,80,184.35,formation_3_midlow_light_calibration.csv
formation_3_midlow_light,29,85,210.85,formation_3_midlow_light_calibration.csv
formation_3_midlow_light,29,90,237.49,formation_3_midlow_light_calibration.csv
formation_3_midlow_light,29,95,263.82,formation_3_midlow_light_calibration.csv
formation_3_midlow_light,29,100,299.97,formation_3_midlow_light_calibration.csv
formation_3_midlow_light,30,10,3.865,formation_3_midlow_light_calibration.csv
formation_3_midlow_light,30,15,6.246,formation_3_midlow_light_calibration.csv
formation_3_midlow_light,30,20,8.818,formation_3_midlow_light_calibration.csv
formation_3_midlow_light,30,25,11.427,formation_3_midlow_light_calibration.csv
formation_3_midlow_light,30,30,14.062,formation_3_midlow_light_calibration.csv
formation_3_midlow_light,30,35,23.054,formation_3_midlow_light_calibration.csv
formation_3_midlow_light,30,40,36.274,formation_3_midlow_light_calibration.csv
formation_3_midlow_light,30,45,49.581,formation_3_midlow_light_calibration.csv
formation_3_midlow_light,30,50,62.938,formation_3_midlow_light_calibration.csv
formation_3_midlow_light,30,55,76.447,formation_3_midlow_light_calibration.csv
formation_3_midlow_light,30,60,89.949,formation_3_midlow_light_calibration.csv
formation_3_midlow_light,30,65,106.08,formation_3_midlow_light_calibration.csv
formation_3_midlow_light,30,70,132.92,formation_3_midlow_light_calibration.csv
formation_3_midlow_light,30,75,159.78,formation_3_midlow_light_calibration.csv
formation_3_midlow_light,30,80,186.35,formation_3_midlow_light_calibration.csv
formation_3_midlow_light,30,85,213.16,formation_3_midlow_light_calibration.csv
formation_3_midlow_light,30,90,240.25,formation_3_midlow_light_calibration.csv
formation_3_midlow_light,30,95,266.85,formation_3_midlow_light_calibration.csv
formation_3_midlow_light,30,100,303.76,formation_3_midlow_light_calibration.csv
formation_3_midlow_light,31,10,3.891,formation_3_midlow_light_calibration.csv
formation_3_midlow_light,31,15,6.283,formation_3_midlow_light_calibration.csv
formation_3_midlow_light,31,20,8.863,formation_3_midlow_light_calibration.csv
formation_3_midlow_light,31,25,11.509,formation_3_midlow_light_calibration.csv
formation_3_midlow_light,31,30,14.149,formation_3_midlow_light_calibration.csv
formation_3_midlow_light,31,35,23.218,formation_3_midlow_light_calibration.csv
formation_3_midlow_light,31,40,36.582,formation_3_midlow_light_calibration.csv
formation_3_midlow_light,31,45,50.023,formation_3_midlow_light_calibration.csv
formation_3_midlow_light,31,50,63.494,formation_3_midlow_light_calibration.csv
formation_3_midlow_light,31,55,77.177,formation_3_midlow_light_calibration.csv
formation_3_midlow_light,31,60,90.718,formation_3_midlow_light_calibration.csv
formation_3_midlow_light,31,65,107.09,formation_3_midlow_light_calibration.csv
formation_3_midlow_light,31,70,134.29,formation_3_midlow_light_calibration.csv
formation_3_midlow_light,31,75,161.38,formation_3_midlow_light_calibration.csv
formation_3_midlow_light,31,80,188.25,formation_3_midlow_light_calibration.csv
formation_3_midlow_light,31,85,215.65,formation_3_midlow_light_calibration.csv
formation_3_midlow_light,31,90,242.81,formation_3_midlow_light_calibration.csv
formation_3_midlow_light,31,95,269.66,formation_3_midlow_light_calibration.csv
formation_3_midlow_light,31,100,307.27,formation_3_midlow_light_calibration.csv
formation_3_midlow_light,32,10,3.92,formation_3_midlow_light_calibration.csv
formation_3_midlow_light,32,15,6.341,formation_3_midlow_light_calibration.csv
formation_3_midlow_light,32,20,8.925,formation_3_midlow_light_calibration.csv
formation_3_midlow_light,32,25,11.573,formation_3_midlow_light_calibration.csv
formation_3_midlow_light,32,30,14.224,formation_3_midlow_light_calibration.csv
formation_3_midlow_light,32,35,23.417,formation_3_midlow_light_calibration.csv
formation_3_midlow_light,32,40,36.859,formation_3_midlow_light_calibration.csv
formation_3_midlow_light,32,45,50.413,formation_3_midlow_light_calibration.csv
formation_3_midlow_light,32,50,64.101,formation_3_midlow_light_calibration.csv
formation_3_midlow_light,32,55,77.822,formation_3_midlow_light_calibration.csv
formation_3_midlow_light,32,60,91.521,formation_3_midlow_light_calibration.csv
formation_3_midlow_light,32,65,108.03,formation_3_midlow_light_calibration.csv
formation_3_midlow_light,32,70,135.59,formation_3_midlow_light_calibration.csv
formation_3_midlow_light,32,75,162.89,formation_3_midlow_light_calibration.csv
formation_3_midlow_light,32,80,190.2,formation_3_midlow_light_calibration.csv
formation_3_midlow_light,32,85,217.82,formation_3_midlow_light_calibration.csv
formation_3_midlow_light,32,90,245.21,formation_3_midlow_light_calibration.csv
formation_3_midlow_light,32,95,272.53,formation_3_midlow_light_calibration.csv
formation_3_midlow_light,32,100,310.51,formation_3_midlow_light_calibration.csv
formation_3_midlow_light,33,10,3.942,formation_3_midlow_light_calibration.csv
formation_3_midlow_light,33,15,6.362,formation_3_midlow_light_calibration.csv
formation_3_midlow_light,33,20,8.971,formation_3_midlow_light_calibration.csv
formation_3_midlow_light,33,25,11.624,formation_3_midlow_light_calibration.csv
formation_3_midlow_light,33,30,14.302,formation_3_midlow_light_calibration.csv
formation_3_midlow_light,33,35,23.513,formation_3_midlow_light_calibration.csv
formation_3_midlow_light,33,40,37.084,formation_3_midlow_light_calibration.csv
formation_3_midlow_light,33,45,50.749,formation_3_midlow_light_calibration.csv
formation_3_midlow_light,33,50,64.472,formation_3_midlow_light_calibration.csv
formation_3_midlow_light,33,55,78.335,formation_3_midlow_light_calibration.csv
formation_3_midlow_light,33,60,92.16,formation_3_midlow_light_calibration.csv
formation_3_midlow_light,33,65,108.76,formation_3_midlow_light_calibration.csv
formation_3_midlow_light,33,70,136.55,formation_3_midlow_light_calibration.csv
formation_3_midlow_light,33,75,164.24,formation_3_midlow_light_calibration.csv
formation_3_midlow_light,33,80,191.67,formation_3_midlow_light_calibration.csv
formation_3_midlow_light,33,85,219.58,formation_3_midlow_light_calibration.csv
formation_3_midlow_light,33,90,247.36,formation_3_midlow_light_calibration.csv
formation_3_midlow_light,33,95,274.9,formation_3_midlow_light_calibration.csv
formation_3_midlow_light,33,100,313.24,formation_3_midlow_light_calibration.csv
formation_3_midlow_light,34,10,3.963,formation_3_midlow_light_calibration.csv
formation_3_midlow_light,34,15,6.393,formation_3_midlow_light_calibration.csv
formation_3_midlow_light,34,20,9.012,formation_3_midlow_light_calibration.csv
formation_3_midlow_light,34,25,11.687,formation_3_midlow_light_calibration.csv
formation_3_midlow_light,34,30,14.376,formation_3_midlow_light_calibration.csv
formation_3_midlow_light,34,35,23.663,formation_3_midlow_light_calibration.csv
formation_3_midlow_light,34,40,37.371,formation_3_midlow_light_calibration.csv
formation_3_midlow_light,34,45,51.127,formation_3_midlow_light_calibration.csv
formation_3_midlow_light,34,50,64.955,formation_3_midlow_light_calibration.csv
formation_3_midlow_light,34,55,78.98,formation_3_midlow_light_calibration.csv
formation_3_midlow_light,34,60,92.861,formation_3_midlow_light_calibration.csv
formation_3_midlow_light,34,65,109.58,formation_3_midlow_light_calibration.csv
formation_3_midlow_light,34,70,137.66,formation_3_midlow_light_calibration.csv
formation_3_midlow_light,34,75,165.65,formation_3_midlow_light_calibration.csv
formation_3_midlow_light,34,80,193.37,formation_3_midlow_light_calibration.csv
formation_3_midlow_light,34,85,221.67,formation_3_midlow_light_calibration.csv
formation_3_midlow_light,34,90,249.7,formation_3_midlow_light_calibration.csv
formation_3_midlow_light,34,95,277.47,formation_3_midlow_light_calibration.csv
formation_3_midlow_light,34,100,316.31,formation_3_midlow_light_calibration.csv
formation_3_midlow_light,35,10,3.987,formation_3_midlow_light_calibration.csv
formation_3_midlow_light,35,15,6.426,formation_3_midlow_light_calibration.csv
formation_3_midlow_light,35,20,9.067,formation_3_midlow_light_calibration.csv
formation_3_midlow_light,35,25,11.758,formation_3_midlow_light_calibration.csv
formation_3_midlow_light,35,30,14.448,formation_3_midlow_light_calibration.csv
formation_3_midlow_light,35,35,23.821,formation_3_midlow_light_calibration.csv
formation_3_midlow_light,35,40,37.618,formation_3_midlow_light_calibration.csv
formation_3_midlow_light,35,45,51.492,formation_3_midlow_light_calibration.csv
formation_3_midlow_light,35,50,65.48,formation_3_midlow_light_calibration.csv
formation_3_midlow_light,35,55,79.566,formation_3_midlow_light_calibration.csv
formation_3_midlow_light,35,60,93.595,formation_3_midlow_light_calibration.csv
formation_3_midlow_light,35,65,110.5,formation_3_midlow_light_calibration.csv
formation_3_midlow_light,35,70,138.83,formation_3_midlow_light_calibration.csv
formation_3_midlow_light,35,75,167.11,formation_3_midlow_light_calibration.csv
formation_3_midlow_light,35,80,195.16,formation_3_midlow_light_calibration.csv
formation_3_midlow_light,35,85,223.63,formation_3_midlow_light_calibration.csv
formation_3_midlow_light,35,90,251.99,formation_3_midlow_light_calibration.csv
formation_3_midlow_light,35,95,280.01,formation_3_midlow_light_calibration.csv
formation_3_midlow_light,35,100,319.32,formation_3_midlow_light_calibration.csv
formation_3_midlow_light,36,10,4.007,formation_3_midlow_light_calibration.csv
formation_3_midlow_light,36,15,6.468,formation_3_midlow_light_calibration.csv
formation_3_midlow_light,36,20,9.114,formation_3_midlow_light_calibration.csv
formation_3_midlow_light,36,25,11.806,formation_3_midlow_light_calibration.csv
formation_3_midlow_light,36,30,14.527,formation_3_midlow_light_calibration.csv
formation_3_midlow_light,36,35,23.949,formation_3_midlow_light_calibration.csv
formation_3_midlow_light,36,40,37.855,formation_3_midlow_light_calibration.csv
formation_3_midlow_light,36,45,51.873,formation_3_midlow_light_calibration.csv
formation_3_midlow_light,36,50,65.937,formation_3_midlow_light_calibration.csv
formation_3_midlow_light,36,55,80.113,formation_3_midlow_light_calibration.csv
formation_3_midlow_light,36,60,94.236,formation_3_midlow_light_calibration.csv
formation_3_midlow_light,36,65,111.26,formation_3_midlow_light_calibration.csv
formation_3_midlow_light,36,70,139.89,formation_3_midlow_light_calibration.csv
formation_3_midlow_light,36,75,168.44,formation_3_midlow_light_calibration.csv
formation_3_midlow_light,36,80,196.75,formation_3_midlow_light_calibration.csv
formation_3_midlow_light,36,85,225.48,formation_3_midlow_light_calibration.csv
formation_3_midlow_light,36,90,254.07,formation_3_midlow_light_calibration.csv
formation_3_midlow_light,36,95,282.38,formation_3_midlow_light_calibration.csv
formation_3_midlow_light,36,100,322.14,formation_3_midlow_light_calibration.csv
formation_3_midlow_light,37,10,4.028,formation_3_midlow_light_calibration.csv
formation_3_midlow_light,37,15,6.493,formation_3_midlow_light_calibration.csv
formation_3_midlow_light,37,20,9.157,formation_3_midlow_light_calibration.csv
formation_3_midlow_light,37,25,11.865,formation_3_midlow_light_calibration.csv
formation_3_midlow_light,37,30,14.59,formation_3_midlow_light_calibration.csv
formation_3_midlow_light,37,35,24.085,formation_3_midlow_light_calibration.csv
formation_3_midlow_light,37,40,38.099,formation_3_midlow_light_calibration.csv
formation_3_midlow_light,37,45,52.188,formation_3_midlow_light_calibration.csv
formation_3_midlow_light,37,50,66.349,formation_3_midlow_light_calibration.csv
formation_3_midlow_light,37,55,80.687,formation_3_midlow_light_calibration.csv
formation_3_midlow_light,37,60,94.902,formation_3_midlow_light_calibration.csv
formation_3_midlow_light,37,65,112.08,formation_3_midlow_light_calibration.csv
formation_3_midlow_light,37,70,141.04,formation_3_midlow_light_calibration.csv
formation_3_midlow_light,37,75,169.81,formation_3_midlow_light_calibration.csv
formation_3_midlow_light,37,80,198.34,formation_3_midlow_light_calibration.csv
formation_3_midlow_light,37,85,227.41,formation_3_midlow_light_calibration.csv
formation_3_midlow_light,37,90,256.21,formation_3_midlow_light_calibration.csv
formation_3_midlow_light,37,95,284.78,formation_3_midlow_light_calibration.csv
formation_3_midlow_light,37,100,324.96,formation_3_midlow_light_calibration.csv
formation_3_midlow_light,38,10,4.047,formation_3_midlow_light_calibration.csv
formation_3_midlow_light,38,15,6.521,formation_3_midlow_light_calibration.csv
formation_3_midlow_light,38,20,9.192,formation_3_midlow_light_calibration.csv
formation_3_midlow_light,38,25,11.918,formation_3_midlow_light_calibration.csv
formation_3_midlow_light,38,30,14.644,formation_3_midlow_light_calibration.csv
formation_3_midlow_light,38,35,24.213,formation_3_midlow_light_calibration.csv
formation_3_midlow_light,38,40,38.314,formation_3_midlow_light_calibration.csv
formation_3_midlow_light,38,45,52.476,formation_3_midlow_light_calibration.csv
formation_3_midlow_light,38,50,66.734,formation_3_midlow_light_calibration.csv
formation_3_midlow_light,38,55,81.138,formation_3_midlow_light_calibration.csv
formation_3_midlow_light,38,60,95.47,formation_3_midlow_light_calibration.csv
formation_3_midlow_light,38,65,112.72,formation_3_midlow_light_calibration.csv
formation_3_midlow_light,38,70,141.87,formation_3_midlow_light_calibration.csv
formation_3_midlow_light,38,75,170.87,formation_3_midlow_light_calibration.csv
formation_3_midlow_light,38,80,199.67,formation_3_midlow_light_calibration.csv
formation_3_midlow_light,38,85,229.03,formation_3_midlow_light_calibration.csv
formation_3_midlow_light,38,90,257.67,formation_3_midlow_light_calibration.csv
formation_3_midlow_light,38,95,286.72,formation_3_midlow_light_calibration.csv
formation_3_midlow_light,38,100,327.3,formation_3_midlow_light_calibration.csv
formation_3_midlow_light,39,10,4.066,formation_3_midlow_light_calibration.csv
formation_3_midlow_light,39,15,6.554,formation_3_midlow_light_calibration.csv
formation_3_midlow_light,39,20,9.233,formation_3_midlow_light_calibration.csv
formation_3_midlow_light,39,25,11.968,formation_3_midlow_light_calibration.csv
formation_3_midlow_light,39,30,14.709,formation_3_midlow_light_calibration.csv
formation_3_midlow_light,39,35,24.332,formation_3_midlow_light_calibration.csv
formation_3_midlow_light,39,40,38.506,formation_3_midlow_light_calibration.csv
formation_3_midlow_light,39,45,52.785,formation_3_midlow_light_calibration.csv
formation_3_midlow_light,39,50,67.136,formation_3_midlow_light_calibration.csv
formation_3_midlow_light,39,55,81.626,formation_3_midlow_light_calibration.csv
formation_3_midlow_light,39,60,96.037,formation_3_midlow_light_calibration.csv
formation_3_midlow_light,39,65,113.49,formation_3_midlow_light_calibration.csv
formation_3_midlow_light,39,70,142.85,formation_3_midlow_light_calibration.csv
formation_3_midlow_light,39,75,171.95,formation_3_midlow_light_calibration.csv
formation_3_midlow_light,39,80,201.14,formation_3_midlow_light_calibration.csv
formation_3_midlow_light,39,85,230.62,formation_3_midlow_light_calibration.csv
formation_3_midlow_light,39,90,259.79,formation_3_midlow_light_calibration.csv
formation_3_midlow_light,39,95,289.05,formation_3_midlow_light_calibration.csv
formation_3_midlow_light,39,100,329.92,formation_3_midlow_light_calibration.csv
formation_3_midlow_light,40,10,4.09,formation_3_midlow_light_calibration.csv
formation_3_midlow_light,40,15,6.586,formation_3_midlow_light_calibration.csv
formation_3_midlow_light,40,20,9.273,formation_3_midlow_light_calibration.csv
formation_3_midlow_light,40,25,12.024,formation_3_midlow_light_calibration.csv
formation_3_midlow_light,40,30,14.78,formation_3_midlow_light_calibration.csv
formation_3_midlow_light,40,35,24.449,formation_3_midlow_light_calibration.csv
formation_3_midlow_light,40,40,38.755,formation_3_midlow_light_calibration.csv
formation_3_midlow_light,40,45,53.135,formation_3_midlow_light_calibration.csv
formation_3_midlow_light,40,50,67.558,formation_3_midlow_light_calibration.csv
formation_3_midlow_light,40,55,82.195,formation_3_midlow_light_calibration.csv
formation_3_midlow_light,40,60,96.697,formation_3_midlow_light_calibration.csv
formation_3_midlow_light,40,65,114.25,formation_3_midlow_light_calibration.csv
formation_3_midlow_light,40,70,143.91,formation_3_midlow_light_calibration.csv
formation_3_midlow_light,40,75,173.22,formation_3_midlow_light_calibration.csv
formation_3_midlow_light,40,80,202.67,formation_3_midlow_light_calibration.csv
formation_3_midlow_light,40,85,232.49,formation_3_midlow_light_calibration.csv
formation_3_midlow_light,40,90,261.94,formation_3_midlow_light_calibration.csv
formation_3_midlow_light,40,95,291.37,formation_3_midlow_light_calibration.csv
formation_3_midlow_light,40,100,332.89,formation_3_midlow_light_calibration.csv
formation_3_midlow_light,41,10,4.109,formation_3_midlow_light_calibration.csv
formation_3_midlow_light,41,15,6.645,formation_3_midlow_light_calibration.csv
formation_3_midlow_light,41,20,9.322,formation_3_midlow_light_calibration.csv
formation_3_midlow_light,41,25,12.071,formation_3_midlow_light_calibration.csv
formation_3_midlow_light,41,30,14.843,formation_3_midlow_light_calibration.csv
formation_3_midlow_light,41,35,24.594,formation_3_midlow_light_calibration.csv
formation_3_midlow_light,41,40,38.993,formation_3_midlow_light_calibration.csv
formation_3_midlow_light,41,45,53.42,formation_3_midlow_light_calibration.csv
formation_3_midlow_light,41,50,67.986,formation_3_midlow_light_calibration.csv
formation_3_midlow_light,41,55,82.746,formation_3_midlow_light_calibration.csv
formation_3_midlow_light,41,60,97.291,formation_3_midlow_light_calibration.csv
formation_3_midlow_light,41,65,115.01,formation_3_midlow_light_calibration.csv
formation_3_midlow_light,41,70,144.91,formation_3_midlow_light_calibration.csv
formation_3_midlow_light,41,75,174.39,formation_3_midlow_light_calibration.csv
formation_3_midlow_light,41,80,204.16,formation_3_midlow_light_calibration.csv
formation_3_midlow_light,41,85,234.14,formation_3_midlow_light_calibration.csv
formation_3_midlow_light,41,90,263.73,formation_3_midlow_light_calibration.csv
formation_3_midlow_light,41,95,293.59,formation_3_midlow_light_calibration.csv
formation_3_midlow_light,41,100,335.12,formation_3_midlow_light_calibration.csv
formation_3_midlow_light,42,10,4.13,formation_3_midlow_light_calibration.csv
formation_3_midlow_light,42,15,6.646,formation_3_midlow_light_calibration.csv
formation_3_midlow_light,42,20,9.356,formation_3_midlow_light_calibration.csv
formation_3_midlow_light,42,25,12.12,formation_3_midlow_light_calibration.csv
formation_3_midlow_light,42,30,14.902,formation_3_midlow_light_calibration.csv
formation_3_midlow_light,42,35,24.698,formation_3_midlow_light_calibration.csv
formation_3_midlow_light,42,40,39.173,formation_3_midlow_light_calibration.csv
formation_3_midlow_light,42,45,53.746,formation_3_midlow_light_calibration.csv
formation_3_midlow_light,42,50,68.357,formation_3_midlow_light_calibration.csv
formation_3_midlow_light,42,55,83.164,formation_3_midlow_light_calibration.csv
formation_3_midlow_light,42,60,97.861,formation_3_midlow_light_calibration.csv
formation_3_midlow_light,42,65,115.63,formation_3_midlow_light_calibration.csv
formation_3_midlow_light,42,70,145.73,formation_3_midlow_light_calibration.csv
formation_3_midlow_light,42,75,175.56,formation_3_midlow_light_calibration.csv
formation_3_midlow_light,42,80,205.5,formation_3_midlow_light_calibration.csv
formation_3_midlow_light,42,85,235.85,formation_3_midlow_light_calibration.csv
formation_3_midlow_light,42,90,265.57,formation_3_midlow_light_calibration.csv
formation_3_midlow_light,42,95,295.62,formation_3_midlow_light_calibration.csv
formation_3_midlow_light,42,100,337.67,formation_3_midlow_light_calibration.csv
formation_3_midlow_light,43,10,4.147,formation_3_midlow_light_calibration.csv
formation_3_midlow_light,43,15,6.67,formation_3_midlow_light_calibration.csv
formation_3_midlow_light,43,20,9.387,formation_3_midlow_light_calibration.csv
formation_3_midlow_light,43,25,12.164,formation_3_midlow_light_calibration.csv
formation_3_midlow_light,43,30,14.95,formation_3_midlow_light_calibration.csv
formation_3_midlow_light,43,35,24.796,formation_3_midlow_light_calibration.csv
formation_3_midlow_light,43,40,39.366,formation_3_midlow_light_calibration.csv
formation_3_midlow_light,43,45,53.985,formation_3_midlow_light_calibration.csv
formation_3_midlow_light,43,50,68.693,formation_3_midlow_light_calibration.csv
formation_3_midlow_light,43,55,83.578,formation_3_midlow_light_calibration.csv
formation_3_midlow_light,43,60,98.337,formation_3_midlow_light_calibration.csv
formation_3_midlow_light,43,65,116.19,formation_3_midlow_light_calibration.csv
formation_3_midlow_light,43,70,146.57,formation_3_midlow_light_calibration.csv
formation_3_midlow_light,43,75,176.53,formation_3_midlow_light_calibration.csv
formation_3_midlow_light,43,80,206.65,formation_3_midlow_light_calibration.csv
formation_3_midlow_light,43,85,237.11,formation_3_midlow_light_calibration.csv
formation_3_midlow_light,43,90,267.09,formation_3_midlow_light_calibration.csv
formation_3_midlow_light,43,95,297.24,formation_3_midlow_light_calibration.csv
formation_3_midlow_light,43,100,339.63,formation_3_midlow_light_calibration.csv
formation_3_midlow_light,44,10,4.163,formation_3_midlow_light_calibration.csv
formation_3_midlow_light,44,15,6.695,formation_3_midlow_light_calibration.csv
formation_3_midlow_light,44,20,9.424,formation_3_midlow_light_calibration.csv
formation_3_midlow_light,44,25,12.212,formation_3_midlow_light_calibration.csv
formation_3_midlow_light,44,30,14.996,formation_3_midlow_light_calibration.csv
formation_3_midlow_light,44,35,24.907,formation_3_midlow_light_calibration.csv
formation_3_midlow_light,44,40,39.542,formation_3_midlow_light_calibration.csv
formation_3_midlow_light,44,45,54.259,formation_3_midlow_light_calibration.csv
formation_3_midlow_light,44,50,69.056,formation_3_midlow_light_calibration.csv
formation_3_midlow_light,44,55,83.992,formation_3_midlow_light_calibration.csv
formation_3_midlow_light,44,60,98.835,formation_3_midlow_light_calibration.csv
formation_3_midlow_light,44,65,116.83,formation_3_midlow_light_calibration.csv
formation_3_midlow_light,44,70,147.37,formation_3_midlow_light_calibration.csv
formation_3_midlow_light,44,75,177.57,formation_3_midlow_light_calibration.csv
formation_3_midlow_light,44,80,208.02,formation_3_midlow_light_calibration.csv
formation_3_midlow_light,44,85,238.63,formation_3_midlow_light_calibration.csv
formation_3_midlow_light,44,90,268.73,formation_3_midlow_light_calibration.csv
formation_3_midlow_light,44,95,299.23,formation_3_midlow_light_calibration.csv
formation_3_midlow_light,44,100,341.89,formation_3_midlow_light_calibration.csv
formation_3_midlow_light,45,10,4.18,formation_3_midlow_light_calibration.csv
formation_3_midlow_light,45,15,6.72,formation_3_midlow_light_calibration.csv
formation_3_midlow_light,45,20,9.46,formation_3_midlow_light_calibration.csv
formation_3_midlow_light,45,25,12.241,formation_3_midlow_light_calibration.csv
formation_3_midlow_light,45,30,15.056,formation_3_midlow_light_calibration.csv
formation_3_midlow_light,45,35,25.003,formation_3_midlow_light_calibration.csv
formation_3_midlow_light,45,40,39.719,formation_3_midlow_light_calibration.csv
formation_3_midlow_light,45,45,54.547,formation_3_midlow_light_calibration.csv
formation_3_midlow_light,45,50,69.416,formation_3_midlow_light_calibration.csv
formation_3_midlow_light,45,55,84.419,formation_3_midlow_light_calibration.csv
formation_3_midlow_light,45,60,99.353,formation_3_midlow_light_calibration.csv
formation_3_midlow_light,45,65,117.47,formation_3_midlow_light_calibration.csv
formation_3_midlow_light,45,70,148.24,formation_3_midlow_light_calibration.csv
formation_3_midlow_light,45,75,178.62,formation_3_midlow_light_calibration.csv
formation_3_midlow_light,45,80,209.18,formation_3_midlow_light_calibration.csv
formation_3_midlow_light,45,85,240.11,formation_3_midlow_light_calibration.csv
formation_3_midlow_light,45,90,270.54,formation_3_midlow_light_calibration.csv
formation_3_midlow_light,45,95,301.4,formation_3_midlow_light_calibration.csv
formation_3_midlow_light,45,100,343.71,formation_3_midlow_light_calibration.csv
formation_3_midlow_light,46,10,4.195,formation_3_midlow_light_calibration.csv
formation_3_midlow_light,46,15,6.777,formation_3_midlow_light_calibration.csv
formation_3_midlow_light,46,20,9.49,formation_3_midlow_light_calibration.csv
formation_3_midlow_light,46,25,12.296,formation_3_midlow_light_calibration.csv
formation_3_midlow_light,46,30,15.108,formation_3_midlow_light_calibration.csv
formation_3_midlow_light,46,35,25.116,formation_3_midlow_light_calibration.csv
formation_3_midlow_light,46,40,39.922,formation_3_midlow_light_calibration.csv
formation_3_midlow_light,46,45,54.793,formation_3_midlow_light_calibration.csv
formation_3_midlow_light,46,50,69.732,formation_3_midlow_light_calibration.csv
formation_3_midlow_light,46,55,84.888,formation_3_midlow_light_calibration.csv
formation_3_midlow_light,46,60,99.896,formation_3_midlow_light_calibration.csv
formation_3_midlow_light,46,65,118.06,formation_3_midlow_light_calibration.csv
formation_3_midlow_light,46,70,149.07,formation_3_midlow_light_calibration.csv
formation_3_midlow_light,46,75,179.75,formation_3_midlow_light_calibration.csv
formation_3_midlow_light,46,80,210.4,formation_3_midlow_light_calibration.csv
formation_3_midlow_light,46,85,241.58,formation_3_midlow_light_calibration.csv
formation_3_midlow_light,46,90,272.16,formation_3_midlow_light_calibration.csv
formation_3_midlow_light,46,95,303.15,formation_3_midlow_light_calibration.csv
formation_3_midlow_light,46,100,346.03,formation_3_midlow_light_calibration.csv
formation_3_midlow_light,47,10,4.209,formation_3_midlow_light_calibration.csv
formation_3_midlow_light,47,15,6.763,formation_3_midlow_light_calibration.csv
formation_3_midlow_light,47,20,9.5227,formation_3_midlow_light_calibration.csv
formation_3_midlow_light,47,25,12.327,formation_3_midlow_light_calibration.csv
formation_3_midlow_light,47,30,15.138,formation_3_midlow_light_calibration.csv
formation_3_midlow_light,47,35,25.212,formation_3_midlow_light_calibration.csv
formation_3_midlow_light,47,40,40.085,formation_3_midlow_light_calibration.csv
formation_3_midlow_light,47,45,55.019,formation_3_midlow_light_calibration.csv
formation_3_midlow_light,47,50,70.076,formation_3_midlow_light_calibration.csv
formation_3_midlow_light,47,55,85.283,formation_3_midlow_light_calibration.csv
formation_3_midlow_light,47,60,100.34,formation_3_midlow_light_calibration.csv
formation_3_midlow_light,47,65,118.66,formation_3_midlow_light_calibration.csv
formation_3_midlow_light,47,70,149.83,formation_3_midlow_light_calibration.csv
formation_3_midlow_light,47,75,180.71,formation_3_midlow_light_calibration.csv
formation_3_midlow_light,47,80,211.77,formation_3_midlow_light_calibration.csv
formation_3_midlow_light,47,85,243.08,formation_3_midlow_light_calibration.csv
formation_3_midlow_light,47,90,273.81,formation_3_midlow_light_calibration.csv
formation_3_midlow_light,47,95,305.18,formation_3_midlow_light_calibration.csv
formation_3_midlow_light,47,100,348.34,formation_3_midlow_light_calibration.csv
formation_3_midlow_light,48,10,4.221,formation_3_midlow_light_calibration.csv
formation_3_midlow_light,48,15,6.791,formation_3_midlow_light_calibration.csv
formation_3_midlow_light,48,20,9.5581,formation_3_midlow_light_calibration.csv
formation_3_midlow_light,48,25,12.364,formation_3_midlow_light_calibration.csv
formation_3_midlow_light,48,30,15.205,formation_3_midlow_light_calibration.csv
formation_3_midlow_light,48,35,25.302,formation_3_midlow_light_calibration.csv
formation_3_midlow_light,48,40,40.243,formation_3_midlow_light_calibration.csv
formation_3_midlow_light,48,45,55.296,formation_3_midlow_light_calibration.csv
formation_3_midlow_light,48,50,70.396,formation_3_midlow_light_calibration.csv
formation_3_midlow_light,48,55,85.646,formation_3_midlow_light_calibration.csv
formation_3_midlow_light,48,60,100.84,formation_3_midlow_light_calibration.csv
formation_3_midlow_light,48,65,119.24,formation_3_midlow_light_calibration.csv
formation_3_midlow_light,48,70,150.56,formation_3_midlow_light_calibration.csv
formation_3_midlow_light,48,75,181.66,formation_3_midlow_light_calibration.csv
formation_3_midlow_light,48,80,212.79,formation_3_midlow_light_calibration.csv
formation_3_midlow_light,48,85,244.3,formation_3_midlow_light_calibration.csv
formation_3_midlow_light,48,90,275.25,formation_3_midlow_light_calibration.csv
formation_3_midlow_light,48,95,306.78,formation_3_midlow_light_calibration.csv
formation_3_midlow_light,48,100,350.1,formation_3_midlow_light_calibration.csv
formation_3_midlow_light,49,10,4.244,formation_3_midlow_light_calibration.csv
formation_3_midlow_light,49,15,6.817,formation_3_midlow_light_calibration.csv
formation_3_midlow_light,49,20,9.5864,formation_3_midlow_light_calibration.csv
formation_3_midlow_light,49,25,12.416,formation_3_midlow_light_calibration.csv
formation_3_midlow_light,49,30,15.257,formation_3_midlow_light_calibration.csv
formation_3_midlow_light,49,35,25.41,formation_3_midlow_light_calibration.csv
formation_3_midlow_light,49,40,40.441,formation_3_midlow_light_calibration.csv
formation_3_midlow_light,49,45,55.567,formation_3_midlow_light_calibration.csv
formation_3_midlow_light,49,50,70.709,formation_3_midlow_light_calibration.csv
formation_3_midlow_light,49,55,86.005,formation_3_midlow_light_calibration.csv
formation_3_midlow_light,49,60,101.32,formation_3_midlow_light_calibration.csv
formation_3_midlow_light,49,65,119.8,formation_3_midlow_light_calibration.csv
formation_3_midlow_light,49,70,151.34,formation_3_midlow_light_calibration.csv
formation_3_midlow_light,49,75,182.53,formation_3_midlow_light_calibration.csv
formation_3_midlow_light,49,80,213.89,formation_3_midlow_light_calibration.csv
formation_3_midlow_light,49,85,245.67,formation_3_midlow_light_calibration.csv
formation_3_midlow_light,49,90,276.83,formation_3_midlow_light_calibration.csv
formation_3_midlow_light,49,95,308.6,formation_3_midlow_light_calibration.csv
formation_3_midlow_light,49,100,352.21,formation_3_midlow_light_calibration.csv
formation_3_midlow_light,50,10,4.278,formation_3_midlow_light_calibration.csv
formation_3_midlow_light,50,15,6.853,formation_3_midlow_light_calibration.csv
formation_3_midlow_light,50,20,9.664,formation_3_midlow_light_calibration.csv
formation_3_midlow_light,50,25,12.529,formation_3_midlow_light_calibration.csv
formation_3_midlow_light,50,30,15.371,formation_3_midlow_light_calibration.csv
formation_3_midlow_light,50,35,25.655,formation_3_midlow_light_calibration.csv
formation_3_midlow_light,50,40,40.833,formation_3_midlow_light_calibration.csv
formation_3_midlow_light,50,45,56.105,formation_3_midlow_light_calibration.csv
formation_3_midlow_light,50,50,71.503,formation_3_midlow_light_calibration.csv
formation_3_midlow_light,50,55,86.943,formation_3_midlow_light_calibration.csv
formation_3_midlow_light,50,60,102.41,formation_3_midlow_light_calibration.csv
formation_3_midlow_light,50,65,121.2,formation_3_midlow_light_calibration.csv
formation_3_midlow_light,50,70,153.14,formation_3_midlow_light_calibration.csv
formation_3_midlow_light,50,75,184.7,formation_3_midlow_light_calibration.csv
formation_3_midlow_light,50,80,216.73,formation_3_midlow_light_calibration.csv
formation_3_midlow_light,50,85,248.52,formation_3_midlow_light_calibration.csv
formation_3_midlow_light,50,90,280.03,formation_3_midlow_light_calibration.csv
formation_3_midlow_light,50,95,312.25,formation_3_midlow_light_calibration.csv
formation_3_midlow_light,50,100,356.47,formation_3_midlow_light_calibration.csv
formation_4_mid_light,4,10,3.159,formation_4_mid_light_calibration.csv
formation_4_mid_light,4,15,5.185,formation_4_mid_light_calibration.csv
formation_4_mid_light,4,20,7.491,formation_4_mid_light_calibration.csv
formation_4_mid_light,4,25,9.9104,formation_4_mid_light_calibration.csv
formation_4_mid_light,4,30,12.289,formation_4_mid_light_calibration.csv
formation_4_mid_light,4,35,18.186,formation_4_mid_light_calibration.csv
formation_4_mid_light,4,40,26.329,formation_4_mid_light_calibration.csv
formation_4_mid_light,4,45,34.565,formation_4_mid_light_calibration.csv
formation_4_mid_light,4,50,42.911,formation_4_mid_light_calibration.csv
formation_4_mid_light,4,55,51.569,formation_4_mid_light_calibration.csv
formation_4_mid_light,4,60,60.07,formation_4_mid_light_calibration.csv
formation_4_mid_light,4,65,69.255,formation_4_mid_light_calibration.csv
formation_4_mid_light,4,70,81.177,formation_4_mid_light_calibration.csv
formation_4_mid_light,4,75,92.947,formation_4_mid_light_calibration.csv
formation_4_mid_light,4,80,104.8,formation_4_mid_light_calibration.csv
formation_4_mid_light,4,85,116.74,formation_4_mid_light_calibration.csv
formation_4_mid_light,4,90,128.65,formation_4_mid_light_calibration.csv
formation_4_mid_light,4,95,140.72,formation_4_mid_light_calibration.csv
formation_4_mid_light,4,100,153.07,formation_4_mid_light_calibration.csv
formation_4_mid_light,5,10,3.484,formation_4_mid_light_calibration.csv
formation_4_mid_light,5,15,5.797,formation_4_mid_light_calibration.csv
formation_4_mid_light,5,20,8.351,formation_4_mid_light_calibration.csv
formation_4_mid_light,5,25,10.971,formation_4_mid_light_calibration.csv
formation_4_mid_light,5,30,13.638,formation_4_mid_light_calibration.csv
formation_4_mid_light,5,35,20.51,formation_4_mid_light_calibration.csv
formation_4_mid_light,5,40,30.144,formation_4_mid_light_calibration.csv
formation_4_mid_light,5,45,39.861,formation_4_mid_light_calibration.csv
formation_4_mid_light,5,50,49.784,formation_4_mid_light_calibration.csv
formation_4_mid_light,5,55,59.829,formation_4_mid_light_calibration.csv
formation_4_mid_light,5,60,69.892,formation_4_mid_light_calibration.csv
formation_4_mid_light,5,65,80.923,formation_4_mid_light_calibration.csv
formation_4_mid_light,5,70,95.787,formation_4_mid_light_calibration.csv
formation_4_mid_light,5,75,110.78,formation_4_mid_light_calibration.csv
formation_4_mid_light,5,80,125.79,formation_4_mid_light_calibration.csv
formation_4_mid_light,5,85,140.96,formation_4_mid_light_calibration.csv
formation_4_mid_light,5,90,155.98,formation_4_mid_light_calibration.csv
formation_4_mid_light,5,95,171.06,formation_4_mid_light_calibration.csv
formation_4_mid_light,5,100,186.93,formation_4_mid_light_calibration.csv
formation_4_mid_light,6,10,3.821,formation_4_mid_light_calibration.csv
formation_4_mid_light,6,15,6.327,formation_4_mid_light_calibration.csv
formation_4_mid_light,6,20,9.088,formation_4_mid_light_calibration.csv
formation_4_mid_light,6,25,11.922,formation_4_mid_light_calibration.csv
formation_4_mid_light,6,30,14.81,formation_4_mid_light_calibration.csv
formation_4_mid_light,6,35,22.523,formation_4_mid_light_calibration.csv
formation_4_mid_light,6,40,33.451,formation_4_mid_light_calibration.csv
formation_4_mid_light,6,45,44.534,formation_4_mid_light_calibration.csv
formation_4_mid_light,6,50,55.695,formation_4_mid_light_calibration.csv
formation_4_mid_light,6,55,67.048,formation_4_mid_light_calibration.csv
formation_4_mid_light,6,60,78.443,formation_4_mid_light_calibration.csv
formation_4_mid_light,6,65,90.968,formation_4_mid_light_calibration.csv
formation_4_mid_light,6,70,108.74,formation_4_mid_light_calibration.csv
formation_4_mid_light,6,75,126.58,formation_4_mid_light_calibration.csv
formation_4_mid_light,6,80,144.51,formation_4_mid_light_calibration.csv
formation_4_mid_light,6,85,162.35,formation_4_mid_light_calibration.csv
formation_4_mid_light,6,90,180.05,formation_4_mid_light_calibration.csv
formation_4_mid_light,6,95,197.87,formation_4_mid_light_calibration.csv
formation_4_mid_light,6,100,217.85,formation_4_mid_light_calibration.csv
formation_4_mid_light,7,10,4.121,formation_4_mid_light_calibration.csv
formation_4_mid_light,7,15,6.803,formation_4_mid_light_calibration.csv
formation_4_mid_light,7,20,9.748,formation_4_mid_light_calibration.csv
formation_4_mid_light,7,25,12.774,formation_4_mid_light_calibration.csv
formation_4_mid_light,7,30,15.833,formation_4_mid_light_calibration.csv
formation_4_mid_light,7,35,24.319,formation_4_mid_light_calibration.csv
formation_4_mid_light,7,40,36.424,formation_4_mid_light_calibration.csv
formation_4_mid_light,7,45,48.629,formation_4_mid_light_calibration.csv
formation_4_mid_light,7,50,60.975,formation_4_mid_light_calibration.csv
formation_4_mid_light,7,55,73.535,formation_4_mid_light_calibration.csv
formation_4_mid_light,7,60,85.998,formation_4_mid_light_calibration.csv
formation_4_mid_light,7,65,100.01,formation_4_mid_light_calibration.csv
formation_4_mid_light,7,70,120.41,formation_4_mid_light_calibration.csv
formation_4_mid_light,7,75,140.88,formation_4_mid_light_calibration.csv
formation_4_mid_light,7,80,161.21,formation_4_mid_light_calibration.csv
formation_4_mid_light,7,85,181.48,formation_4_mid_light_calibration.csv
formation_4_mid_light,7,90,201.9,formation_4_mid_light_calibration.csv
formation_4_mid_light,7,95,222.53,formation_4_mid_light_calibration.csv
formation_4_mid_light,7,100,245.85,formation_4_mid_light_calibration.csv
formation_4_mid_light,8,10,4.397,formation_4_mid_light_calibration.csv
formation_4_mid_light,8,15,7.243,formation_4_mid_light_calibration.csv
formation_4_mid_light,8,20,10.36,formation_4_mid_light_calibration.csv
formation_4_mid_light,8,25,13.552,formation_4_mid_light_calibration.csv
formation_4_mid_light,8,30,16.762,formation_4_mid_light_calibration.csv
formation_4_mid_light,8,35,25.988,formation_4_mid_light_calibration.csv
formation_4_mid_light,8,40,39.182,formation_4_mid_light_calibration.csv
formation_4_mid_light,8,45,52.48,formation_4_mid_light_calibration.csv
formation_4_mid_light,8,50,65.925,formation_4_mid_light_calibration.csv
formation_4_mid_light,8,55,79.56,formation_4_mid_light_calibration.csv
formation_4_mid_light,8,60,93.08,formation_4_mid_light_calibration.csv
formation_4_mid_light,8,65,108.54,formation_4_mid_light_calibration.csv
formation_4_mid_light,8,70,131.46,formation_4_mid_light_calibration.csv
formation_4_mid_light,8,75,154.19,formation_4_mid_light_calibration.csv
formation_4_mid_light,8,80,176.88,formation_4_mid_light_calibration.csv
formation_4_mid_light,8,85,199.74,formation_4_mid_light_calibration.csv
formation_4_mid_light,8,90,222.8,formation_4_mid_light_calibration.csv
formation_4_mid_light,8,95,245.69,formation_4_mid_light_calibration.csv
formation_4_mid_light,8,100,272.2,formation_4_mid_light_calibration.csv
formation_4_mid_light,9,10,4.641,formation_4_mid_light_calibration.csv
formation_4_mid_light,9,15,7.619,formation_4_mid_light_calibration.csv
formation_4_mid_light,9,20,10.872,formation_4_mid_light_calibration.csv
formation_4_mid_light,9,25,14.215,formation_4_mid_light_calibration.csv
formation_4_mid_light,9,30,17.588,formation_4_mid_light_calibration.csv
formation_4_mid_light,9,35,27.412,formation_4_mid_light_calibration.csv
formation_4_mid_light,9,40,41.55,formation_4_mid_light_calibration.csv
formation_4_mid_light,9,45,55.847,formation_4_mid_light_calibration.csv
formation_4_mid_light,9,50,70.218,formation_4_mid_light_calibration.csv
formation_4_mid_light,9,55,84.837,formation_4_mid_light_calibration.csv
formation_4_mid_light,9,60,99.375,formation_4_mid_light_calibration.csv
formation_4_mid_light,9,65,115.98,formation_4_mid_light_calibration.csv
formation_4_mid_light,9,70,141.03,formation_4_mid_light_calibration.csv
formation_4_mid_light,9,75,166.07,formation_4_mid_light_calibration.csv
formation_4_mid_light,9,80,190.79,formation_4_mid_light_calibration.csv
formation_4_mid_light,9,85,215.96,formation_4_mid_light_calibration.csv
formation_4_mid_light,9,90,241.03,formation_4_mid_light_calibration.csv
formation_4_mid_light,9,95,265.78,formation_4_mid_light_calibration.csv
formation_4_mid_light,9,100,295.68,formation_4_mid_light_calibration.csv
formation_4_mid_light,10,10,4.868,formation_4_mid_light_calibration.csv
formation_4_mid_light,10,15,7.966,formation_4_mid_light_calibration.csv
formation_4_mid_light,10,20,11.345,formation_4_mid_light_calibration.csv
formation_4_mid_light,10,25,14.825,formation_4_mid_light_calibration.csv
formation_4_mid_light,10,30,18.326,formation_4_mid_light_calibration.csv
formation_4_mid_light,10,35,28.731,formation_4_mid_light_calibration.csv
formation_4_mid_light,10,40,43.83,formation_4_mid_light_calibration.csv
formation_4_mid_light,10,45,58.919,formation_4_mid_light_calibration.csv
formation_4_mid_light,10,50,74.195,formation_4_mid_light_calibration.csv
formation_4_mid_light,10,55,89.603,formation_4_mid_light_calibration.csv
formation_4_mid_light,10,60,105.11,formation_4_mid_light_calibration.csv
formation_4_mid_light,10,65,122.85,formation_4_mid_light_calibration.csv
formation_4_mid_light,10,70,149.94,formation_4_mid_light_calibration.csv
formation_4_mid_light,10,75,176.78,formation_4_mid_light_calibration.csv
formation_4_mid_light,10,80,203.73,formation_4_mid_light_calibration.csv
formation_4_mid_light,10,85,230.97,formation_4_mid_light_calibration.csv
formation_4_mid_light,10,90,257.75,formation_4_mid_light_calibration.csv
formation_4_mid_light,10,95,284.69,formation_4_mid_light_calibration.csv
formation_4_mid_light,10,100,318.0,formation_4_mid_light_calibration.csv
formation_4_mid_light,11,10,5.059,formation_4_mid_light_calibration.csv
formation_4_mid_light,11,15,8.279,formation_4_mid_light_calibration.csv
formation_4_mid_light,11,20,11.793,formation_4_mid_light_calibration.csv
formation_4_mid_light,11,25,15.365,formation_4_mid_light_calibration.csv
formation_4_mid_light,11,30,18.982,formation_4_mid_light_calibration.csv
formation_4_mid_light,11,35,29.962,formation_4_mid_light_calibration.csv
formation_4_mid_light,11,40,45.856,formation_4_mid_light_calibration.csv
formation_4_mid_light,11,45,61.774,formation_4_mid_light_calibration.csv
formation_4_mid_light,11,50,77.898,formation_4_mid_light_calibration.csv
formation_4_mid_light,11,55,94.132,formation_4_mid_light_calibration.csv
formation_4_mid_light,11,60,110.38,formation_4_mid_light_calibration.csv
formation_4_mid_light,11,65,129.35,formation_4_mid_light_calibration.csv
formation_4_mid_light,11,70,158.14,formation_4_mid_light_calibration.csv
formation_4_mid_light,11,75,186.79,formation_4_mid_light_calibration.csv
formation_4_mid_light,11,80,215.83,formation_4_mid_light_calibration.csv
formation_4_mid_light,11,85,244.71,formation_4_mid_light_calibration.csv
formation_4_mid_light,11,90,273.4,formation_4_mid_light_calibration.csv
formation_4_mid_light,11,95,302.64,formation_4_mid_light_calibration.csv
formation_4_mid_light,11,100,338.38,formation_4_mid_light_calibration.csv
formation_4_mid_light,12,10,5.235,formation_4_mid_light_calibration.csv
formation_4_mid_light,12,15,8.569,formation_4_mid_light_calibration.csv
formation_4_mid_light,12,20,12.173,formation_4_mid_light_calibration.csv
formation_4_mid_light,12,25,15.869,formation_4_mid_light_calibration.csv
formation_4_mid_light,12,30,19.607,formation_4_mid_light_calibration.csv
formation_4_mid_light,12,35,31.104,formation_4_mid_light_calibration.csv
formation_4_mid_light,12,40,47.712,formation_4_mid_light_calibration.csv
formation_4_mid_light,12,45,64.457,formation_4_mid_light_calibration.csv
formation_4_mid_light,12,50,81.267,formation_4_mid_light_calibration.csv
formation_4_mid_light,12,55,98.273,formation_4_mid_light_calibration.csv
formation_4_mid_light,12,60,115.44,formation_4_mid_light_calibration.csv
formation_4_mid_light,12,65,135.25,formation_4_mid_light_calibration.csv
formation_4_mid_light,12,70,165.85,formation_4_mid_light_calibration.csv
formation_4_mid_light,12,75,196.25,formation_4_mid_light_calibration.csv
formation_4_mid_light,12,80,226.95,formation_4_mid_light_calibration.csv
formation_4_mid_light,12,85,257.62,formation_4_mid_light_calibration.csv
formation_4_mid_light,12,90,288.03,formation_4_mid_light_calibration.csv
formation_4_mid_light,12,95,319.0,formation_4_mid_light_calibration.csv
formation_4_mid_light,12,100,357.06,formation_4_mid_light_calibration.csv
formation_4_mid_light,13,10,5.57,formation_4_mid_light_calibration.csv
formation_4_mid_light,13,15,9.074,formation_4_mid_light_calibration.csv
formation_4_mid_light,13,20,12.862,formation_4_mid_light_calibration.csv
formation_4_mid_light,13,25,16.769,formation_4_mid_light_calibration.csv
formation_4_mid_light,13,30,20.668,formation_4_mid_light_calibration.csv
formation_4_mid_light,13,35,32.938,formation_4_mid_light_calibration.csv
formation_4_mid_light,13,40,50.871,formation_4_mid_light_calibration.csv
formation_4_mid_light,13,45,68.775,formation_4_mid_light_calibration.csv
formation_4_mid_light,13,50,86.793,formation_4_mid_light_calibration.csv
formation_4_mid_light,13,55,105.16,formation_4_mid_light_calibration.csv
formation_4_mid_light,13,60,123.46,formation_4_mid_light_calibration.csv
formation_4_mid_light,13,65,144.77,formation_4_mid_light_calibration.csv
formation_4_mid_light,13,70,177.5,formation_4_mid_light_calibration.csv
formation_4_mid_light,13,75,210.35,formation_4_mid_light_calibration.csv
formation_4_mid_light,13,80,243.41,formation_4_mid_light_calibration.csv
formation_4_mid_light,13,85,276.21,formation_4_mid_light_calibration.csv
formation_4_mid_light,13,90,309.34,formation_4_mid_light_calibration.csv
formation_4_mid_light,13,95,342.27,formation_4_mid_light_calibration.csv
formation_4_mid_light,13,100,383.43,formation_4_mid_light_calibration.csv
formation_4_mid_light,14,10,5.696,formation_4_mid_light_calibration.csv
formation_4_mid_light,14,15,9.257,formation_4_mid_light_calibration.csv
formation_4_mid_light,14,20,13.141,formation_4_mid_light_calibration.csv
formation_4_mid_light,14,25,17.111,formation_4_mid_light_calibration.csv
formation_4_mid_light,14,30,21.091,formation_4_mid_light_calibration.csv
formation_4_mid_light,14,35,33.784,formation_4_mid_light_calibration.csv
formation_4_mid_light,14,40,52.221,formation_4_mid_light_calibration.csv
formation_4_mid_light,14,45,70.703,formation_4_mid_light_calibration.csv
formation_4_mid_light,14,50,89.294,formation_4_mid_light_calibration.csv
formation_4_mid_light,14,55,108.22,formation_4_mid_light_calibration.csv
formation_4_mid_light,14,60,127.08,formation_4_mid_light_calibration.csv
formation_4_mid_light,14,65,149.24,formation_4_mid_light_calibration.csv
formation_4_mid_light,14,70,183.28,formation_4_mid_light_calibration.csv
formation_4_mid_light,14,75,217.59,formation_4_mid_light_calibration.csv
formation_4_mid_light,14,80,251.96,formation_4_mid_light_calibration.csv
formation_4_mid_light,14,85,285.92,formation_4_mid_light_calibration.csv
formation_4_mid_light,14,90,320.51,formation_4_mid_light_calibration.csv
formation_4_mid_light,14,95,354.58,formation_4_mid_light_calibration.csv
formation_4_mid_light,14,100,398.39,formation_4_mid_light_calibration.csv
formation_4_mid_light,15,10,5.828,formation_4_mid_light_calibration.csv
formation_4_mid_light,15,15,9.472,formation_4_mid_light_calibration.csv
formation_4_mid_light,15,20,13.42,formation_4_mid_light_calibration.csv
formation_4_mid_light,15,25,17.449,formation_4_mid_light_calibration.csv
formation_4_mid_light,15,30,21.518,formation_4_mid_light_calibration.csv
formation_4_mid_light,15,35,34.554,formation_4_mid_light_calibration.csv
formation_4_mid_light,15,40,53.592,formation_4_mid_light_calibration.csv
formation_4_mid_light,15,45,72.695,formation_4_mid_light_calibration.csv
formation_4_mid_light,15,50,91.816,formation_4_mid_light_calibration.csv
formation_4_mid_light,15,55,111.31,formation_4_mid_light_calibration.csv
formation_4_mid_light,15,60,130.94,formation_4_mid_light_calibration.csv
formation_4_mid_light,15,65,153.6,formation_4_mid_light_calibration.csv
formation_4_mid_light,15,70,189.06,formation_4_mid_light_calibration.csv
formation_4_mid_light,15,75,224.91,formation_4_mid_light_calibration.csv
formation_4_mid_light,15,80,260.25,formation_4_mid_light_calibration.csv
formation_4_mid_light,15,85,295.89,formation_4_mid_light_calibration.csv
formation_4_mid_light,15,90,331.94,formation_4_mid_light_calibration.csv
formation_4_mid_light,15,95,367.31,formation_4_mid_light_calibration.csv
formation_4_mid_light,15,100,413.41,formation_4_mid_light_calibration.csv
formation_4_mid_light,16,10,5.949,formation_4_mid_light_calibration.csv
formation_4_mid_light,16,15,9.6465,formation_4_mid_light_calibration.csv
formation_4_mid_light,16,20,13.676,formation_4_mid_light_calibration.csv
formation_4_mid_light,16,25,17.784,formation_4_mid_light_calibration.csv
formation_4_mid_light,16,30,21.926,formation_4_mid_light_calibration.csv
formation_4_mid_light,16,35,35.301,formation_4_mid_light_calibration.csv
formation_4_mid_light,16,40,54.946,formation_4_mid_light_calibration.csv
formation_4_mid_light,16,45,74.505,formation_4_mid_light_calibration.csv
formation_4_mid_light,16,50,94.167,formation_4_mid_light_calibration.csv
formation_4_mid_light,16,55,114.26,formation_4_mid_light_calibration.csv
formation_4_mid_light,16,60,134.41,formation_4_mid_light_calibration.csv
formation_4_mid_light,16,65,157.82,formation_4_mid_light_calibration.csv
formation_4_mid_light,16,70,194.59,formation_4_mid_light_calibration.csv
formation_4_mid_light,16,75,231.65,formation_4_mid_light_calibration.csv
formation_4_mid_light,16,80,268.26,formation_4_mid_light_calibration.csv
formation_4_mid_light,16,85,305.57,formation_4_mid_light_calibration.csv
formation_4_mid_light,16,90,342.54,formation_4_mid_light_calibration.csv
formation_4_mid_light,16,95,379.17,formation_4_mid_light_calibration.csv
formation_4_mid_light,16,100,427.49,formation_4_mid_light_calibration.csv
formation_4_mid_light,17,10,6.051,formation_4_mid_light_calibration.csv
formation_4_mid_light,17,15,9.8086,formation_4_mid_light_calibration.csv
formation_4_mid_light,17,20,13.9,formation_4_mid_light_calibration.csv
formation_4_mid_light,17,25,18.059,formation_4_mid_light_calibration.csv
formation_4_mid_light,17,30,22.264,formation_4_mid_light_calibration.csv
formation_4_mid_light,17,35,35.965,formation_4_mid_light_calibration.csv
formation_4_mid_light,17,40,56.036,formation_4_mid_light_calibration.csv
formation_4_mid_light,17,45,76.113,formation_4_mid_light_calibration.csv
formation_4_mid_light,17,50,96.296,formation_4_mid_light_calibration.csv
formation_4_mid_light,17,55,116.78,formation_4_mid_light_calibration.csv
formation_4_mid_light,17,60,137.4,formation_4_mid_light_calibration.csv
formation_4_mid_light,17,65,161.47,formation_4_mid_light_calibration.csv
formation_4_mid_light,17,70,199.24,formation_4_mid_light_calibration.csv
formation_4_mid_light,17,75,237.46,formation_4_mid_light_calibration.csv
formation_4_mid_light,17,80,275.39,formation_4_mid_light_calibration.csv
formation_4_mid_light,17,85,313.75,formation_4_mid_light_calibration.csv
formation_4_mid_light,17,90,351.48,formation_4_mid_light_calibration.csv
formation_4_mid_light,17,95,390.05,formation_4_mid_light_calibration.csv
formation_4_mid_light,17,100,439.62,formation_4_mid_light_calibration.csv
formation_4_mid_light,18,10,6.148,formation_4_mid_light_calibration.csv
formation_4_mid_light,18,15,9.9675,formation_4_mid_light_calibration.csv
formation_4_mid_light,18,20,14.122,formation_4_mid_light_calibration.csv
formation_4_mid_light,18,25,18.356,formation_4_mid_light_calibration.csv
formation_4_mid_light,18,30,22.62,formation_4_mid_light_calibration.csv
formation_4_mid_light,18,35,36.631,formation_4_mid_light_calibration.csv
formation_4_mid_light,18,40,57.172,formation_4_mid_light_calibration.csv
formation_4_mid_light,18,45,77.796,formation_4_mid_light_calibration.csv
formation_4_mid_light,18,50,98.408,formation_4_mid_light_calibration.csv
formation_4_mid_light,18,55,119.35,formation_4_mid_light_calibration.csv
formation_4_mid_light,18,60,140.53,formation_4_mid_light_calibration.csv
formation_4_mid_light,18,65,165.12,formation_4_mid_light_calibration.csv
formation_4_mid_light,18,70,204.09,formation_4_mid_light_calibration.csv
formation_4_mid_light,18,75,243.53,formation_4_mid_light_calibration.csv
formation_4_mid_light,18,80,282.47,formation_4_mid_light_calibration.csv
formation_4_mid_light,18,85,322.03,formation_4_mid_light_calibration.csv
formation_4_mid_light,18,90,361.1,formation_4_mid_light_calibration.csv
formation_4_mid_light,18,95,400.59,formation_4_mid_light_calibration.csv
formation_4_mid_light,18,100,452.27,formation_4_mid_light_calibration.csv
formation_4_mid_light,19,10,6.232,formation_4_mid_light_calibration.csv
formation_4_mid_light,19,15,10.105,formation_4_mid_light_calibration.csv
formation_4_mid_light,19,20,14.298,formation_4_mid_light_calibration.csv
formation_4_mid_light,19,25,18.592,formation_4_mid_light_calibration.csv
formation_4_mid_light,19,30,22.908,formation_4_mid_light_calibration.csv
formation_4_mid_light,19,35,37.239,formation_4_mid_light_calibration.csv
formation_4_mid_light,19,40,58.166,formation_4_mid_light_calibration.csv
formation_4_mid_light,19,45,79.175,formation_4_mid_light_calibration.csv
formation_4_mid_light,19,50,100.25,formation_4_mid_light_calibration.csv
formation_4_mid_light,19,55,121.68,formation_4_mid_light_calibration.csv
formation_4_mid_light,19,60,143.22,formation_4_mid_light_calibration.csv
formation_4_mid_light,19,65,168.33,formation_4_mid_light_calibration.csv
formation_4_mid_light,19,70,208.45,formation_4_mid_light_calibration.csv
formation_4_mid_light,19,75,248.85,formation_4_mid_light_calibration.csv
formation_4_mid_light,19,80,288.87,formation_4_mid_light_calibration.csv
formation_4_mid_light,19,85,329.6,formation_4_mid_light_calibration.csv
formation_4_mid_light,19,90,369.5,formation_4_mid_light_calibration.csv
formation_4_mid_light,19,95,410.1,formation_4_mid_light_calibration.csv
formation_4_mid_light,19,100,463.53,formation_4_mid_light_calibration.csv
formation_4_mid_light,20,10,6.326,formation_4_mid_light_calibration.csv
formation_4_mid_light,20,15,10.252,formation_4_mid_light_calibration.csv
formation_4_mid_light,20,20,14.512,formation_4_mid_light_calibration.csv
formation_4_mid_light,20,25,18.835,formation_4_mid_light_calibration.csv
formation_4_mid_light,20,30,23.218,formation_4_mid_light_calibration.csv
formation_4_mid_light,20,35,37.79,formation_4_mid_light_calibration.csv
formation_4_mid_light,20,40,59.183,formation_4_mid_light_calibration.csv
formation_4_mid_light,20,45,80.599,formation_4_mid_light_calibration.csv
formation_4_mid_light,20,50,102.15,formation_4_mid_light_calibration.csv
formation_4_mid_light,20,55,124.0,formation_4_mid_light_calibration.csv
formation_4_mid_light,20,60,146.04,formation_4_mid_light_calibration.csv
formation_4_mid_light,20,65,171.73,formation_4_mid_light_calibration.csv
formation_4_mid_light,20,70,212.85,formation_4_mid_light_calibration.csv
formation_4_mid_light,20,75,250.06,formation_4_mid_light_calibration.csv
formation_4_mid_light,20,80,296.21,formation_4_mid_light_calibration.csv
formation_4_mid_light,20,85,337.63,formation_4_mid_light_calibration.csv
formation_4_mid_light,20,90,378.41,formation_4_mid_light_calibration.csv
formation_4_mid_light,20,95,419.83,formation_4_mid_light_calibration.csv
formation_4_mid_light,20,100,474.98,formation_4_mid_light_calibration.csv
formation_4_mid_light,21,10,6.994,formation_4_mid_light_calibration.csv
formation_4_mid_light,21,15,10.42,formation_4_mid_light_calibration.csv
formation_4_mid_light,21,20,14.684,formation_4_mid_light_calibration.csv
formation_4_mid_light,21,25,19.07,formation_4_mid_light_calibration.csv
formation_4_mid_light,21,30,23.507,formation_4_mid_light_calibration.csv
formation_4_mid_light,21,35,38.341,formation_4_mid_light_calibration.csv
formation_4_mid_light,21,40,60.152,formation_4_mid_light_calibration.csv
formation_4_mid_light,21,45,82.044,formation_4_mid_light_calibration.csv
formation_4_mid_light,21,50,103.93,formation_4_mid_light_calibration.csv
formation_4_mid_light,21,55,126.19,formation_4_mid_light_calibration.csv
formation_4_mid_light,21,60,148.72,formation_4_mid_light_calibration.csv
formation_4_mid_light,21,65,174.74,formation_4_mid_light_calibration.csv
formation_4_mid_light,21,70,217.24,formation_4_mid_light_calibration.csv
formation_4_mid_light,21,75,259.28,formation_4_mid_light_calibration.csv
formation_4_mid_light,21,80,301.75,formation_4_mid_light_calibration.csv
formation_4_mid_light,21,85,343.82,formation_4_mid_light_calibration.csv
formation_4_mid_light,21,90,386.31,formation_4_mid_light_calibration.csv
formation_4_mid_light,21,95,428.95,formation_4_mid_light_calibration.csv
formation_4_mid_light,21,100,485.53,formation_4_mid_light_calibration.csv
formation_4_mid_light,22,10,6.489,formation_4_mid_light_calibration.csv
formation_4_mid_light,22,15,10.51,formation_4_mid_light_calibration.csv
formation_4_mid_light,22,20,14.857,formation_4_mid_light_calibration.csv
formation_4_mid_light,22,25,19.299,formation_4_mid_light_calibration.csv
formation_4_mid_light,22,30,23.754,formation_4_mid_light_calibration.csv
formation_4_mid_light,22,35,38.854,formation_4_mid_light_calibration.csv
formation_4_mid_light,22,40,61.028,formation_4_mid_light_calibration.csv
formation_4_mid_light,22,45,83.244,formation_4_mid_light_calibration.csv
formation_4_mid_light,22,50,105.51,formation_4_mid_light_calibration.csv
formation_4_mid_light,22,55,128.21,formation_4_mid_light_calibration.csv
formation_4_mid_light,22,60,151.04,formation_4_mid_light_calibration.csv
formation_4_mid_light,22,65,177.44,formation_4_mid_light_calibration.csv
formation_4_mid_light,22,70,220.96,formation_4_mid_light_calibration.csv
formation_4_mid_light,22,75,263.9,formation_4_mid_light_calibration.csv
formation_4_mid_light,22,80,307.24,formation_4_mid_light_calibration.csv
formation_4_mid_light,22,85,350.46,formation_4_mid_light_calibration.csv
formation_4_mid_light,22,90,393.88,formation_4_mid_light_calibration.csv
formation_4_mid_light,22,95,436.71,formation_4_mid_light_calibration.csv
formation_4_mid_light,22,100,495.27,formation_4_mid_light_calibration.csv
formation_4_mid_light,23,10,6.567,formation_4_mid_light_calibration.csv
formation_4_mid_light,23,15,10.622,formation_4_mid_light_calibration.csv
formation_4_mid_light,23,20,15.031,formation_4_mid_light_calibration.csv
formation_4_mid_light,23,25,19.509,formation_4_mid_light_calibration.csv
formation_4_mid_light,23,30,24.007,formation_4_mid_light_calibration.csv
formation_4_mid_light,23,35,39.342,formation_4_mid_light_calibration.csv
formation_4_mid_light,23,40,61.879,formation_4_mid_light_calibration.csv
formation_4_mid_light,23,45,84.425,formation_4_mid_light_calibration.csv
formation_4_mid_light,23,50,107.16,formation_4_mid_light_calibration.csv
formation_4_mid_light,23,55,130.34,formation_4_mid_light_calibration.csv
formation_4_mid_light,23,60,153.34,formation_4_mid_light_calibration.csv
formation_4_mid_light,23,65,180.5,formation_4_mid_light_calibration.csv
formation_4_mid_light,23,70,224.77,formation_4_mid_light_calibration.csv
formation_4_mid_light,23,75,268.53,formation_4_mid_light_calibration.csv
formation_4_mid_light,23,80,312.99,formation_4_mid_light_calibration.csv
formation_4_mid_light,23,85,356.85,formation_4_mid_light_calibration.csv
formation_4_mid_light,23,90,401.32,formation_4_mid_light_calibration.csv
formation_4_mid_light,23,95,445.67,formation_4_mid_light_calibration.csv
formation_4_mid_light,23,100,505.15,formation_4_mid_light_calibration.csv
formation_4_mid_light,24,10,6.632,formation_4_mid_light_calibration.csv
formation_4_mid_light,24,15,10.737,formation_4_mid_light_calibration.csv
formation_4_mid_light,24,20,15.173,formation_4_mid_light_calibration.csv
formation_4_mid_light,24,25,19.69,formation_4_mid_light_calibration.csv
formation_4_mid_light,24,30,24.257,formation_4_mid_light_calibration.csv
formation_4_mid_light,24,35,39.803,formation_4_mid_light_calibration.csv
formation_4_mid_light,24,40,62.681,formation_4_mid_light_calibration.csv
formation_4_mid_light,24,45,85.634,formation_4_mid_light_calibration.csv
formation_4_mid_light,24,50,108.65,formation_4_mid_light_calibration.csv
formation_4_mid_light,24,55,132.1,formation_4_mid_light_calibration.csv
formation_4_mid_light,24,60,155.66,formation_4_mid_light_calibration.csv
formation_4_mid_light,24,65,182.98,formation_4_mid_light_calibration.csv
formation_4_mid_light,24,70,228.16,formation_4_mid_light_calibration.csv
formation_4_mid_light,24,75,272.92,formation_4_mid_light_calibration.csv
formation_4_mid_light,24,80,318.1,formation_4_mid_light_calibration.csv
formation_4_mid_light,24,85,362.74,formation_4_mid_light_calibration.csv
formation_4_mid_light,24,90,408.11,formation_4_mid_light_calibration.csv
formation_4_mid_light,24,95,453.11,formation_4_mid_light_calibration.csv
formation_4_mid_light,24,100,513.95,formation_4_mid_light_calibration.csv
formation_4_mid_light,25,10,6.895,formation_4_mid_light_calibration.csv
formation_4_mid_light,25,15,11.141,formation_4_mid_light_calibration.csv
formation_4_mid_light,25,20,15.719,formation_4_mid_light_calibration.csv
formation_4_mid_light,25,25,20.405,formation_4_mid_light_calibration.csv
formation_4_mid_light,25,30,25.097,formation_4_mid_light_calibration.csv
formation_4_mid_light,25,35,41.279,formation_4_mid_light_calibration.csv
formation_4_mid_light,25,40,65.187,formation_4_mid_light_calibration.csv
formation_4_mid_light,25,45,88.996,formation_4_mid_light_calibration.csv
formation_4_mid_light,25,50,113.03,formation_4_mid_light_calibration.csv
formation_4_mid_light,25,55,137.61,formation_4_mid_light_calibration.csv
formation_4_mid_light,25,60,161.97,formation_4_mid_light_calibration.csv
formation_4_mid_light,25,65,190.56,formation_4_mid_light_calibration.csv
formation_4_mid_light,25,70,237.63,formation_4_mid_light_calibration.csv
formation_4_mid_light,25,75,284.14,formation_4_mid_light_calibration.csv
formation_4_mid_light,25,80,331.17,formation_4_mid_light_calibration.csv
formation_4_mid_light,25,85,377.81,formation_4_mid_light_calibration.csv
formation_4_mid_light,25,90,425.08,formation_4_mid_light_calibration.csv
formation_4_mid_light,25,95,471.85,formation_4_mid_light_calibration.csv
formation_4_mid_light,25,100,535.21,formation_4_mid_light_calibration.csv
formation_4_mid_light,26,10,6.945,formation_4_mid_light_calibration.csv
formation_4_mid_light,26,15,11.226,formation_4_mid_light_calibration.csv
formation_4_mid_light,26,20,15.844,formation_4_mid_light_calibration.csv
formation_4_mid_light,26,25,20.549,formation_4_mid_light_calibration.csv
formation_4_mid_light,26,30,25.274,formation_4_mid_light_calibration.csv
formation_4_mid_light,26,35,41.663,formation_4_mid_light_calibration.csv
formation_4_mid_light,26,40,65.828,formation_4_mid_light_calibration.csv
formation_4_mid_light,26,45,89.908,formation_4_mid_light_calibration.csv
formation_4_mid_light,26,50,114.29,formation_4_mid_light_calibration.csv
formation_4_mid_light,26,55,139.08,formation_4_mid_light_calibration.csv
formation_4_mid_light,26,60,163.73,formation_4_mid_light_calibration.csv
formation_4_mid_light,26,65,192.78,formation_4_mid_light_calibration.csv
formation_4_mid_light,26,70,240.5,formation_4_mid_light_calibration.csv
formation_4_mid_light,26,75,287.7,formation_4_mid_light_calibration.csv
formation_4_mid_light,26,80,335.6,formation_4_mid_light_calibration.csv
formation_4_mid_light,26,85,382.93,formation_4_mid_light_calibration.csv
formation_4_mid_light,26,90,430.46,formation_4_mid_light_calibration.csv
formation_4_mid_light,26,95,478.42,formation_4_mid_light_calibration.csv
formation_4_mid_light,26,100,542.9,formation_4_mid_light_calibration.csv
formation_4_mid_light,27,10,6.993,formation_4_mid_light_calibration.csv
formation_4_mid_light,27,15,11.309,formation_4_mid_light_calibration.csv
formation_4_mid_light,27,20,15.96,formation_4_mid_light_calibration.csv
formation_4_mid_light,27,25,20.69,formation_4_mid_light_calibration.csv
formation_4_mid_light,27,30,25.467,formation_4_mid_light_calibration.csv
formation_4_mid_light,27,35,42.017,formation_4_mid_light_calibration.csv
formation_4_mid_light,27,40,66.455,formation_4_mid_light_calibration.csv
formation_4_mid_light,27,45,90.871,formation_4_mid_light_calibration.csv
formation_4_mid_light,27,50,115.52,formation_4_mid_light_calibration.csv
formation_4_mid_light,27,55,140.51,formation_4_mid_light_calibration.csv
formation_4_mid_light,27,60,165.46,formation_4_mid_light_calibration.csv
formation_4_mid_light,27,65,194.74,formation_4_mid_light_calibration.csv
formation_4_mid_light,27,70,243.12,formation_4_mid_light_calibration.csv
formation_4_mid_light,27,75,291.14,formation_4_mid_light_calibration.csv
formation_4_mid_light,27,80,339.6,formation_4_mid_light_calibration.csv
formation_4_mid_light,27,85,387.95,formation_4_mid_light_calibration.csv
formation_4_mid_light,27,90,435.89,formation_4_mid_light_calibration.csv
formation_4_mid_light,27,95,484.51,formation_4_mid_light_calibration.csv
formation_4_mid_light,27,100,550.09,formation_4_mid_light_calibration.csv
formation_4_mid_light,28,10,7.037,formation_4_mid_light_calibration.csv
formation_4_mid_light,28,15,11.379,formation_4_mid_light_calibration.csv
formation_4_mid_light,28,20,16.046,formation_4_mid_light_calibration.csv
formation_4_mid_light,28,25,20.814,formation_4_mid_light_calibration.csv
formation_4_mid_light,28,30,25.601,formation_4_mid_light_calibration.csv
formation_4_mid_light,28,35,42.281,formation_4_mid_light_calibration.csv
formation_4_mid_light,28,40,66.974,formation_4_mid_light_calibration.csv
formation_4_mid_light,28,45,91.574,formation_4_mid_light_calibration.csv
formation_4_mid_light,28,50,116.37,formation_4_mid_light_calibration.csv
formation_4_mid_light,28,55,141.73,formation_4_mid_light_calibration.csv
formation_4_mid_light,28,60,166.91,formation_4_mid_light_calibration.csv
formation_4_mid_light,28,65,196.53,formation_4_mid_light_calibration.csv
formation_4_mid_light,28,70,245.56,formation_4_mid_light_calibration.csv
formation_4_mid_light,28,75,293.94,formation_4_mid_light_calibration.csv
formation_4_mid_light,28,80,343.07,formation_4_mid_light_calibration.csv
formation_4_mid_light,28,85,392.0,formation_4_mid_light_calibration.csv
formation_4_mid_light,28,90,440.88,formation_4_mid_light_calibration.csv
formation_4_mid_light,28,95,489.53,formation_4_mid_light_calibration.csv
formation_4_mid_light,28,100,556.09,formation_4_mid_light_calibration.csv
formation_4_mid_light,29,10,7.086,formation_4_mid_light_calibration.csv
formation_4_mid_light,29,15,11.454,formation_4_mid_light_calibration.csv
formation_4_mid_light,29,20,16.159,formation_4_mid_light_calibration.csv
formation_4_mid_light,29,25,20.956,formation_4_mid_light_calibration.csv
formation_4_mid_light,29,30,25.764,formation_4_mid_light_calibration.csv
formation_4_mid_light,29,35,42.655,formation_4_mid_light_calibration.csv
formation_4_mid_light,29,40,67.566,formation_4_mid_light_calibration.csv
formation_4_mid_light,29,45,92.375,formation_4_mid_light_calibration.csv
formation_4_mid_light,29,50,117.51,formation_4_mid_light_calibration.csv
formation_4_mid_light,29,55,143.07,formation_4_mid_light_calibration.csv
formation_4_mid_light,29,60,168.42,formation_4_mid_light_calibration.csv
formation_4_mid_light,29,65,198.5,formation_4_mid_light_calibration.csv
formation_4_mid_light,29,70,248.1,formation_4_mid_light_calibration.csv
formation_4_mid_light,29,75,297.1,formation_4_mid_light_calibration.csv
formation_4_mid_light,29,80,346.62,formation_4_mid_light_calibration.csv
formation_4_mid_light,29,85,396.36,formation_4_mid_light_calibration.csv
formation_4_mid_light,29,90,445.69,formation_4_mid_light_calibration.csv
formation_4_mid_light,29,95,495.37,formation_4_mid_light_calibration.csv
formation_4_mid_light,29,100,562.92,formation_4_mid_light_calibration.csv
formation_4_mid_light,30,10,7.14,formation_4_mid_light_calibration.csv
formation_4_mid_light,30,15,11.532,formation_4_mid_light_calibration.csv
formation_4_mid_light,30,20,16.259,formation_4_mid_light_calibration.csv
formation_4_mid_light,30,25,21.074,formation_4_mid_light_calibration.csv
formation_4_mid_light,30,30,25.929,formation_4_mid_light_calibration.csv
formation_4_mid_light,30,35,42.939,formation_4_mid_light_calibration.csv
formation_4_mid_light,30,40,68.126,formation_4_mid_light_calibration.csv
formation_4_mid_light,30,45,93.226,formation_4_mid_light_calibration.csv
formation_4_mid_light,30,50,118.57,formation_4_mid_light_calibration.csv
formation_4_mid_light,30,55,144.28,formation_4_mid_light_calibration.csv
formation_4_mid_light,30,60,170.06,formation_4_mid_light_calibration.csv
formation_4_mid_light,30,65,200.32,formation_4_mid_light_calibration.csv
formation_4_mid_light,30,70,250.48,formation_4_mid_light_calibration.csv
formation_4_mid_light,30,75,300.34,formation_4_mid_light_calibration.csv
formation_4_mid_light,30,80,350.26,formation_4_mid_light_calibration.csv
formation_4_mid_light,30,85,400.75,formation_4_mid_light_calibration.csv
formation_4_mid_light,30,90,451.01,formation_4_mid_light_calibration.csv
formation_4_mid_light,30,95,500.89,formation_4_mid_light_calibration.csv
formation_4_mid_light,30,100,569.35,formation_4_mid_light_calibration.csv
formation_4_mid_light,31,10,7.181,formation_4_mid_light_calibration.csv
formation_4_mid_light,31,15,11.598,formation_4_mid_light_calibration.csv
formation_4_mid_light,31,20,16.349,formation_4_mid_light_calibration.csv
formation_4_mid_light,31,25,21.209,formation_4_mid_light_calibration.csv
formation_4_mid_light,31,30,26.077,formation_4_mid_light_calibration.csv
formation_4_mid_light,31,35,43.334,formation_4_mid_light_calibration.csv
formation_4_mid_light,31,40,68.681,formation_4_mid_light_calibration.csv
formation_4_mid_light,31,45,93.98,formation_4_mid_light_calibration.csv
formation_4_mid_light,31,50,119.55,formation_4_mid_light_calibration.csv
formation_4_mid_light,31,55,145.59,formation_4_mid_light_calibration.csv
formation_4_mid_light,31,60,171.52,formation_4_mid_light_calibration.csv
formation_4_mid_light,31,65,202.03,formation_4_mid_light_calibration.csv
formation_4_mid_light,31,70,252.97,formation_4_mid_light_calibration.csv
formation_4_mid_light,31,75,303.53,formation_4_mid_light_calibration.csv
formation_4_mid_light,31,80,353.88,formation_4_mid_light_calibration.csv
formation_4_mid_light,31,85,404.9,formation_4_mid_light_calibration.csv
formation_4_mid_light,31,90,455.6,formation_4_mid_light_calibration.csv
formation_4_mid_light,31,95,506.21,formation_4_mid_light_calibration.csv
formation_4_mid_light,31,100,575.82,formation_4_mid_light_calibration.csv
formation_4_mid_light,32,10,7.228,formation_4_mid_light_calibration.csv
formation_4_mid_light,32,15,11.667,formation_4_mid_light_calibration.csv
formation_4_mid_light,32,20,16.462,formation_4_mid_light_calibration.csv
formation_4_mid_light,32,25,21.333,formation_4_mid_light_calibration.csv
formation_4_mid_light,32,30,26.219,formation_4_mid_light_calibration.csv
formation_4_mid_light,32,35,43.58,formation_4_mid_light_calibration.csv
formation_4_mid_light,32,40,69.173,formation_4_mid_light_calibration.csv
formation_4_mid_light,32,45,94.695,formation_4_mid_light_calibration.csv
formation_4_mid_light,32,50,120.52,formation_4_mid_light_calibration.csv
formation_4_mid_light,32,55,146.78,formation_4_mid_light_calibration.csv
formation_4_mid_light,32,60,172.71,formation_4_mid_light_calibration.csv
formation_4_mid_light,32,65,203.89,formation_4_mid_light_calibration.csv
formation_4_mid_light,32,70,255.28,formation_4_mid_light_calibration.csv
formation_4_mid_light,32,75,306.34,formation_4_mid_light_calibration.csv
formation_4_mid_light,32,80,357.25,formation_4_mid_light_calibration.csv
formation_4_mid_light,32,85,408.96,formation_4_mid_light_calibration.csv
formation_4_mid_light,32,90,460.01,formation_4_mid_light_calibration.csv
formation_4_mid_light,32,95,511.44,formation_4_mid_light_calibration.csv
formation_4_mid_light,32,100,581.78,formation_4_mid_light_calibration.csv
formation_4_mid_light,33,10,7.295,formation_4_mid_light_calibration.csv
formation_4_mid_light,33,15,11.731,formation_4_mid_light_calibration.csv
formation_4_mid_light,33,20,16.531,formation_4_mid_light_calibration.csv
formation_4_mid_light,33,25,21.42,formation_4_mid_light_calibration.csv
formation_4_mid_light,33,30,26.354,formation_4_mid_light_calibration.csv
formation_4_mid_light,33,35,43.835,formation_4_mid_light_calibration.csv
formation_4_mid_light,33,40,69.568,formation_4_mid_light_calibration.csv
formation_4_mid_light,33,45,95.357,formation_4_mid_light_calibration.csv
formation_4_mid_light,33,50,121.33,formation_4_mid_light_calibration.csv
formation_4_mid_light,33,55,147.78,formation_4_mid_light_calibration.csv
formation_4_mid_light,33,60,173.96,formation_4_mid_light_calibration.csv
formation_4_mid_light,33,65,205.3,formation_4_mid_light_calibration.csv
formation_4_mid_light,33,70,257.07,formation_4_mid_light_calibration.csv
formation_4_mid_light,33,75,308.82,formation_4_mid_light_calibration.csv
formation_4_mid_light,33,80,360.15,formation_4_mid_light_calibration.csv
formation_4_mid_light,33,85,412.19,formation_4_mid_light_calibration.csv
formation_4_mid_light,33,90,463.97,formation_4_mid_light_calibration.csv
formation_4_mid_light,33,95,515.76,formation_4_mid_light_calibration.csv
formation_4_mid_light,33,100,586.57,formation_4_mid_light_calibration.csv
formation_4_mid_light,34,10,7.307,formation_4_mid_light_calibration.csv
formation_4_mid_light,34,15,11.788,formation_4_mid_light_calibration.csv
formation_4_mid_light,34,20,16.609,formation_4_mid_light_calibration.csv
formation_4_mid_light,34,25,21.538,formation_4_mid_light_calibration.csv
formation_4_mid_light,34,30,26.478,formation_4_mid_light_calibration.csv
formation_4_mid_light,34,35,44.073,formation_4_mid_light_calibration.csv
formation_4_mid_light,34,40,70.101,formation_4_mid_light_calibration.csv
formation_4_mid_light,34,45,95.998,formation_4_mid_light_calibration.csv
formation_4_mid_light,34,50,122.17,formation_4_mid_light_calibration.csv
formation_4_mid_light,34,55,148.83,formation_4_mid_light_calibration.csv
formation_4_mid_light,34,60,175.17,formation_4_mid_light_calibration.csv
formation_4_mid_light,34,65,206.71,formation_4_mid_light_calibration.csv
formation_4_mid_light,34,70,259.0,formation_4_mid_light_calibration.csv
formation_4_mid_light,34,75,311.53,formation_4_mid_light_calibration.csv
formation_4_mid_light,34,80,363.26,formation_4_mid_light_calibration.csv
formation_4_mid_light,34,85,415.96,formation_4_mid_light_calibration.csv
formation_4_mid_light,34,90,468.17,formation_4_mid_light_calibration.csv
formation_4_mid_light,34,95,520.51,formation_4_mid_light_calibration.csv
formation_4_mid_light,34,100,592.51,formation_4_mid_light_calibration.csv
formation_4_mid_light,35,10,7.354,formation_4_mid_light_calibration.csv
formation_4_mid_light,35,15,11.846,formation_4_mid_light_calibration.csv
formation_4_mid_light,35,20,16.702,formation_4_mid_light_calibration.csv
formation_4_mid_light,35,25,21.655,formation_4_mid_light_calibration.csv
formation_4_mid_light,35,30,26.598,formation_4_mid_light_calibration.csv
formation_4_mid_light,35,35,44.373,formation_4_mid_light_calibration.csv
formation_4_mid_light,35,40,70.593,formation_4_mid_light_calibration.csv
formation_4_mid_light,35,45,96.667,formation_4_mid_light_calibration.csv
formation_4_mid_light,35,50,123.12,formation_4_mid_light_calibration.csv
formation_4_mid_light,35,55,149.97,formation_4_mid_light_calibration.csv
formation_4_mid_light,35,60,176.51,formation_4_mid_light_calibration.csv
formation_4_mid_light,35,65,208.47,formation_4_mid_light_calibration.csv
formation_4_mid_light,35,70,261.1,formation_4_mid_light_calibration.csv
formation_4_mid_light,35,75,313.93,formation_4_mid_light_calibration.csv
formation_4_mid_light,35,80,366.53,formation_4_mid_light_calibration.csv
formation_4_mid_light,35,85,419.66,formation_4_mid_light_calibration.csv
formation_4_mid_light,35,90,472.32,formation_4_mid_light_calibration.csv
formation_4_mid_light,35,95,525.32,formation_4_mid_light_calibration.csv
formation_4_mid_light,35,100,597.78,formation_4_mid_light_calibration.csv
formation_4_mid_light,36,10,7.386,formation_4_mid_light_calibration.csv
formation_4_mid_light,36,15,11.914,formation_4_mid_light_calibration.csv
formation_4_mid_light,36,20,16.788,formation_4_mid_light_calibration.csv
formation_4_mid_light,36,25,21.738,formation_4_mid_light_calibration.csv
formation_4_mid_light,36,30,26.739,formation_4_mid_light_calibration.csv
formation_4_mid_light,36,35,44.621,formation_4_mid_light_calibration.csv
formation_4_mid_light,36,40,70.98,formation_4_mid_light_calibration.csv
formation_4_mid_light,36,45,97.369,formation_4_mid_light_calibration.csv
formation_4_mid_light,36,50,123.98,formation_4_mid_light_calibration.csv
formation_4_mid_light,36,55,150.98,formation_4_mid_light_calibration.csv
formation_4_mid_light,36,60,177.8,formation_4_mid_light_calibration.csv
formation_4_mid_light,36,65,209.9,formation_4_mid_light_calibration.csv
formation_4_mid_light,36,70,263.02,formation_4_mid_light_calibration.csv
formation_4_mid_light,36,75,316.57,formation_4_mid_light_calibration.csv
formation_4_mid_light,36,80,369.45,formation_4_mid_light_calibration.csv
formation_4_mid_light,36,85,422.97,formation_4_mid_light_calibration.csv
formation_4_mid_light,36,90,476.35,formation_4_mid_light_calibration.csv
formation_4_mid_light,36,95,529.76,formation_4_mid_light_calibration.csv
formation_4_mid_light,36,100,603.14,formation_4_mid_light_calibration.csv
formation_4_mid_light,37,10,7.431,formation_4_mid_light_calibration.csv
formation_4_mid_light,37,15,11.965,formation_4_mid_light_calibration.csv
formation_4_mid_light,37,20,16.86,formation_4_mid_light_calibration.csv
formation_4_mid_light,37,25,21.855,formation_4_mid_light_calibration.csv
formation_4_mid_light,37,30,26.866,formation_4_mid_light_calibration.csv
formation_4_mid_light,37,35,44.849,formation_4_mid_light_calibration.csv
formation_4_mid_light,37,40,71.484,formation_4_mid_light_calibration.csv
formation_4_mid_light,37,45,98.003,formation_4_mid_light_calibration.csv
formation_4_mid_light,37,50,124.77,formation_4_mid_light_calibration.csv
formation_4_mid_light,37,55,152.12,formation_4_mid_light_calibration.csv
formation_4_mid_light,37,60,179.02,formation_4_mid_light_calibration.csv
formation_4_mid_light,37,65,211.33,formation_4_mid_light_calibration.csv
formation_4_mid_light,37,70,265.1,formation_4_mid_light_calibration.csv
formation_4_mid_light,37,75,319.03,formation_4_mid_light_calibration.csv
formation_4_mid_light,37,80,372.25,formation_4_mid_light_calibration.csv
formation_4_mid_light,37,85,426.58,formation_4_mid_light_calibration.csv
formation_4_mid_light,37,90,480.39,formation_4_mid_light_calibration.csv
formation_4_mid_light,37,95,534.18,formation_4_mid_light_calibration.csv
formation_4_mid_light,37,100,608.76,formation_4_mid_light_calibration.csv
formation_4_mid_light,38,10,7.462,formation_4_mid_light_calibration.csv
formation_4_mid_light,38,15,12.017,formation_4_mid_light_calibration.csv
formation_4_mid_light,38,20,16.935,formation_4_mid_light_calibration.csv
formation_4_mid_light,38,25,21.931,formation_4_mid_light_calibration.csv
formation_4_mid_light,38,30,26.944,formation_4_mid_light_calibration.csv
formation_4_mid_light,38,35,45.089,formation_4_mid_light_calibration.csv
formation_4_mid_light,38,40,71.834,formation_4_mid_light_calibration.csv
formation_4_mid_light,38,45,98.492,formation_4_mid_light_calibration.csv
formation_4_mid_light,38,50,125.52,formation_4_mid_light_calibration.csv
formation_4_mid_light,38,55,152.91,formation_4_mid_light_calibration.csv
formation_4_mid_light,38,60,180.07,formation_4_mid_light_calibration.csv
formation_4_mid_light,38,65,212.68,formation_4_mid_light_calibration.csv
formation_4_mid_light,38,70,266.64,formation_4_mid_light_calibration.csv
formation_4_mid_light,38,75,321.09,formation_4_mid_light_calibration.csv
formation_4_mid_light,38,80,374.86,formation_4_mid_light_calibration.csv
formation_4_mid_light,38,85,429.14,formation_4_mid_light_calibration.csv
formation_4_mid_light,38,90,483.65,formation_4_mid_light_calibration.csv
formation_4_mid_light,38,95,538.1,formation_4_mid_light_calibration.csv
formation_4_mid_light,38,100,612.85,formation_4_mid_light_calibration.csv
formation_4_mid_light,39,10,7.49,formation_4_mid_light_calibration.csv
formation_4_mid_light,39,15,12.073,formation_4_mid_light_calibration.csv
formation_4_mid_light,39,20,17.002,formation_4_mid_light_calibration.csv
formation_4_mid_light,39,25,22.026,formation_4_mid_light_calibration.csv
formation_4_mid_light,39,30,27.079,formation_4_mid_light_calibration.csv
formation_4_mid_light,39,35,45.32,formation_4_mid_light_calibration.csv
formation_4_mid_light,39,40,72.257,formation_4_mid_light_calibration.csv
formation_4_mid_light,39,45,99.154,formation_4_mid_light_calibration.csv
formation_4_mid_light,39,50,126.32,formation_4_mid_light_calibration.csv
formation_4_mid_light,39,55,153.86,formation_4_mid_light_calibration.csv
formation_4_mid_light,39,60,181.27,formation_4_mid_light_calibration.csv
formation_4_mid_light,39,65,214.0,formation_4_mid_light_calibration.csv
formation_4_mid_light,39,70,268.46,formation_4_mid_light_calibration.csv
formation_4_mid_light,39,75,323.53,formation_4_mid_light_calibration.csv
formation_4_mid_light,39,80,377.81,formation_4_mid_light_calibration.csv
formation_4_mid_light,39,85,432.23,formation_4_mid_light_calibration.csv
formation_4_mid_light,39,90,487.47,formation_4_mid_light_calibration.csv
formation_4_mid_light,39,95,542.26,formation_4_mid_light_calibration.csv
formation_4_mid_light,39,100,617.92,formation_4_mid_light_calibration.csv
formation_4_mid_light,40,10,7.528,formation_4_mid_light_calibration.csv
formation_4_mid_light,40,15,12.131,formation_4_mid_light_calibration.csv
formation_4_mid_light,40,20,17.072,formation_4_mid_light_calibration.csv
formation_4_mid_light,40,25,22.129,formation_4_mid_light_calibration.csv
formation_4_mid_light,40,30,27.184,formation_4_mid_light_calibration.csv
formation_4_mid_light,40,35,45.542,formation_4_mid_light_calibration.csv
formation_4_mid_light,40,40,72.66,formation_4_mid_light_calibration.csv
formation_4_mid_light,40,45,99.709,formation_4_mid_light_calibration.csv
formation_4_mid_light,40,50,127.0,formation_4_mid_light_calibration.csv
formation_4_mid_light,40,55,154.91,formation_4_mid_light_calibration.csv
formation_4_mid_light,40,60,183.16,formation_4_mid_light_calibration.csv
formation_4_mid_light,40,65,215.58,formation_4_mid_light_calibration.csv
formation_4_mid_light,40,70,270.53,formation_4_mid_light_calibration.csv
formation_4_mid_light,40,75,325.63,formation_4_mid_light_calibration.csv
formation_4_mid_light,40,80,380.37,formation_4_mid_light_calibration.csv
formation_4_mid_light,40,85,435.58,formation_4_mid_light_calibration.csv
formation_4_mid_light,40,90,491.04,formation_4_mid_light_calibration.csv
formation_4_mid_light,40,95,546.07,formation_4_mid_light_calibration.csv
formation_4_mid_light,40,100,622.64,formation_4_mid_light_calibration.csv
formation_4_mid_light,41,10,7.566,formation_4_mid_light_calibration.csv
formation_4_mid_light,41,15,12.194,formation_4_mid_light_calibration.csv
formation_4_mid_light,41,20,17.164,formation_4_mid_light_calibration.csv
formation_4_mid_light,41,25,22.206,formation_4_mid_light_calibration.csv
formation_4_mid_light,41,30,27.296,formation_4_mid_light_calibration.csv
formation_4_mid_light,41,35,45.734,formation_4_mid_light_calibration.csv
formation_4_mid_light,41,40,73.001,formation_4_mid_light_calibration.csv
formation_4_mid_light,41,45,100.24,formation_4_mid_light_calibration.csv
formation_4_mid_light,41,50,127.78,formation_4_mid_light_calibration.csv
formation_4_mid_light,41,55,155.76,formation_4_mid_light_calibration.csv
formation_4_mid_light,41,60,183.35,formation_4_mid_light_calibration.csv
formation_4_mid_light,41,65,217.01,formation_4_mid_light_calibration.csv
formation_4_mid_light,41,70,272.19,formation_4_mid_light_calibration.csv
formation_4_mid_light,41,75,327.86,formation_4_mid_light_calibration.csv
formation_4_mid_light,41,80,383.08,formation_4_mid_light_calibration.csv
formation_4_mid_light,41,85,438.35,formation_4_mid_light_calibration.csv
formation_4_mid_light,41,90,494.6,formation_4_mid_light_calibration.csv
formation_4_mid_light,41,95,550.37,formation_4_mid_light_calibration.csv
formation_4_mid_light,41,100,627.23,formation_4_mid_light_calibration.csv
formation_4_mid_light,42,10,7.582,formation_4_mid_light_calibration.csv
formation_4_mid_light,42,15,12.231,formation_4_mid_light_calibration.csv
formation_4_mid_light,42,20,17.211,formation_4_mid_light_calibration.csv
formation_4_mid_light,42,25,22.292,formation_4_mid_light_calibration.csv
formation_4_mid_light,42,30,27.447,formation_4_mid_light_calibration.csv
formation_4_mid_light,42,35,46.031,formation_4_mid_light_calibration.csv
formation_4_mid_light,42,40,73.414,formation_4_mid_light_calibration.csv
formation_4_mid_light,42,45,100.85,formation_4_mid_light_calibration.csv
formation_4_mid_light,42,50,128.55,formation_4_mid_light_calibration.csv
formation_4_mid_light,42,55,156.61,formation_4_mid_light_calibration.csv
formation_4_mid_light,42,60,184.49,formation_4_mid_light_calibration.csv
formation_4_mid_light,42,65,218.24,formation_4_mid_light_calibration.csv
formation_4_mid_light,42,70,273.89,formation_4_mid_light_calibration.csv
formation_4_mid_light,42,75,330.12,formation_4_mid_light_calibration.csv
formation_4_mid_light,42,80,385.65,formation_4_mid_light_calibration.csv
formation_4_mid_light,42,85,441.96,formation_4_mid_light_calibration.csv
formation_4_mid_light,42,90,498.08,formation_4_mid_light_calibration.csv
formation_4_mid_light,42,95,554.1,formation_4_mid_light_calibration.csv
formation_4_mid_light,42,100,631.68,formation_4_mid_light_calibration.csv
formation_4_mid_light,43,10,7.645,formation_4_mid_light_calibration.csv
formation_4_mid_light,43,15,12.284,formation_4_mid_light_calibration.csv
formation_4_mid_light,43,20,17.321,formation_4_mid_light_calibration.csv
formation_4_mid_light,43,25,22.427,formation_4_mid_light_calibration.csv
formation_4_mid_light,43,30,27.504,formation_4_mid_light_calibration.csv
formation_4_mid_light,43,35,46.144,formation_4_mid_light_calibration.csv
formation_4_mid_light,43,40,73.798,formation_4_mid_light_calibration.csv
formation_4_mid_light,43,45,101.3,formation_4_mid_light_calibration.csv
formation_4_mid_light,43,50,129.18,formation_4_mid_light_calibration.csv
formation_4_mid_light,43,55,157.41,formation_4_mid_light_calibration.csv
formation_4_mid_light,43,60,185.46,formation_4_mid_light_calibration.csv
formation_4_mid_light,43,65,219.15,formation_4_mid_light_calibration.csv
formation_4_mid_light,43,70,275.31,formation_4_mid_light_calibration.csv
formation_4_mid_light,43,75,331.67,formation_4_mid_light_calibration.csv
formation_4_mid_light,43,80,388.05,formation_4_mid_light_calibration.csv
formation_4_mid_light,43,85,444.45,formation_4_mid_light_calibration.csv
formation_4_mid_light,43,90,500.81,formation_4_mid_light_calibration.csv
formation_4_mid_light,43,95,557.09,formation_4_mid_light_calibration.csv
formation_4_mid_light,43,100,635.4,formation_4_mid_light_calibration.csv
formation_4_mid_light,44,10,7.646,formation_4_mid_light_calibration.csv
formation_4_mid_light,44,15,12.322,formation_4_mid_light_calibration.csv
formation_4_mid_light,44,20,17.351,formation_4_mid_light_calibration.csv
formation_4_mid_light,44,25,22.49,formation_4_mid_light_calibration.csv
formation_4_mid_light,44,30,27.608,formation_4_mid_light_calibration.csv
formation_4_mid_light,44,35,46.365,formation_4_mid_light_calibration.csv
formation_4_mid_light,44,40,74.152,formation_4_mid_light_calibration.csv
formation_4_mid_light,44,45,101.87,formation_4_mid_light_calibration.csv
formation_4_mid_light,44,50,130.03,formation_4_mid_light_calibration.csv
formation_4_mid_light,44,55,158.32,formation_4_mid_light_calibration.csv
formation_4_mid_light,44,60,186.35,formation_4_mid_light_calibration.csv
formation_4_mid_light,44,65,220.57,formation_4_mid_light_calibration.csv
formation_4_mid_light,44,70,277.06,formation_4_mid_light_calibration.csv
formation_4_mid_light,44,75,333.82,formation_4_mid_light_calibration.csv
formation_4_mid_light,44,80,390.62,formation_4_mid_light_calibration.csv
formation_4_mid_light,44,85,447.47,formation_4_mid_light_calibration.csv
formation_4_mid_light,44,90,504.17,formation_4_mid_light_calibration.csv
formation_4_mid_light,44,95,561.0,formation_4_mid_light_calibration.csv
formation_4_mid_light,44,100,639.85,formation_4_mid_light_calibration.csv
formation_4_mid_light,45,10,7.726,formation_4_mid_light_calibration.csv
formation_4_mid_light,45,15,12.408,formation_4_mid_light_calibration.csv
formation_4_mid_light,45,20,17.448,formation_4_mid_light_calibration.csv
formation_4_mid_light,45,25,22.571,formation_4_mid_light_calibration.csv
formation_4_mid_light,45,30,27.772,formation_4_mid_light_calibration.csv
formation_4_mid_light,45,35,46.571,formation_4_mid_light_calibration.csv
formation_4_mid_light,45,40,74.464,formation_4_mid_light_calibration.csv
formation_4_mid_light,45,45,102.35,formation_4_mid_light_calibration.csv
formation_4_mid_light,45,50,130.61,formation_4_mid_light_calibration.csv
formation_4_mid_light,45,55,159.03,formation_4_mid_light_calibration.csv
formation_4_mid_light,45,60,187.39,formation_4_mid_light_calibration.csv
formation_4_mid_light,45,65,221.67,formation_4_mid_light_calibration.csv
formation_4_mid_light,45,70,278.45,formation_4_mid_light_calibration.csv
formation_4_mid_light,45,75,335.93,formation_4_mid_light_calibration.csv
formation_4_mid_light,45,80,392.85,formation_4_mid_light_calibration.csv
formation_4_mid_light,45,85,449.86,formation_4_mid_light_calibration.csv
formation_4_mid_light,45,90,507.2,formation_4_mid_light_calibration.csv
formation_4_mid_light,45,95,564.35,formation_4_mid_light_calibration.csv
formation_4_mid_light,45,100,643.82,formation_4_mid_light_calibration.csv
formation_4_mid_light,46,10,7.75,formation_4_mid_light_calibration.csv
formation_4_mid_light,46,15,12.458,formation_4_mid_light_calibration.csv
formation_4_mid_light,46,20,17.473,formation_4_mid_light_calibration.csv
formation_4_mid_light,46,25,22.629,formation_4_mid_light_calibration.csv
formation_4_mid_light,46,30,27.772,formation_4_mid_light_calibration.csv
formation_4_mid_light,46,35,46.735,formation_4_mid_light_calibration.csv
formation_4_mid_light,46,40,74.794,formation_4_mid_light_calibration.csv
formation_4_mid_light,46,45,102.77,formation_4_mid_light_calibration.csv
formation_4_mid_light,46,50,131.12,formation_4_mid_light_calibration.csv
formation_4_mid_light,46,55,159.87,formation_4_mid_light_calibration.csv
formation_4_mid_light,46,60,188.35,formation_4_mid_light_calibration.csv
formation_4_mid_light,46,65,222.75,formation_4_mid_light_calibration.csv
formation_4_mid_light,46,70,280.0,formation_4_mid_light_calibration.csv
formation_4_mid_light,46,75,337.69,formation_4_mid_light_calibration.csv
formation_4_mid_light,46,80,395.02,formation_4_mid_light_calibration.csv
formation_4_mid_light,46,85,452.76,formation_4_mid_light_calibration.csv
formation_4_mid_light,46,90,510.28,formation_4_mid_light_calibration.csv
formation_4_mid_light,46,95,567.76,formation_4_mid_light_calibration.csv
formation_4_mid_light,46,100,648.03,formation_4_mid_light_calibration.csv
formation_4_mid_light,47,10,7.713,formation_4_mid_light_calibration.csv
formation_4_mid_light,47,15,12.432,formation_4_mid_light_calibration.csv
formation_4_mid_light,47,20,17.512,formation_4_mid_light_calibration.csv
formation_4_mid_light,47,25,22.666,formation_4_mid_light_calibration.csv
formation_4_mid_light,47,30,27.84,formation_4_mid_light_calibration.csv
formation_4_mid_light,47,35,46.898,formation_4_mid_light_calibration.csv
formation_4_mid_light,47,40,75.125,formation_4_mid_light_calibration.csv
formation_4_mid_light,47,45,103.23,formation_4_mid_light_calibration.csv
formation_4_mid_light,47,50,131.82,formation_4_mid_light_calibration.csv
formation_4_mid_light,47,55,160.56,formation_4_mid_light_calibration.csv
formation_4_mid_light,47,60,189.07,formation_4_mid_light_calibration.csv
formation_4_mid_light,47,65,223.83,formation_4_mid_light_calibration.csv
formation_4_mid_light,47,70,281.4,formation_4_mid_light_calibration.csv
formation_4_mid_light,47,75,339.52,formation_4_mid_light_calibration.csv
formation_4_mid_light,47,80,397.45,formation_4_mid_light_calibration.csv
formation_4_mid_light,47,85,455.27,formation_4_mid_light_calibration.csv
formation_4_mid_light,47,90,513.12,formation_4_mid_light_calibration.csv
formation_4_mid_light,47,95,571.2,formation_4_mid_light_calibration.csv
formation_4_mid_light,47,100,652.01,formation_4_mid_light_calibration.csv
formation_4_mid_light,48,10,7.741,formation_4_mid_light_calibration.csv
formation_4_mid_light,48,15,12.509,formation_4_mid_light_calibration.csv
formation_4_mid_light,48,20,17.564,formation_4_mid_light_calibration.csv
formation_4_mid_light,48,25,22.735,formation_4_mid_light_calibration.csv
formation_4_mid_light,48,30,27.947,formation_4_mid_light_calibration.csv
formation_4_mid_light,48,35,47.054,formation_4_mid_light_calibration.csv
formation_4_mid_light,48,40,75.423,formation_4_mid_light_calibration.csv
formation_4_mid_light,48,45,103.69,formation_4_mid_light_calibration.csv
formation_4_mid_light,48,50,132.33,formation_4_mid_light_calibration.csv
formation_4_mid_light,48,55,161.21,formation_4_mid_light_calibration.csv
formation_4_mid_light,48,60,190.03,formation_4_mid_light_calibration.csv
formation_4_mid_light,48,65,224.85,formation_4_mid_light_calibration.csv
formation_4_mid_light,48,70,282.71,formation_4_mid_light_calibration.csv
formation_4_mid_light,48,75,341.15,formation_4_mid_light_calibration.csv
formation_4_mid_light,48,80,399.25,formation_4_mid_light_calibration.csv
formation_4_mid_light,48,85,457.56,formation_4_mid_light_calibration.csv
formation_4_mid_light,48,90,515.76,formation_4_mid_light_calibration.csv
formation_4_mid_light,48,95,574.18,formation_4_mid_light_calibration.csv
formation_4_mid_light,48,100,655.17,formation_4_mid_light_calibration.csv
formation_4_mid_light,49,10,7.783,formation_4_mid_light_calibration.csv
formation_4_mid_light,49,15,12.529,formation_4_mid_light_calibration.csv
formation_4_mid_light,49,20,17.662,formation_4_mid_light_calibration.csv
formation_4_mid_light,49,25,22.849,formation_4_mid_light_calibration.csv
formation_4_mid_light,49,30,28.087,formation_4_mid_light_calibration.csv
formation_4_mid_light,49,35,47.271,formation_4_mid_light_calibration.csv
formation_4_mid_light,49,40,75.767,formation_4_mid_light_calibration.csv
formation_4_mid_light,49,45,104.16,formation_4_mid_light_calibration.csv
formation_4_mid_light,49,50,132.9,formation_4_mid_light_calibration.csv
formation_4_mid_light,49,55,162.05,formation_4_mid_light_calibration.csv
formation_4_mid_light,49,60,190.96,formation_4_mid_light_calibration.csv
formation_4_mid_light,49,65,225.86,formation_4_mid_light_calibration.csv
formation_4_mid_light,49,70,284.21,formation_4_mid_light_calibration.csv
formation_4_mid_light,49,75,343.02,formation_4_mid_light_calibration.csv
formation_4_mid_light,49,80,401.46,formation_4_mid_light_calibration.csv
formation_4_mid_light,49,85,460.27,formation_4_mid_light_calibration.csv
formation_4_mid_light,49,90,518.78,formation_4_mid_light_calibration.csv
formation_4_mid_light,49,95,577.29,formation_4_mid_light_calibration.csv
formation_4_mid_light,49,100,659.18,formation_4_mid_light_calibration.csv
formation_4_mid_light,50,10,7.915,formation_4_mid_light_calibration.csv
formation_4_mid_light,50,15,12.732,formation_4_mid_light_calibration.csv
formation_4_mid_light,50,20,17.829,formation_4_mid_light_calibration.csv
formation_4_mid_light,50,25,23.045,formation_4_mid_light_calibration.csv
formation_4_mid_light,50,30,28.312,formation_4_mid_light_calibration.csv
formation_4_mid_light,50,35,47.729,formation_4_mid_light_calibration.csv
formation_4_mid_light,50,40,76.544,formation_4_mid_light_calibration.csv
formation_4_mid_light,50,45,105.29,formation_4_mid_light_calibration.csv
formation_4_mid_light,50,50,134.48,formation_4_mid_light_calibration.csv
formation_4_mid_light,50,55,163.75,formation_4_mid_light_calibration.csv
formation_4_mid_light,50,60,193.1,formation_4_mid_light_calibration.csv
formation_4_mid_light,50,65,228.66,formation_4_mid_light_calibration.csv
formation_4_mid_light,50,70,287.56,formation_4_mid_light_calibration.csv
formation_4_mid_light,50,75,346.73,formation_4_mid_light_calibration.csv
formation_4_mid_light,50,80,406.43,formation_4_mid_light_calibration.csv
formation_4_mid_light,50,85,465.85,formation_4_mid_light_calibration.csv
formation_4_mid_light,50,90,525.04,formation_4_mid_light_calibration.csv
formation_4_mid_light,50,95,584.45,formation_4_mid_light_calibration.csv
formation_4_mid_light,50,100,667.04,formation_4_mid_light_calibration.csv
formation_5_midhigh_light,4,10,4.969,formation_5_midhigh_light_calibration.csv
formation_5_midhigh_light,4,15,8.288,formation_5_midhigh_light_calibration.csv
formation_5_midhigh_light,4,20,11.985,formation_5_midhigh_light_calibration.csv
formation_5_midhigh_light,4,25,15.815,formation_5_midhigh_light_calibration.csv
formation_5_midhigh_light,4,30,19.712,formation_5_midhigh_light_calibration.csv
formation_5_midhigh_light,4,35,29.433,formation_5_midhigh_light_calibration.csv
formation_5_midhigh_light,4,40,42.73,formation_5_midhigh_light_calibration.csv
formation_5_midhigh_light,4,45,56.495,formation_5_midhigh_light_calibration.csv
formation_5_midhigh_light,4,50,70.056,formation_5_midhigh_light_calibration.csv
formation_5_midhigh_light,4,55,84.097,formation_5_midhigh_light_calibration.csv
formation_5_midhigh_light,4,60,97.974,formation_5_midhigh_light_calibration.csv
formation_5_midhigh_light,4,65,113.06,formation_5_midhigh_light_calibration.csv
formation_5_midhigh_light,4,70,132.79,formation_5_midhigh_light_calibration.csv
formation_5_midhigh_light,4,75,152.31,formation_5_midhigh_light_calibration.csv
formation_5_midhigh_light,4,80,171.97,formation_5_midhigh_light_calibration.csv
formation_5_midhigh_light,4,85,191.85,formation_5_midhigh_light_calibration.csv
formation_5_midhigh_light,4,90,211.1,formation_5_midhigh_light_calibration.csv
formation_5_midhigh_light,4,95,230.93,formation_5_midhigh_light_calibration.csv
formation_5_midhigh_light,4,100,251.22,formation_5_midhigh_light_calibration.csv
formation_5_midhigh_light,5,10,5.596,formation_5_midhigh_light_calibration.csv
formation_5_midhigh_light,5,15,9.309,formation_5_midhigh_light_calibration.csv
formation_5_midhigh_light,5,20,13.402,formation_5_midhigh_light_calibration.csv
formation_5_midhigh_light,5,25,17.624,formation_5_midhigh_light_calibration.csv
formation_5_midhigh_light,5,30,21.855,formation_5_midhigh_light_calibration.csv
formation_5_midhigh_light,5,35,33.158,formation_5_midhigh_light_calibration.csv
formation_5_midhigh_light,5,40,48.97,formation_5_midhigh_light_calibration.csv
formation_5_midhigh_light,5,45,64.873,formation_5_midhigh_light_calibration.csv
formation_5_midhigh_light,5,50,80.992,formation_5_midhigh_light_calibration.csv
formation_5_midhigh_light,5,55,97.306,formation_5_midhigh_light_calibration.csv
formation_5_midhigh_light,5,60,113.72,formation_5_midhigh_light_calibration.csv
formation_5_midhigh_light,5,65,131.88,formation_5_midhigh_light_calibration.csv
formation_5_midhigh_light,5,70,156.29,formation_5_midhigh_light_calibration.csv
formation_5_midhigh_light,5,75,180.6,formation_5_midhigh_light_calibration.csv
formation_5_midhigh_light,5,80,205.02,formation_5_midhigh_light_calibration.csv
formation_5_midhigh_light,5,85,229.73,formation_5_midhigh_light_calibration.csv
formation_5_midhigh_light,5,90,254.26,formation_5_midhigh_light_calibration.csv
formation_5_midhigh_light,5,95,278.72,formation_5_midhigh_light_calibration.csv
formation_5_midhigh_light,5,100,305.09,formation_5_midhigh_light_calibration.csv
formation_5_midhigh_light,6,10,6.104,formation_5_midhigh_light_calibration.csv
formation_5_midhigh_light,6,15,10.118,formation_5_midhigh_light_calibration.csv
formation_5_midhigh_light,6,20,14.55,formation_5_midhigh_light_calibration.csv
formation_5_midhigh_light,6,25,19.114,formation_5_midhigh_light_calibration.csv
formation_5_midhigh_light,6,30,23.763,formation_5_midhigh_light_calibration.csv
formation_5_midhigh_light,6,35,36.285,formation_5_midhigh_light_calibration.csv
formation_5_midhigh_light,6,40,54.219,formation_5_midhigh_light_calibration.csv
formation_5_midhigh_light,6,45,72.251,formation_5_midhigh_light_calibration.csv
formation_5_midhigh_light,6,50,90.396,formation_5_midhigh_light_calibration.csv
formation_5_midhigh_light,6,55,108.92,formation_5_midhigh_light_calibration.csv
formation_5_midhigh_light,6,60,127.52,formation_5_midhigh_light_calibration.csv
formation_5_midhigh_light,6,65,148.14,formation_5_midhigh_light_calibration.csv
formation_5_midhigh_light,6,70,176.83,formation_5_midhigh_light_calibration.csv
formation_5_midhigh_light,6,75,205.75,formation_5_midhigh_light_calibration.csv
formation_5_midhigh_light,6,80,234.77,formation_5_midhigh_light_calibration.csv
formation_5_midhigh_light,6,85,263.53,formation_5_midhigh_light_calibration.csv
formation_5_midhigh_light,6,90,292.53,formation_5_midhigh_light_calibration.csv
formation_5_midhigh_light,6,95,321.68,formation_5_midhigh_light_calibration.csv
formation_5_midhigh_light,6,100,353.51,formation_5_midhigh_light_calibration.csv
formation_5_midhigh_light,7,10,6.593,formation_5_midhigh_light_calibration.csv
formation_5_midhigh_light,7,15,10.883,formation_5_midhigh_light_calibration.csv
formation_5_midhigh_light,7,20,15.6,formation_5_midhigh_light_calibration.csv
formation_5_midhigh_light,7,25,20.43,formation_5_midhigh_light_calibration.csv
formation_5_midhigh_light,7,30,25.38,formation_5_midhigh_light_calibration.csv
formation_5_midhigh_light,7,35,39.153,formation_5_midhigh_light_calibration.csv
formation_5_midhigh_light,7,40,58.974,formation_5_midhigh_light_calibration.csv
formation_5_midhigh_light,7,45,78.834,formation_5_midhigh_light_calibration.csv
formation_5_midhigh_light,7,50,98.847,formation_5_midhigh_light_calibration.csv
formation_5_midhigh_light,7,55,119.38,formation_5_midhigh_light_calibration.csv
formation_5_midhigh_light,7,60,139.88,formation_5_midhigh_light_calibration.csv
formation_5_midhigh_light,7,65,162.72,formation_5_midhigh_light_calibration.csv
formation_5_midhigh_light,7,70,195.53,formation_5_midhigh_light_calibration.csv
formation_5_midhigh_light,7,75,228.48,formation_5_midhigh_light_calibration.csv
formation_5_midhigh_light,7,80,261.12,formation_5_midhigh_light_calibration.csv
formation_5_midhigh_light,7,85,294.23,formation_5_midhigh_light_calibration.csv
formation_5_midhigh_light,7,90,327.43,formation_5_midhigh_light_calibration.csv
formation_5_midhigh_light,7,95,360.26,formation_5_midhigh_light_calibration.csv
formation_5_midhigh_light,7,100,398.28,formation_5_midhigh_light_calibration.csv
formation_5_midhigh_light,8,10,7.21,formation_5_midhigh_light_calibration.csv
formation_5_midhigh_light,8,15,11.552,formation_5_midhigh_light_calibration.csv
formation_5_midhigh_light,8,20,16.637,formation_5_midhigh_light_calibration.csv
formation_5_midhigh_light,8,25,21.621,formation_5_midhigh_light_calibration.csv
formation_5_midhigh_light,8,30,26.838,formation_5_midhigh_light_calibration.csv
formation_5_midhigh_light,8,35,41.844,formation_5_midhigh_light_calibration.csv
formation_5_midhigh_light,8,40,63.402,formation_5_midhigh_light_calibration.csv
formation_5_midhigh_light,8,45,85.072,formation_5_midhigh_light_calibration.csv
formation_5_midhigh_light,8,50,106.83,formation_5_midhigh_light_calibration.csv
formation_5_midhigh_light,8,55,129.12,formation_5_midhigh_light_calibration.csv
formation_5_midhigh_light,8,60,151.37,formation_5_midhigh_light_calibration.csv
formation_5_midhigh_light,8,65,176.27,formation_5_midhigh_light_calibration.csv
formation_5_midhigh_light,8,70,212.93,formation_5_midhigh_light_calibration.csv
formation_5_midhigh_light,8,75,249.85,formation_5_midhigh_light_calibration.csv
formation_5_midhigh_light,8,80,286.35,formation_5_midhigh_light_calibration.csv
formation_5_midhigh_light,8,85,323.43,formation_5_midhigh_light_calibration.csv
formation_5_midhigh_light,8,90,359.9,formation_5_midhigh_light_calibration.csv
formation_5_midhigh_light,8,95,397.21,formation_5_midhigh_light_calibration.csv
formation_5_midhigh_light,8,100,440.35,formation_5_midhigh_light_calibration.csv
formation_5_midhigh_light,9,10,7.437,formation_5_midhigh_light_calibration.csv
formation_5_midhigh_light,9,15,12.162,formation_5_midhigh_light_calibration.csv
formation_5_midhigh_light,9,20,17.349,formation_5_midhigh_light_calibration.csv
formation_5_midhigh_light,9,25,22.671,formation_5_midhigh_light_calibration.csv
formation_5_midhigh_light,9,30,28.086,formation_5_midhigh_light_calibration.csv
formation_5_midhigh_light,9,35,44.196,formation_5_midhigh_light_calibration.csv
formation_5_midhigh_light,9,40,67.205,formation_5_midhigh_light_calibration.csv
formation_5_midhigh_light,9,45,90.335,formation_5_midhigh_light_calibration.csv
formation_5_midhigh_light,9,50,113.78,formation_5_midhigh_light_calibration.csv
formation_5_midhigh_light,9,55,137.62,formation_5_midhigh_light_calibration.csv
formation_5_midhigh_light,9,60,161.53,formation_5_midhigh_light_calibration.csv
formation_5_midhigh_light,9,65,188.17,formation_5_midhigh_light_calibration.csv
formation_5_midhigh_light,9,70,228.46,formation_5_midhigh_light_calibration.csv
formation_5_midhigh_light,9,75,268.39,formation_5_midhigh_light_calibration.csv
formation_5_midhigh_light,9,80,308.71,formation_5_midhigh_light_calibration.csv
formation_5_midhigh_light,9,85,348.62,formation_5_midhigh_light_calibration.csv
formation_5_midhigh_light,9,90,389.15,formation_5_midhigh_light_calibration.csv
formation_5_midhigh_light,9,95,429.31,formation_5_midhigh_light_calibration.csv
formation_5_midhigh_light,9,100,477.5,formation_5_midhigh_light_calibration.csv
formation_5_midhigh_light,10,10,7.749,formation_5_midhigh_light_calibration.csv
formation_5_midhigh_light,10,15,12.708,formation_5_midhigh_light_calibration.csv
formation_5_midhigh_light,10,20,18.083,formation_5_midhigh_light_calibration.csv
formation_5_midhigh_light,10,25,23.646,formation_5_midhigh_light_calibration.csv
formation_5_midhigh_light,10,30,29.244,formation_5_midhigh_light_calibration.csv
formation_5_midhigh_light,10,35,46.247,formation_5_midhigh_light_calibration.csv
formation_5_midhigh_light,10,40,70.787,formation_5_midhigh_light_calibration.csv
formation_5_midhigh_light,10,45,95.236,formation_5_midhigh_light_calibration.csv
formation_5_midhigh_light,10,50,120.05,formation_5_midhigh_light_calibration.csv
formation_5_midhigh_light,10,55,145.47,formation_5_midhigh_light_calibration.csv
formation_5_midhigh_light,10,60,170.66,formation_5_midhigh_light_calibration.csv
formation_5_midhigh_light,10,65,199.16,formation_5_midhigh_light_calibration.csv
formation_5_midhigh_light,10,70,242.72,formation_5_midhigh_light_calibration.csv
formation_5_midhigh_light,10,75,285.64,formation_5_midhigh_light_calibration.csv
formation_5_midhigh_light,10,80,329.17,formation_5_midhigh_light_calibration.csv
formation_5_midhigh_light,10,85,372.25,formation_5_midhigh_light_calibration.csv
formation_5_midhigh_light,10,90,415.85,formation_5_midhigh_light_calibration.csv
formation_5_midhigh_light,10,95,459.36,formation_5_midhigh_light_calibration.csv
formation_5_midhigh_light,10,100,512.39,formation_5_midhigh_light_calibration.csv
formation_5_midhigh_light,11,10,8.04,formation_5_midhigh_light_calibration.csv
formation_5_midhigh_light,11,15,13.18,formation_5_midhigh_light_calibration.csv
formation_5_midhigh_light,11,20,18.776,formation_5_midhigh_light_calibration.csv
formation_5_midhigh_light,11,25,24.502,formation_5_midhigh_light_calibration.csv
formation_5_midhigh_light,11,30,30.287,formation_5_midhigh_light_calibration.csv
formation_5_midhigh_light,11,35,48.182,formation_5_midhigh_light_calibration.csv
formation_5_midhigh_light,11,40,73.968,formation_5_midhigh_light_calibration.csv
formation_5_midhigh_light,11,45,99.763,formation_5_midhigh_light_calibration.csv
formation_5_midhigh_light,11,50,125.98,formation_5_midhigh_light_calibration.csv
formation_5_midhigh_light,11,55,152.6,formation_5_midhigh_light_calibration.csv
formation_5_midhigh_light,11,60,178.99,formation_5_midhigh_light_calibration.csv
formation_5_midhigh_light,11,65,209.39,formation_5_midhigh_light_calibration.csv
formation_5_midhigh_light,11,70,255.72,formation_5_midhigh_light_calibration.csv
formation_5_midhigh_light,11,75,301.99,formation_5_midhigh_light_calibration.csv
formation_5_midhigh_light,11,80,347.95,formation_5_midhigh_light_calibration.csv
formation_5_midhigh_light,11,85,394.48,formation_5_midhigh_light_calibration.csv
formation_5_midhigh_light,11,90,440.74,formation_5_midhigh_light_calibration.csv
formation_5_midhigh_light,11,95,487.3,formation_5_midhigh_light_calibration.csv
formation_5_midhigh_light,11,100,544.53,formation_5_midhigh_light_calibration.csv
formation_5_midhigh_light,12,10,8.361,formation_5_midhigh_light_calibration.csv
formation_5_midhigh_light,12,15,13.652,formation_5_midhigh_light_calibration.csv
formation_5_midhigh_light,12,20,19.406,formation_5_midhigh_light_calibration.csv
formation_5_midhigh_light,12,25,25.286,formation_5_midhigh_light_calibration.csv
formation_5_midhigh_light,12,30,31.264,formation_5_midhigh_light_calibration.csv
formation_5_midhigh_light,12,35,49.892,formation_5_midhigh_light_calibration.csv
formation_5_midhigh_light,12,40,76.962,formation_5_midhigh_light_calibration.csv
formation_5_midhigh_light,12,45,104.12,formation_5_midhigh_light_calibration.csv
formation_5_midhigh_light,12,50,131.53,formation_5_midhigh_light_calibration.csv
formation_5_midhigh_light,12,55,159.31,formation_5_midhigh_light_calibration.csv
formation_5_midhigh_light,12,60,187.19,formation_5_midhigh_light_calibration.csv
formation_5_midhigh_light,12,65,219.09,formation_5_midhigh_light_calibration.csv
formation_5_midhigh_light,12,70,267.76,formation_5_midhigh_light_calibration.csv
formation_5_midhigh_light,12,75,317.1,formation_5_midhigh_light_calibration.csv
formation_5_midhigh_light,12,80,365.67,formation_5_midhigh_light_calibration.csv
formation_5_midhigh_light,12,85,414.99,formation_5_midhigh_light_calibration.csv
formation_5_midhigh_light,12,90,464.21,formation_5_midhigh_light_calibration.csv
formation_5_midhigh_light,12,95,513.2,formation_5_midhigh_light_calibration.csv
formation_5_midhigh_light,12,100,574.84,formation_5_midhigh_light_calibration.csv
formation_5_midhigh_light,13,10,8.895,formation_5_midhigh_light_calibration.csv
formation_5_midhigh_light,13,15,14.479,formation_5_midhigh_light_calibration.csv
formation_5_midhigh_light,13,20,20.544,formation_5_midhigh_light_calibration.csv
formation_5_midhigh_light,13,25,26.765,formation_5_midhigh_light_calibration.csv
formation_5_midhigh_light,13,30,32.983,formation_5_midhigh_light_calibration.csv
formation_5_midhigh_light,13,35,52.99,formation_5_midhigh_light_calibration.csv
formation_5_midhigh_light,13,40,82.132,formation_5_midhigh_light_calibration.csv
formation_5_midhigh_light,13,45,111.07,formation_5_midhigh_light_calibration.csv
formation_5_midhigh_light,13,50,140.58,formation_5_midhigh_light_calibration.csv
formation_5_midhigh_light,13,55,170.48,formation_5_midhigh_light_calibration.csv
formation_5_midhigh_light,13,60,200.12,formation_5_midhigh_light_calibration.csv
formation_5_midhigh_light,13,65,234.64,formation_5_midhigh_light_calibration.csv
formation_5_midhigh_light,13,70,287.11,formation_5_midhigh_light_calibration.csv
formation_5_midhigh_light,13,75,339.98,formation_5_midhigh_light_calibration.csv
formation_5_midhigh_light,13,80,392.62,formation_5_midhigh_light_calibration.csv
formation_5_midhigh_light,13,85,445.64,formation_5_midhigh_light_calibration.csv
formation_5_midhigh_light,13,90,498.28,formation_5_midhigh_light_calibration.csv
formation_5_midhigh_light,13,95,551.25,formation_5_midhigh_light_calibration.csv
formation_5_midhigh_light,13,100,617.82,formation_5_midhigh_light_calibration.csv
formation_5_midhigh_light,14,10,9.018,formation_5_midhigh_light_calibration.csv
formation_5_midhigh_light,14,15,14.715,formation_5_midhigh_light_calibration.csv
formation_5_midhigh_light,14,20,20.902,formation_5_midhigh_light_calibration.csv
formation_5_midhigh_light,14,25,27.209,formation_5_midhigh_light_calibration.csv
formation_5_midhigh_light,14,30,33.582,formation_5_midhigh_light_calibration.csv
formation_5_midhigh_light,14,35,54.209,formation_5_midhigh_light_calibration.csv
formation_5_midhigh_light,14,40,84.167,formation_5_midhigh_light_calibration.csv
formation_5_midhigh_light,14,45,114.13,formation_5_midhigh_light_calibration.csv
formation_5_midhigh_light,14,50,144.62,formation_5_midhigh_light_calibration.csv
formation_5_midhigh_light,14,55,175.15,formation_5_midhigh_light_calibration.csv
formation_5_midhigh_light,14,60,205.93,formation_5_midhigh_light_calibration.csv
formation_5_midhigh_light,14,65,241.63,formation_5_midhigh_light_calibration.csv
formation_5_midhigh_light,14,70,296.08,formation_5_midhigh_light_calibration.csv
formation_5_midhigh_light,14,75,350.79,formation_5_midhigh_light_calibration.csv
formation_5_midhigh_light,14,80,405.97,formation_5_midhigh_light_calibration.csv
formation_5_midhigh_light,14,85,460.82,formation_5_midhigh_light_calibration.csv
formation_5_midhigh_light,14,90,515.85,formation_5_midhigh_light_calibration.csv
formation_5_midhigh_light,14,95,570.84,formation_5_midhigh_light_calibration.csv
formation_5_midhigh_light,14,100,640.76,formation_5_midhigh_light_calibration.csv
formation_5_midhigh_light,15,10,9.215,formation_5_midhigh_light_calibration.csv
formation_5_midhigh_light,15,15,15.029,formation_5_midhigh_light_calibration.csv
formation_5_midhigh_light,15,20,21.326,formation_5_midhigh_light_calibration.csv
formation_5_midhigh_light,15,25,27.757,formation_5_midhigh_light_calibration.csv
formation_5_midhigh_light,15,30,34.284,formation_5_midhigh_light_calibration.csv
formation_5_midhigh_light,15,35,55.454,formation_5_midhigh_light_calibration.csv
formation_5_midhigh_light,15,40,86.275,formation_5_midhigh_light_calibration.csv
formation_5_midhigh_light,15,45,117.32,formation_5_midhigh_light_calibration.csv
formation_5_midhigh_light,15,50,148.66,formation_5_midhigh_light_calibration.csv
formation_5_midhigh_light,15,55,180.18,formation_5_midhigh_light_calibration.csv
formation_5_midhigh_light,15,60,211.85,formation_5_midhigh_light_calibration.csv
formation_5_midhigh_light,15,65,248.65,formation_5_midhigh_light_calibration.csv
formation_5_midhigh_light,15,70,305.59,formation_5_midhigh_light_calibration.csv
formation_5_midhigh_light,15,75,362.33,formation_5_midhigh_light_calibration.csv
formation_5_midhigh_light,15,80,419.46,formation_5_midhigh_light_calibration.csv
formation_5_midhigh_light,15,85,476.61,formation_5_midhigh_light_calibration.csv
formation_5_midhigh_light,15,90,533.78,formation_5_midhigh_light_calibration.csv
formation_5_midhigh_light,15,95,590.73,formation_5_midhigh_light_calibration.csv
formation_5_midhigh_light,15,100,664.06,formation_5_midhigh_light_calibration.csv
formation_5_midhigh_light,16,10,9.405,formation_5_midhigh_light_calibration.csv
formation_5_midhigh_light,16,15,15.324,formation_5_midhigh_light_calibration.csv
formation_5_midhigh_light,16,20,21.727,formation_5_midhigh_light_calibration.csv
formation_5_midhigh_light,16,25,28.281,formation_5_midhigh_light_calibration.csv
formation_5_midhigh_light,16,30,34.859,formation_5_midhigh_light_calibration.csv
formation_5_midhigh_light,16,35,56.614,formation_5_midhigh_light_calibration.csv
formation_5_midhigh_light,16,40,88.322,formation_5_midhigh_light_calibration.csv
formation_5_midhigh_light,16,45,120.12,formation_5_midhigh_light_calibration.csv
formation_5_midhigh_light,16,50,152.33,formation_5_midhigh_light_calibration.csv
formation_5_midhigh_light,16,55,184.83,formation_5_midhigh_light_calibration.csv
formation_5_midhigh_light,16,60,217.45,formation_5_midhigh_light_calibration.csv
formation_5_midhigh_light,16,65,255.14,formation_5_midhigh_light_calibration.csv
formation_5_midhigh_light,16,70,314.2,formation_5_midhigh_light_calibration.csv
formation_5_midhigh_light,16,75,372.82,formation_5_midhigh_light_calibration.csv
formation_5_midhigh_light,16,80,431.71,formation_5_midhigh_light_calibration.csv
formation_5_midhigh_light,16,85,491.37,formation_5_midhigh_light_calibration.csv
formation_5_midhigh_light,16,90,550.46,formation_5_midhigh_light_calibration.csv
formation_5_midhigh_light,16,95,609.59,formation_5_midhigh_light_calibration.csv
formation_5_midhigh_light,16,100,686.35,formation_5_midhigh_light_calibration.csv
formation_5_midhigh_light,17,10,9.5884,formation_5_midhigh_light_calibration.csv
formation_5_midhigh_light,17,15,15.615,formation_5_midhigh_light_calibration.csv
formation_5_midhigh_light,17,20,22.085,formation_5_midhigh_light_calibration.csv
formation_5_midhigh_light,17,25,28.716,formation_5_midhigh_light_calibration.csv
formation_5_midhigh_light,17,30,35.427,formation_5_midhigh_light_calibration.csv
formation_5_midhigh_light,17,35,57.705,formation_5_midhigh_light_calibration.csv
formation_5_midhigh_light,17,40,90.087,formation_5_midhigh_light_calibration.csv
formation_5_midhigh_light,17,45,122.67,formation_5_midhigh_light_calibration.csv
formation_5_midhigh_light,17,50,155.73,formation_5_midhigh_light_calibration.csv
formation_5_midhigh_light,17,55,188.85,formation_5_midhigh_light_calibration.csv
formation_5_midhigh_light,17,60,222.3,formation_5_midhigh_light_calibration.csv
formation_5_midhigh_light,17,65,260.83,formation_5_midhigh_light_calibration.csv
formation_5_midhigh_light,17,70,321.68,formation_5_midhigh_light_calibration.csv
formation_5_midhigh_light,17,75,382.19,formation_5_midhigh_light_calibration.csv
formation_5_midhigh_light,17,80,443.58,formation_5_midhigh_light_calibration.csv
formation_5_midhigh_light,17,85,504.28,formation_5_midhigh_light_calibration.csv
formation_5_midhigh_light,17,90,565.4,formation_5_midhigh_light_calibration.csv
formation_5_midhigh_light,17,95,626.39,formation_5_midhigh_light_calibration.csv
formation_5_midhigh_light,17,100,705.7,formation_5_midhigh_light_calibration.csv
formation_5_midhigh_light,18,10,9.7405,formation_5_midhigh_light_calibration.csv
formation_5_midhigh_light,18,15,15.835,formation_5_midhigh_light_calibration.csv
formation_5_midhigh_light,18,20,22.435,formation_5_midhigh_light_calibration.csv
formation_5_midhigh_light,18,25,29.166,formation_5_midhigh_light_calibration.csv
formation_5_midhigh_light,18,30,35.98,formation_5_midhigh_light_calibration.csv
formation_5_midhigh_light,18,35,58.72,formation_5_midhigh_light_calibration.csv
formation_5_midhigh_light,18,40,91.947,formation_5_midhigh_light_calibration.csv
formation_5_midhigh_light,18,45,125.35,formation_5_midhigh_light_calibration.csv
formation_5_midhigh_light,18,50,159.1,formation_5_midhigh_light_calibration.csv
formation_5_midhigh_light,18,55,192.96,formation_5_midhigh_light_calibration.csv
formation_5_midhigh_light,18,60,227.41,formation_5_midhigh_light_calibration.csv
formation_5_midhigh_light,18,65,266.62,formation_5_midhigh_light_calibration.csv
formation_5_midhigh_light,18,70,329.45,formation_5_midhigh_light_calibration.csv
formation_5_midhigh_light,18,75,392.21,formation_5_midhigh_light_calibration.csv
formation_5_midhigh_light,18,80,454.67,formation_5_midhigh_light_calibration.csv
formation_5_midhigh_light,18,85,517.48,formation_5_midhigh_light_calibration.csv
formation_5_midhigh_light,18,90,580.39,formation_5_midhigh_light_calibration.csv
formation_5_midhigh_light,18,95,642.98,formation_5_midhigh_light_calibration.csv
formation_5_midhigh_light,18,100,725.31,formation_5_midhigh_light_calibration.csv
formation_5_midhigh_light,19,10,9.8914,formation_5_midhigh_light_calibration.csv
formation_5_midhigh_light,19,15,16.047,formation_5_midhigh_light_calibration.csv
formation_5_midhigh_light,19,20,22.732,formation_5_midhigh_light_calibration.csv
formation_5_midhigh_light,19,25,29.558,formation_5_midhigh_light_calibration.csv
formation_5_midhigh_light,19,30,36.403,formation_5_midhigh_light_calibration.csv
formation_5_midhigh_light,19,35,59.622,formation_5_midhigh_light_calibration.csv
formation_5_midhigh_light,19,40,93.566,formation_5_midhigh_light_calibration.csv
formation_5_midhigh_light,19,45,127.58,formation_5_midhigh_light_calibration.csv
formation_5_midhigh_light,19,50,161.96,formation_5_midhigh_light_calibration.csv
formation_5_midhigh_light,19,55,196.61,formation_5_midhigh_light_calibration.csv
formation_5_midhigh_light,19,60,231.54,formation_5_midhigh_light_calibration.csv
formation_5_midhigh_light,19,65,271.88,formation_5_midhigh_light_calibration.csv
formation_5_midhigh_light,19,70,336.46,formation_5_midhigh_light_calibration.csv
formation_5_midhigh_light,19,75,400.48,formation_5_midhigh_light_calibration.csv
formation_5_midhigh_light,19,80,464.7,formation_5_midhigh_light_calibration.csv
formation_5_midhigh_light,19,85,529.43,formation_5_midhigh_light_calibration.csv
formation_5_midhigh_light,19,90,593.6,formation_5_midhigh_light_calibration.csv
formation_5_midhigh_light,19,95,658.03,formation_5_midhigh_light_calibration.csv
formation_5_midhigh_light,19,100,743.14,formation_5_midhigh_light_calibration.csv
formation_5_midhigh_light,20,10,10.036,formation_5_midhigh_light_calibration.csv
formation_5_midhigh_light,20,15,16.271,formation_5_midhigh_light_calibration.csv
formation_5_midhigh_light,20,20,23.041,formation_5_midhigh_light_calibration.csv
formation_5_midhigh_light,20,25,29.943,formation_5_midhigh_light_calibration.csv
formation_5_midhigh_light,20,30,36.899,formation_5_midhigh_light_calibration.csv
formation_5_midhigh_light,20,35,60.583,formation_5_midhigh_light_calibration.csv
formation_5_midhigh_light,20,40,95.162,formation_5_midhigh_light_calibration.csv
formation_5_midhigh_light,20,45,130.01,formation_5_midhigh_light_calibration.csv
formation_5_midhigh_light,20,50,165.17,formation_5_midhigh_light_calibration.csv
formation_5_midhigh_light,20,55,200.41,formation_5_midhigh_light_calibration.csv
formation_5_midhigh_light,20,60,236.07,formation_5_midhigh_light_calibration.csv
formation_5_midhigh_light,20,65,277.41,formation_5_midhigh_light_calibration.csv
formation_5_midhigh_light,20,70,343.38,formation_5_midhigh_light_calibration.csv
formation_5_midhigh_light,20,75,409.21,formation_5_midhigh_light_calibration.csv
formation_5_midhigh_light,20,80,475.35,formation_5_midhigh_light_calibration.csv
formation_5_midhigh_light,20,85,541.28,formation_5_midhigh_light_calibration.csv
formation_5_midhigh_light,20,90,607.35,formation_5_midhigh_light_calibration.csv
formation_5_midhigh_light,20,95,673.76,formation_5_midhigh_light_calibration.csv
formation_5_midhigh_light,20,100,760.95,formation_5_midhigh_light_calibration.csv
formation_5_midhigh_light,21,10,10.169,formation_5_midhigh_light_calibration.csv
formation_5_midhigh_light,21,15,16.499,formation_5_midhigh_light_calibration.csv
formation_5_midhigh_light,21,20,23.325,formation_5_midhigh_light_calibration.csv
formation_5_midhigh_light,21,25,30.304,formation_5_midhigh_light_calibration.csv
formation_5_midhigh_light,21,30,37.341,formation_5_midhigh_light_calibration.csv
formation_5_midhigh_light,21,35,61.44,formation_5_midhigh_light_calibration.csv
formation_5_midhigh_light,21,40,96.679,formation_5_midhigh_light_calibration.csv
formation_5_midhigh_light,21,45,132.26,formation_5_midhigh_light_calibration.csv
formation_5_midhigh_light,21,50,167.94,formation_5_midhigh_light_calibration.csv
formation_5_midhigh_light,21,55,203.84,formation_5_midhigh_light_calibration.csv
formation_5_midhigh_light,21,60,240.48,formation_5_midhigh_light_calibration.csv
formation_5_midhigh_light,21,65,282.24,formation_5_midhigh_light_calibration.csv
formation_5_midhigh_light,21,70,349.57,formation_5_midhigh_light_calibration.csv
formation_5_midhigh_light,21,75,417.47,formation_5_midhigh_light_calibration.csv
formation_5_midhigh_light,21,80,484.93,formation_5_midhigh_light_calibration.csv
formation_5_midhigh_light,21,85,552.5,formation_5_midhigh_light_calibration.csv
formation_5_midhigh_light,21,90,620.45,formation_5_midhigh_light_calibration.csv
formation_5_midhigh_light,21,95,687.76,formation_5_midhigh_light_calibration.csv
formation_5_midhigh_light,21,100,777.92,formation_5_midhigh_light_calibration.csv
formation_5_midhigh_light,22,10,10.3,formation_5_midhigh_light_calibration.csv
formation_5_midhigh_light,22,15,16.702,formation_5_midhigh_light_calibration.csv
formation_5_midhigh_light,22,20,23.613,formation_5_midhigh_light_calibration.csv
formation_5_midhigh_light,22,25,30.67,formation_5_midhigh_light_calibration.csv
formation_5_midhigh_light,22,30,37.72,formation_5_midhigh_light_calibration.csv
formation_5_midhigh_light,22,35,62.225,formation_5_midhigh_light_calibration.csv
formation_5_midhigh_light,22,40,98.097,formation_5_midhigh_light_calibration.csv
formation_5_midhigh_light,22,45,134.18,formation_5_midhigh_light_calibration.csv
formation_5_midhigh_light,22,50,170.48,formation_5_midhigh_light_calibration.csv
formation_5_midhigh_light,22,55,207.11,formation_5_midhigh_light_calibration.csv
formation_5_midhigh_light,22,60,243.94,formation_5_midhigh_light_calibration.csv
formation_5_midhigh_light,22,65,286.75,formation_5_midhigh_light_calibration.csv
formation_5_midhigh_light,22,70,355.63,formation_5_midhigh_light_calibration.csv
formation_5_midhigh_light,22,75,424.71,formation_5_midhigh_light_calibration.csv
formation_5_midhigh_light,22,80,493.5,formation_5_midhigh_light_calibration.csv
formation_5_midhigh_light,22,85,562.76,formation_5_midhigh_light_calibration.csv
formation_5_midhigh_light,22,90,631.6,formation_5_midhigh_light_calibration.csv
formation_5_midhigh_light,22,95,700.75,formation_5_midhigh_light_calibration.csv
formation_5_midhigh_light,22,100,793.1,formation_5_midhigh_light_calibration.csv
formation_5_midhigh_light,23,10,10.413,formation_5_midhigh_light_calibration.csv
formation_5_midhigh_light,23,15,16.866,formation_5_midhigh_light_calibration.csv
formation_5_midhigh_light,23,20,23.885,formation_5_midhigh_light_calibration.csv
formation_5_midhigh_light,23,25,30.971,formation_5_midhigh_light_calibration.csv
formation_5_midhigh_light,23,30,38.137,formation_5_midhigh_light_calibration.csv
formation_5_midhigh_light,23,35,63.052,formation_5_midhigh_light_calibration.csv
formation_5_midhigh_light,23,40,99.447,formation_5_midhigh_light_calibration.csv
formation_5_midhigh_light,23,45,136.15,formation_5_midhigh_light_calibration.csv
formation_5_midhigh_light,23,50,172.98,formation_5_midhigh_light_calibration.csv
formation_5_midhigh_light,23,55,210.22,formation_5_midhigh_light_calibration.csv
formation_5_midhigh_light,23,60,247.74,formation_5_midhigh_light_calibration.csv
formation_5_midhigh_light,23,65,291.42,formation_5_midhigh_light_calibration.csv
formation_5_midhigh_light,23,70,361.36,formation_5_midhigh_light_calibration.csv
formation_5_midhigh_light,23,75,431.62,formation_5_midhigh_light_calibration.csv
formation_5_midhigh_light,23,80,502.65,formation_5_midhigh_light_calibration.csv
formation_5_midhigh_light,23,85,572.82,formation_5_midhigh_light_calibration.csv
formation_5_midhigh_light,23,90,643.5,formation_5_midhigh_light_calibration.csv
formation_5_midhigh_light,23,95,714.04,formation_5_midhigh_light_calibration.csv
formation_5_midhigh_light,23,100,808.35,formation_5_midhigh_light_calibration.csv
formation_5_midhigh_light,24,10,10.551,formation_5_midhigh_light_calibration.csv
formation_5_midhigh_light,24,15,17.091,formation_5_midhigh_light_calibration.csv
formation_5_midhigh_light,24,20,24.094,formation_5_midhigh_light_calibration.csv
formation_5_midhigh_light,24,25,31.036,formation_5_midhigh_light_calibration.csv
formation_5_midhigh_light,24,30,38.521,formation_5_midhigh_light_calibration.csv
formation_5_midhigh_light,24,35,63.743,formation_5_midhigh_light_calibration.csv
formation_5_midhigh_light,24,40,100.67,formation_5_midhigh_light_calibration.csv
formation_5_midhigh_light,24,45,137.98,formation_5_midhigh_light_calibration.csv
formation_5_midhigh_light,24,50,175.32,formation_5_midhigh_light_calibration.csv
formation_5_midhigh_light,24,55,213.14,formation_5_midhigh_light_calibration.csv
formation_5_midhigh_light,24,60,251.35,formation_5_midhigh_light_calibration.csv
formation_5_midhigh_light,24,65,295.35,formation_5_midhigh_light_calibration.csv
formation_5_midhigh_light,24,70,366.98,formation_5_midhigh_light_calibration.csv
formation_5_midhigh_light,24,75,439.1,formation_5_midhigh_light_calibration.csv
formation_5_midhigh_light,24,80,510.51,formation_5_midhigh_light_calibration.csv
formation_5_midhigh_light,24,85,582.28,formation_5_midhigh_light_calibration.csv
formation_5_midhigh_light,24,90,654.31,formation_5_midhigh_light_calibration.csv
formation_5_midhigh_light,24,95,725.85,formation_5_midhigh_light_calibration.csv
formation_5_midhigh_light,24,100,822.48,formation_5_midhigh_light_calibration.csv
formation_5_midhigh_light,25,10,11.011,formation_5_midhigh_light_calibration.csv
formation_5_midhigh_light,25,15,17.802,formation_5_midhigh_light_calibration.csv
formation_5_midhigh_light,25,20,25.118,formation_5_midhigh_light_calibration.csv
formation_5_midhigh_light,25,25,32.579,formation_5_midhigh_light_calibration.csv
formation_5_midhigh_light,25,30,40.098,formation_5_midhigh_light_calibration.csv
formation_5_midhigh_light,25,35,66.447,formation_5_midhigh_light_calibration.csv
formation_5_midhigh_light,25,40,105.22,formation_5_midhigh_light_calibration.csv
formation_5_midhigh_light,25,45,144.12,formation_5_midhigh_light_calibration.csv
formation_5_midhigh_light,25,50,183.1,formation_5_midhigh_light_calibration.csv
formation_5_midhigh_light,25,55,223.06,formation_5_midhigh_light_calibration.csv
formation_5_midhigh_light,25,60,262.38,formation_5_midhigh_light_calibration.csv
formation_5_midhigh_light,25,65,309.15,formation_5_midhigh_light_calibration.csv
formation_5_midhigh_light,25,70,383.73,formation_5_midhigh_light_calibration.csv
formation_5_midhigh_light,25,75,458.92,formation_5_midhigh_light_calibration.csv
formation_5_midhigh_light,25,80,533.68,formation_5_midhigh_light_calibration.csv
formation_5_midhigh_light,25,85,608.92,formation_5_midhigh_light_calibration.csv
formation_5_midhigh_light,25,90,683.87,formation_5_midhigh_light_calibration.csv
formation_5_midhigh_light,25,95,758.7,formation_5_midhigh_light_calibration.csv
formation_5_midhigh_light,25,100,858.82,formation_5_midhigh_light_calibration.csv
formation_5_midhigh_light,26,10,11.108,formation_5_midhigh_light_calibration.csv
formation_5_midhigh_light,26,15,17.96,formation_5_midhigh_light_calibration.csv
formation_5_midhigh_light,26,20,25.331,formation_5_midhigh_light_calibration.csv
formation_5_midhigh_light,26,25,32.821,formation_5_midhigh_light_calibration.csv
formation_5_midhigh_light,26,30,40.385,formation_5_midhigh_light_calibration.csv
formation_5_midhigh_light,26,35,67.119,formation_5_midhigh_light_calibration.csv
formation_5_midhigh_light,26,40,106.24,formation_5_midhigh_light_calibration.csv
formation_5_midhigh_light,26,45,145.66,formation_5_midhigh_light_calibration.csv
formation_5_midhigh_light,26,50,185.21,formation_5_midhigh_light_calibration.csv
formation_5_midhigh_light,26,55,225.47,formation_5_midhigh_light_calibration.csv
formation_5_midhigh_light,26,60,265.26,formation_5_midhigh_light_calibration.csv
formation_5_midhigh_light,26,65,312.78,formation_5_midhigh_light_calibration.csv
formation_5_midhigh_light,26,70,388.42,formation_5_midhigh_light_calibration.csv
formation_5_midhigh_light,26,75,464.58,formation_5_midhigh_light_calibration.csv
formation_5_midhigh_light,26,80,540.78,formation_5_midhigh_light_calibration.csv
formation_5_midhigh_light,26,85,616.62,formation_5_midhigh_light_calibration.csv
formation_5_midhigh_light,26,90,692.73,formation_5_midhigh_light_calibration.csv
formation_5_midhigh_light,26,95,769.1,formation_5_midhigh_light_calibration.csv
formation_5_midhigh_light,26,100,870.35,formation_5_midhigh_light_calibration.csv
formation_5_midhigh_light,27,10,11.183,formation_5_midhigh_light_calibration.csv
formation_5_midhigh_light,27,15,18.086,formation_5_midhigh_light_calibration.csv
formation_5_midhigh_light,27,20,25.509,formation_5_midhigh_light_calibration.csv
formation_5_midhigh_light,27,25,33.055,formation_5_midhigh_light_calibration.csv
formation_5_midhigh_light,27,30,40.542,formation_5_midhigh_light_calibration.csv
formation_5_midhigh_light,27,35,67.619,formation_5_midhigh_light_calibration.csv
formation_5_midhigh_light,27,40,107.21,formation_5_midhigh_light_calibration.csv
formation_5_midhigh_light,27,45,147.13,formation_5_midhigh_light_calibration.csv
formation_5_midhigh_light,27,50,186.96,formation_5_midhigh_light_calibration.csv
formation_5_midhigh_light,27,55,227.66,formation_5_midhigh_light_calibration.csv
formation_5_midhigh_light,27,60,268.03,formation_5_midhigh_light_calibration.csv
formation_5_midhigh_light,27,65,315.78,formation_5_midhigh_light_calibration.csv
formation_5_midhigh_light,27,70,392.77,formation_5_midhigh_light_calibration.csv
formation_5_midhigh_light,27,75,469.96,formation_5_midhigh_light_calibration.csv
formation_5_midhigh_light,27,80,546.67,formation_5_midhigh_light_calibration.csv
formation_5_midhigh_light,27,85,623.96,formation_5_midhigh_light_calibration.csv
formation_5_midhigh_light,27,90,701.18,formation_5_midhigh_light_calibration.csv
formation_5_midhigh_light,27,95,778.42,formation_5_midhigh_light_calibration.csv
formation_5_midhigh_light,27,100,881.34,formation_5_midhigh_light_calibration.csv
formation_5_midhigh_light,28,10,11.254,formation_5_midhigh_light_calibration.csv
formation_5_midhigh_light,28,15,18.176,formation_5_midhigh_light_calibration.csv
formation_5_midhigh_light,28,20,25.622,formation_5_midhigh_light_calibration.csv
formation_5_midhigh_light,28,25,33.303,formation_5_midhigh_light_calibration.csv
formation_5_midhigh_light,28,30,40.893,formation_5_midhigh_light_calibration.csv
formation_5_midhigh_light,28,35,68.097,formation_5_midhigh_light_calibration.csv
formation_5_midhigh_light,28,40,108.08,formation_5_midhigh_light_calibration.csv
formation_5_midhigh_light,28,45,148.3,formation_5_midhigh_light_calibration.csv
formation_5_midhigh_light,28,50,188.53,formation_5_midhigh_light_calibration.csv
formation_5_midhigh_light,28,55,229.67,formation_5_midhigh_light_calibration.csv
formation_5_midhigh_light,28,60,270.31,formation_5_midhigh_light_calibration.csv
formation_5_midhigh_light,28,65,318.5,formation_5_midhigh_light_calibration.csv
formation_5_midhigh_light,28,70,396.6,formation_5_midhigh_light_calibration.csv
formation_5_midhigh_light,28,75,474.44,formation_5_midhigh_light_calibration.csv
formation_5_midhigh_light,28,80,552.37,formation_5_midhigh_light_calibration.csv
formation_5_midhigh_light,28,85,630.76,formation_5_midhigh_light_calibration.csv
formation_5_midhigh_light,28,90,708.42,formation_5_midhigh_light_calibration.csv
formation_5_midhigh_light,28,95,786.4,formation_5_midhigh_light_calibration.csv
formation_5_midhigh_light,28,100,891.46,formation_5_midhigh_light_calibration.csv
formation_5_midhigh_light,29,10,11.34,formation_5_midhigh_light_calibration.csv
formation_5_midhigh_light,29,15,18.318,formation_5_midhigh_light_calibration.csv
formation_5_midhigh_light,29,20,25.822,formation_5_midhigh_light_calibration.csv
formation_5_midhigh_light,29,25,33.466,formation_5_midhigh_light_calibration.csv
formation_5_midhigh_light,29,30,41.158,formation_5_midhigh_light_calibration.csv
formation_5_midhigh_light,29,35,68.623,formation_5_midhigh_light_calibration.csv
formation_5_midhigh_light,29,40,108.89,formation_5_midhigh_light_calibration.csv
formation_5_midhigh_light,29,45,149.54,formation_5_midhigh_light_calibration.csv
formation_5_midhigh_light,29,50,190.34,formation_5_midhigh_light_calibration.csv
formation_5_midhigh_light,29,55,231.73,formation_5_midhigh_light_calibration.csv
formation_5_midhigh_light,29,60,272.69,formation_5_midhigh_light_calibration.csv
formation_5_midhigh_light,29,65,321.61,formation_5_midhigh_light_calibration.csv
formation_5_midhigh_light,29,70,400.51,formation_5_midhigh_light_calibration.csv
formation_5_midhigh_light,29,75,479.49,formation_5_midhigh_light_calibration.csv
formation_5_midhigh_light,29,80,558.54,formation_5_midhigh_light_calibration.csv
formation_5_midhigh_light,29,85,637.35,formation_5_midhigh_light_calibration.csv
formation_5_midhigh_light,29,90,716.64,formation_5_midhigh_light_calibration.csv
formation_5_midhigh_light,29,95,795.81,formation_5_midhigh_light_calibration.csv
formation_5_midhigh_light,29,100,901.67,formation_5_midhigh_light_calibration.csv
formation_5_midhigh_light,30,10,11.407,formation_5_midhigh_light_calibration.csv
formation_5_midhigh_light,30,15,18.419,formation_5_midhigh_light_calibration.csv
formation_5_midhigh_light,30,20,25.96,formation_5_midhigh_light_calibration.csv
formation_5_midhigh_light,30,25,33.654,formation_5_midhigh_light_calibration.csv
formation_5_midhigh_light,30,30,41.416,formation_5_midhigh_light_calibration.csv
formation_5_midhigh_light,30,35,69.087,formation_5_midhigh_light_calibration.csv
formation_5_midhigh_light,30,40,109.79,formation_5_midhigh_light_calibration.csv
formation_5_midhigh_light,30,45,150.95,formation_5_midhigh_light_calibration.csv
formation_5_midhigh_light,30,50,191.89,formation_5_midhigh_light_calibration.csv
formation_5_midhigh_light,30,55,233.66,formation_5_midhigh_light_calibration.csv
formation_5_midhigh_light,30,60,275.26,formation_5_midhigh_light_calibration.csv
formation_5_midhigh_light,30,65,324.53,formation_5_midhigh_light_calibration.csv
formation_5_midhigh_light,30,70,404.17,formation_5_midhigh_light_calibration.csv
formation_5_midhigh_light,30,75,484.5,formation_5_midhigh_light_calibration.csv
formation_5_midhigh_light,30,80,563.95,formation_5_midhigh_light_calibration.csv
formation_5_midhigh_light,30,85,644.14,formation_5_midhigh_light_calibration.csv
formation_5_midhigh_light,30,90,724.34,formation_5_midhigh_light_calibration.csv
formation_5_midhigh_light,30,95,804.04,formation_5_midhigh_light_calibration.csv
formation_5_midhigh_light,30,100,911.6,formation_5_midhigh_light_calibration.csv
formation_5_midhigh_light,31,10,11.481,formation_5_midhigh_light_calibration.csv
formation_5_midhigh_light,31,15,18.511,formation_5_midhigh_light_calibration.csv
formation_5_midhigh_light,31,20,26.105,formation_5_midhigh_light_calibration.csv
formation_5_midhigh_light,31,25,33.854,formation_5_midhigh_light_calibration.csv
formation_5_midhigh_light,31,30,41.641,formation_5_midhigh_light_calibration.csv
formation_5_midhigh_light,31,35,69.531,formation_5_midhigh_light_calibration.csv
formation_5_midhigh_light,31,40,110.69,formation_5_midhigh_light_calibration.csv
formation_5_midhigh_light,31,45,152.05,formation_5_midhigh_light_calibration.csv
formation_5_midhigh_light,31,50,193.5,formation_5_midhigh_light_calibration.csv
formation_5_midhigh_light,31,55,235.91,formation_5_midhigh_light_calibration.csv
formation_5_midhigh_light,31,60,277.49,formation_5_midhigh_light_calibration.csv
formation_5_midhigh_light,31,65,327.32,formation_5_midhigh_light_calibration.csv
formation_5_midhigh_light,31,70,408.25,formation_5_midhigh_light_calibration.csv
formation_5_midhigh_light,31,75,489.02,formation_5_midhigh_light_calibration.csv
formation_5_midhigh_light,31,80,569.68,formation_5_midhigh_light_calibration.csv
formation_5_midhigh_light,31,85,650.89,formation_5_midhigh_light_calibration.csv
formation_5_midhigh_light,31,90,731.87,formation_5_midhigh_light_calibration.csv
formation_5_midhigh_light,31,95,812.64,formation_5_midhigh_light_calibration.csv
formation_5_midhigh_light,31,100,922.12,formation_5_midhigh_light_calibration.csv
formation_5_midhigh_light,32,10,11.559,formation_5_midhigh_light_calibration.csv
formation_5_midhigh_light,32,15,18.631,formation_5_midhigh_light_calibration.csv
formation_5_midhigh_light,32,20,26.267,formation_5_midhigh_light_calibration.csv
formation_5_midhigh_light,32,25,34.033,formation_5_midhigh_light_calibration.csv
formation_5_midhigh_light,32,30,41.844,formation_5_midhigh_light_calibration.csv
formation_5_midhigh_light,32,35,70.056,formation_5_midhigh_light_calibration.csv
formation_5_midhigh_light,32,40,111.47,formation_5_midhigh_light_calibration.csv
formation_5_midhigh_light,32,45,153.17,formation_5_midhigh_light_calibration.csv
formation_5_midhigh_light,32,50,195.05,formation_5_midhigh_light_calibration.csv
formation_5_midhigh_light,32,55,237.57,formation_5_midhigh_light_calibration.csv
formation_5_midhigh_light,32,60,279.67,formation_5_midhigh_light_calibration.csv
formation_5_midhigh_light,32,65,330.13,formation_5_midhigh_light_calibration.csv
formation_5_midhigh_light,32,70,411.63,formation_5_midhigh_light_calibration.csv
formation_5_midhigh_light,32,75,493.43,formation_5_midhigh_light_calibration.csv
formation_5_midhigh_light,32,80,575.21,formation_5_midhigh_light_calibration.csv
formation_5_midhigh_light,32,85,656.76,formation_5_midhigh_light_calibration.csv
formation_5_midhigh_light,32,90,738.95,formation_5_midhigh_light_calibration.csv
formation_5_midhigh_light,32,95,820.89,formation_5_midhigh_light_calibration.csv
formation_5_midhigh_light,32,100,931.01,formation_5_midhigh_light_calibration.csv
formation_5_midhigh_light,33,10,11.609,formation_5_midhigh_light_calibration.csv
formation_5_midhigh_light,33,15,18.712,formation_5_midhigh_light_calibration.csv
formation_5_midhigh_light,33,20,26.393,formation_5_midhigh_light_calibration.csv
formation_5_midhigh_light,33,25,34.186,formation_5_midhigh_light_calibration.csv
formation_5_midhigh_light,33,30,42.056,formation_5_midhigh_light_calibration.csv
formation_5_midhigh_light,33,35,70.457,formation_5_midhigh_light_calibration.csv
formation_5_midhigh_light,33,40,112.11,formation_5_midhigh_light_calibration.csv
formation_5_midhigh_light,33,45,154.25,formation_5_midhigh_light_calibration.csv
formation_5_midhigh_light,33,50,196.34,formation_5_midhigh_light_calibration.csv
formation_5_midhigh_light,33,55,239.24,formation_5_midhigh_light_calibration.csv
formation_5_midhigh_light,33,60,281.75,formation_5_midhigh_light_calibration.csv
formation_5_midhigh_light,33,65,332.46,formation_5_midhigh_light_calibration.csv
formation_5_midhigh_light,33,70,414.72,formation_5_midhigh_light_calibration.csv
formation_5_midhigh_light,33,75,497.38,formation_5_midhigh_light_calibration.csv
formation_5_midhigh_light,33,80,579.62,formation_5_midhigh_light_calibration.csv
formation_5_midhigh_light,33,85,662.28,formation_5_midhigh_light_calibration.csv
formation_5_midhigh_light,33,90,745.18,formation_5_midhigh_light_calibration.csv
formation_5_midhigh_light,33,95,827.56,formation_5_midhigh_light_calibration.csv
formation_5_midhigh_light,33,100,939.07,formation_5_midhigh_light_calibration.csv
formation_5_midhigh_light,34,10,11.665,formation_5_midhigh_light_calibration.csv
formation_5_midhigh_light,34,15,18.814,formation_5_midhigh_light_calibration.csv
formation_5_midhigh_light,34,20,26.515,formation_5_midhigh_light_calibration.csv
formation_5_midhigh_light,34,25,34.39,formation_5_midhigh_light_calibration.csv
formation_5_midhigh_light,34,30,42.238,formation_5_midhigh_light_calibration.csv
formation_5_midhigh_light,34,35,70.804,formation_5_midhigh_light_calibration.csv
formation_5_midhigh_light,34,40,112.98,formation_5_midhigh_light_calibration.csv
formation_5_midhigh_light,34,45,155.33,formation_5_midhigh_light_calibration.csv
formation_5_midhigh_light,34,50,197.73,formation_5_midhigh_light_calibration.csv
formation_5_midhigh_light,34,55,241.04,formation_5_midhigh_light_calibration.csv
formation_5_midhigh_light,34,60,283.71,formation_5_midhigh_light_calibration.csv
formation_5_midhigh_light,34,65,334.88,formation_5_midhigh_light_calibration.csv
formation_5_midhigh_light,34,70,418.26,formation_5_midhigh_light_calibration.csv
formation_5_midhigh_light,34,75,501.42,formation_5_midhigh_light_calibration.csv
formation_5_midhigh_light,34,80,584.5,formation_5_midhigh_light_calibration.csv
formation_5_midhigh_light,34,85,668.43,formation_5_midhigh_light_calibration.csv
formation_5_midhigh_light,34,90,751.62,formation_5_midhigh_light_calibration.csv
formation_5_midhigh_light,34,95,835.03,formation_5_midhigh_light_calibration.csv
formation_5_midhigh_light,34,100,948.29,formation_5_midhigh_light_calibration.csv
formation_5_midhigh_light,35,10,11.712,formation_5_midhigh_light_calibration.csv
formation_5_midhigh_light,35,15,18.91,formation_5_midhigh_light_calibration.csv
formation_5_midhigh_light,35,20,26.649,formation_5_midhigh_light_calibration.csv
formation_5_midhigh_light,35,25,34.591,formation_5_midhigh_light_calibration.csv
formation_5_midhigh_light,35,30,42.44,formation_5_midhigh_light_calibration.csv
formation_5_midhigh_light,35,35,71.265,formation_5_midhigh_light_calibration.csv
formation_5_midhigh_light,35,40,113.63,formation_5_midhigh_light_calibration.csv
formation_5_midhigh_light,35,45,156.35,formation_5_midhigh_light_calibration.csv
formation_5_midhigh_light,35,50,199.17,formation_5_midhigh_light_calibration.csv
formation_5_midhigh_light,35,55,242.62,formation_5_midhigh_light_calibration.csv
formation_5_midhigh_light,35,60,285.77,formation_5_midhigh_light_calibration.csv
formation_5_midhigh_light,35,65,337.39,formation_5_midhigh_light_calibration.csv
formation_5_midhigh_light,35,70,421.37,formation_5_midhigh_light_calibration.csv
formation_5_midhigh_light,35,75,505.38,formation_5_midhigh_light_calibration.csv
formation_5_midhigh_light,35,80,589.81,formation_5_midhigh_light_calibration.csv
formation_5_midhigh_light,35,85,673.9,formation_5_midhigh_light_calibration.csv
formation_5_midhigh_light,35,90,758.28,formation_5_midhigh_light_calibration.csv
formation_5_midhigh_light,35,95,842.59,formation_5_midhigh_light_calibration.csv
formation_5_midhigh_light,35,100,956.35,formation_5_midhigh_light_calibration.csv
formation_5_midhigh_light,36,10,11.782,formation_5_midhigh_light_calibration.csv
formation_5_midhigh_light,36,15,19.049,formation_5_midhigh_light_calibration.csv
formation_5_midhigh_light,36,20,26.784,formation_5_midhigh_light_calibration.csv
formation_5_midhigh_light,36,25,34.681,formation_5_midhigh_light_calibration.csv
formation_5_midhigh_light,36,30,42.667,formation_5_midhigh_light_calibration.csv
formation_5_midhigh_light,36,35,71.644,formation_5_midhigh_light_calibration.csv
formation_5_midhigh_light,36,40,114.36,formation_5_midhigh_light_calibration.csv
formation_5_midhigh_light,36,45,157.46,formation_5_midhigh_light_calibration.csv
formation_5_midhigh_light,36,50,200.41,formation_5_midhigh_light_calibration.csv
formation_5_midhigh_light,36,55,244.28,formation_5_midhigh_light_calibration.csv
formation_5_midhigh_light,36,60,287.76,formation_5_midhigh_light_calibration.csv
formation_5_midhigh_light,36,65,339.73,formation_5_midhigh_light_calibration.csv
formation_5_midhigh_light,36,70,424.44,formation_5_midhigh_light_calibration.csv
formation_5_midhigh_light,36,75,509.58,formation_5_midhigh_light_calibration.csv
formation_5_midhigh_light,36,80,594.29,formation_5_midhigh_light_calibration.csv
formation_5_midhigh_light,36,85,679.28,formation_5_midhigh_light_calibration.csv
formation_5_midhigh_light,36,90,764.51,formation_5_midhigh_light_calibration.csv
formation_5_midhigh_light,36,95,849.34,formation_5_midhigh_light_calibration.csv
formation_5_midhigh_light,36,100,964.76,formation_5_midhigh_light_calibration.csv
formation_5_midhigh_light,37,10,11.857,formation_5_midhigh_light_calibration.csv
formation_5_midhigh_light,37,15,19.1,formation_5_midhigh_light_calibration.csv
formation_5_midhigh_light,37,20,26.9,formation_5_midhigh_light_calibration.csv
formation_5_midhigh_light,37,25,34.862,formation_5_midhigh_light_calibration.csv
formation_5_midhigh_light,37,30,42.806,formation_5_midhigh_light_calibration.csv
formation_5_midhigh_light,37,35,72.013,formation_5_midhigh_light_calibration.csv
formation_5_midhigh_light,37,40,115.12,formation_5_midhigh_light_calibration.csv
formation_5_midhigh_light,37,45,158.38,formation_5_midhigh_light_calibration.csv
formation_5_midhigh_light,37,50,201.73,formation_5_midhigh_light_calibration.csv
formation_5_midhigh_light,37,55,246.0,formation_5_midhigh_light_calibration.csv
formation_5_midhigh_light,37,60,289.64,formation_5_midhigh_light_calibration.csv
formation_5_midhigh_light,37,65,341.89,formation_5_midhigh_light_calibration.csv
formation_5_midhigh_light,37,70,427.76,formation_5_midhigh_light_calibration.csv
formation_5_midhigh_light,37,75,513.39,formation_5_midhigh_light_calibration.csv
formation_5_midhigh_light,37,80,599.03,formation_5_midhigh_light_calibration.csv
formation_5_midhigh_light,37,85,685.12,formation_5_midhigh_light_calibration.csv
formation_5_midhigh_light,37,90,770.29,formation_5_midhigh_light_calibration.csv
formation_5_midhigh_light,37,95,856.23,formation_5_midhigh_light_calibration.csv
formation_5_midhigh_light,37,100,973.23,formation_5_midhigh_light_calibration.csv
formation_5_midhigh_light,38,10,11.894,formation_5_midhigh_light_calibration.csv
formation_5_midhigh_light,38,15,19.167,formation_5_midhigh_light_calibration.csv
formation_5_midhigh_light,38,20,27.015,formation_5_midhigh_light_calibration.csv
formation_5_midhigh_light,38,25,34.969,formation_5_midhigh_light_calibration.csv
formation_5_midhigh_light,38,30,43.059,formation_5_midhigh_light_calibration.csv
formation_5_midhigh_light,38,35,72.353,formation_5_midhigh_light_calibration.csv
formation_5_midhigh_light,38,40,115.61,formation_5_midhigh_light_calibration.csv
formation_5_midhigh_light,38,45,159.17,formation_5_midhigh_light_calibration.csv
formation_5_midhigh_light,38,50,202.93,formation_5_midhigh_light_calibration.csv
formation_5_midhigh_light,38,55,247.32,formation_5_midhigh_light_calibration.csv
formation_5_midhigh_light,38,60,291.15,formation_5_midhigh_light_calibration.csv
formation_5_midhigh_light,38,65,343.71,formation_5_midhigh_light_calibration.csv
formation_5_midhigh_light,38,70,429.75,formation_5_midhigh_light_calibration.csv
formation_5_midhigh_light,38,75,516.5,formation_5_midhigh_light_calibration.csv
formation_5_midhigh_light,38,80,603.01,formation_5_midhigh_light_calibration.csv
formation_5_midhigh_light,38,85,689.23,formation_5_midhigh_light_calibration.csv
formation_5_midhigh_light,38,90,775.64,formation_5_midhigh_light_calibration.csv
formation_5_midhigh_light,38,95,861.59,formation_5_midhigh_light_calibration.csv
formation_5_midhigh_light,38,100,979.62,formation_5_midhigh_light_calibration.csv
formation_5_midhigh_light,39,10,11.973,formation_5_midhigh_light_calibration.csv
formation_5_midhigh_light,39,15,19.264,formation_5_midhigh_light_calibration.csv
formation_5_midhigh_light,39,20,27.109,formation_5_midhigh_light_calibration.csv
formation_5_midhigh_light,39,25,35.127,formation_5_midhigh_light_calibration.csv
formation_5_midhigh_light,39,30,43.212,formation_5_midhigh_light_calibration.csv
formation_5_midhigh_light,39,35,72.697,formation_5_midhigh_light_calibration.csv
formation_5_midhigh_light,39,40,116.26,formation_5_midhigh_light_calibration.csv
formation_5_midhigh_light,39,45,160.23,formation_5_midhigh_light_calibration.csv
formation_5_midhigh_light,39,50,204.03,formation_5_midhigh_light_calibration.csv
formation_5_midhigh_light,39,55,248.78,formation_5_midhigh_light_calibration.csv
formation_5_midhigh_light,39,60,293.1,formation_5_midhigh_light_calibration.csv
formation_5_midhigh_light,39,65,345.79,formation_5_midhigh_light_calibration.csv
formation_5_midhigh_light,39,70,432.54,formation_5_midhigh_light_calibration.csv
formation_5_midhigh_light,39,75,520.4,formation_5_midhigh_light_calibration.csv
formation_5_midhigh_light,39,80,607.03,formation_5_midhigh_light_calibration.csv
formation_5_midhigh_light,39,85,694.28,formation_5_midhigh_light_calibration.csv
formation_5_midhigh_light,39,90,781.59,formation_5_midhigh_light_calibration.csv
formation_5_midhigh_light,39,95,867.45,formation_5_midhigh_light_calibration.csv
formation_5_midhigh_light,39,100,987.23,formation_5_midhigh_light_calibration.csv
formation_5_midhigh_light,40,10,12.003,formation_5_midhigh_light_calibration.csv
formation_5_midhigh_light,40,15,19.304,formation_5_midhigh_light_calibration.csv
formation_5_midhigh_light,40,20,27.166,formation_5_midhigh_light_calibration.csv
formation_5_midhigh_light,40,25,35.236,formation_5_midhigh_light_calibration.csv
formation_5_midhigh_light,40,30,43.345,formation_5_midhigh_light_calibration.csv
formation_5_midhigh_light,40,35,72.962,formation_5_midhigh_light_calibration.csv
formation_5_midhigh_light,40,40,116.86,formation_5_midhigh_light_calibration.csv
formation_5_midhigh_light,40,45,161.01,formation_5_midhigh_light_calibration.csv
formation_5_midhigh_light,40,50,205.11,formation_5_midhigh_light_calibration.csv
formation_5_midhigh_light,40,55,250.32,formation_5_midhigh_light_calibration.csv
formation_5_midhigh_light,40,60,294.69,formation_5_midhigh_light_calibration.csv
formation_5_midhigh_light,40,65,347.81,formation_5_midhigh_light_calibration.csv
formation_5_midhigh_light,40,70,435.5,formation_5_midhigh_light_calibration.csv
formation_5_midhigh_light,40,75,523.45,formation_5_midhigh_light_calibration.csv
formation_5_midhigh_light,40,80,611.1,formation_5_midhigh_light_calibration.csv
formation_5_midhigh_light,40,85,699.31,formation_5_midhigh_light_calibration.csv
formation_5_midhigh_light,40,90,786.73,formation_5_midhigh_light_calibration.csv
formation_5_midhigh_light,40,95,873.64,formation_5_midhigh_light_calibration.csv
formation_5_midhigh_light,40,100,994.59,formation_5_midhigh_light_calibration.csv
formation_5_midhigh_light,41,10,12.044,formation_5_midhigh_light_calibration.csv
formation_5_midhigh_light,41,15,19.385,formation_5_midhigh_light_calibration.csv
formation_5_midhigh_light,41,20,27.326,formation_5_midhigh_light_calibration.csv
formation_5_midhigh_light,41,25,35.358,formation_5_midhigh_light_calibration.csv
formation_5_midhigh_light,41,30,43.535,formation_5_midhigh_light_calibration.csv
formation_5_midhigh_light,41,35,73.357,formation_5_midhigh_light_calibration.csv
formation_5_midhigh_light,41,40,117.44,formation_5_midhigh_light_calibration.csv
formation_5_midhigh_light,41,45,161.87,formation_5_midhigh_light_calibration.csv
formation_5_midhigh_light,41,50,206.31,formation_5_midhigh_light_calibration.csv
formation_5_midhigh_light,41,55,251.57,formation_5_midhigh_light_calibration.csv
formation_5_midhigh_light,41,60,296.45,formation_5_midhigh_light_calibration.csv
formation_5_midhigh_light,41,65,350.0,formation_5_midhigh_light_calibration.csv
formation_5_midhigh_light,41,70,434.65,formation_5_midhigh_light_calibration.csv
formation_5_midhigh_light,41,75,526.84,formation_5_midhigh_light_calibration.csv
formation_5_midhigh_light,41,80,615.48,formation_5_midhigh_light_calibration.csv
formation_5_midhigh_light,41,85,703.79,formation_5_midhigh_light_calibration.csv
formation_5_midhigh_light,41,90,792.2,formation_5_midhigh_light_calibration.csv
formation_5_midhigh_light,41,95,879.93,formation_5_midhigh_light_calibration.csv
formation_5_midhigh_light,41,100,1001.3,formation_5_midhigh_light_calibration.csv
formation_5_midhigh_light,42,10,12.092,formation_5_midhigh_light_calibration.csv
formation_5_midhigh_light,42,15,19.48,formation_5_midhigh_light_calibration.csv
formation_5_midhigh_light,42,20,27.425,formation_5_midhigh_light_calibration.csv
formation_5_midhigh_light,42,25,35.511,formation_5_midhigh_light_calibration.csv
formation_5_midhigh_light,42,30,43.69,formation_5_midhigh_light_calibration.csv
formation_5_midhigh_light,42,35,73.699,formation_5_midhigh_light_calibration.csv
formation_5_midhigh_light,42,40,118.01,formation_5_midhigh_light_calibration.csv
formation_5_midhigh_light,42,45,162.8,formation_5_midhigh_light_calibration.csv
formation_5_midhigh_light,42,50,207.39,formation_5_midhigh_light_calibration.csv
formation_5_midhigh_light,42,55,252.92,formation_5_midhigh_light_calibration.csv
formation_5_midhigh_light,42,60,298.12,formation_5_midhigh_light_calibration.csv
formation_5_midhigh_light,42,65,351.85,formation_5_midhigh_light_calibration.csv
formation_5_midhigh_light,42,70,441.19,formation_5_midhigh_light_calibration.csv
formation_5_midhigh_light,42,75,530.45,formation_5_midhigh_light_calibration.csv
formation_5_midhigh_light,42,80,619.23,formation_5_midhigh_light_calibration.csv
formation_5_midhigh_light,42,85,708.42,formation_5_midhigh_light_calibration.csv
formation_5_midhigh_light,42,90,797.75,formation_5_midhigh_light_calibration.csv
formation_5_midhigh_light,42,95,885.87,formation_5_midhigh_light_calibration.csv
formation_5_midhigh_light,42,100,1008.6,formation_5_midhigh_light_calibration.csv
formation_5_midhigh_light,43,10,12.126,formation_5_midhigh_light_calibration.csv
formation_5_midhigh_light,43,15,19.535,formation_5_midhigh_light_calibration.csv
formation_5_midhigh_light,43,20,27.495,formation_5_midhigh_light_calibration.csv
formation_5_midhigh_light,43,25,35.634,formation_5_midhigh_light_calibration.csv
formation_5_midhigh_light,43,30,43.817,formation_5_midhigh_light_calibration.csv
formation_5_midhigh_light,43,35,73.933,formation_5_midhigh_light_calibration.csv
formation_5_midhigh_light,43,40,118.57,formation_5_midhigh_light_calibration.csv
formation_5_midhigh_light,43,45,163.43,formation_5_midhigh_light_calibration.csv
formation_5_midhigh_light,43,50,208.28,formation_5_midhigh_light_calibration.csv
formation_5_midhigh_light,43,55,254.2,formation_5_midhigh_light_calibration.csv
formation_5_midhigh_light,43,60,299.44,formation_5_midhigh_light_calibration.csv
formation_5_midhigh_light,43,65,353.42,formation_5_midhigh_light_calibration.csv
formation_5_midhigh_light,43,70,443.79,formation_5_midhigh_light_calibration.csv
formation_5_midhigh_light,43,75,533.12,formation_5_midhigh_light_calibration.csv
formation_5_midhigh_light,43,80,622.7,formation_5_midhigh_light_calibration.csv
formation_5_midhigh_light,43,85,712.56,formation_5_midhigh_light_calibration.csv
formation_5_midhigh_light,43,90,802.15,formation_5_midhigh_light_calibration.csv
formation_5_midhigh_light,43,95,891.0,formation_5_midhigh_light_calibration.csv
formation_5_midhigh_light,43,100,1014.7,formation_5_midhigh_light_calibration.csv
formation_5_midhigh_light,44,10,12.206,formation_5_midhigh_light_calibration.csv
formation_5_midhigh_light,44,15,19.614,formation_5_midhigh_light_calibration.csv
formation_5_midhigh_light,44,20,27.625,formation_5_midhigh_light_calibration.csv
formation_5_midhigh_light,44,25,35.793,formation_5_midhigh_light_calibration.csv
formation_5_midhigh_light,44,30,43.959,formation_5_midhigh_light_calibration.csv
formation_5_midhigh_light,44,35,74.277,formation_5_midhigh_light_calibration.csv
formation_5_midhigh_light,44,40,119.13,formation_5_midhigh_light_calibration.csv
formation_5_midhigh_light,44,45,164.3,formation_5_midhigh_light_calibration.csv
formation_5_midhigh_light,44,50,209.49,formation_5_midhigh_light_calibration.csv
formation_5_midhigh_light,44,55,255.37,formation_5_midhigh_light_calibration.csv
formation_5_midhigh_light,44,60,301.22,formation_5_midhigh_light_calibration.csv
formation_5_midhigh_light,44,65,355.43,formation_5_midhigh_light_calibration.csv
formation_5_midhigh_light,44,70,446.12,formation_5_midhigh_light_calibration.csv
formation_5_midhigh_light,44,75,536.25,formation_5_midhigh_light_calibration.csv
formation_5_midhigh_light,44,80,626.57,formation_5_midhigh_light_calibration.csv
formation_5_midhigh_light,44,85,716.73,formation_5_midhigh_light_calibration.csv
formation_5_midhigh_light,44,90,807.1,formation_5_midhigh_light_calibration.csv
formation_5_midhigh_light,44,95,896.73,formation_5_midhigh_light_calibration.csv
formation_5_midhigh_light,44,100,1021.1,formation_5_midhigh_light_calibration.csv
formation_5_midhigh_light,45,10,12.232,formation_5_midhigh_light_calibration.csv
formation_5_midhigh_light,45,15,19.687,formation_5_midhigh_light_calibration.csv
formation_5_midhigh_light,45,20,27.701,formation_5_midhigh_light_calibration.csv
formation_5_midhigh_light,45,25,35.867,formation_5_midhigh_light_calibration.csv
formation_5_midhigh_light,45,30,44.141,formation_5_midhigh_light_calibration.csv
formation_5_midhigh_light,45,35,74.568,formation_5_midhigh_light_calibration.csv
formation_5_midhigh_light,45,40,119.64,formation_5_midhigh_light_calibration.csv
formation_5_midhigh_light,45,45,165.14,formation_5_midhigh_light_calibration.csv
formation_5_midhigh_light,45,50,210.5,formation_5_midhigh_light_calibration.csv
formation_5_midhigh_light,45,55,256.75,formation_5_midhigh_light_calibration.csv
formation_5_midhigh_light,45,60,302.96,formation_5_midhigh_light_calibration.csv
formation_5_midhigh_light,45,65,357.25,formation_5_midhigh_light_calibration.csv
formation_5_midhigh_light,45,70,448.44,formation_5_midhigh_light_calibration.csv
formation_5_midhigh_light,45,75,539.42,formation_5_midhigh_light_calibration.csv
formation_5_midhigh_light,45,80,630.1,formation_5_midhigh_light_calibration.csv
formation_5_midhigh_light,45,85,721.25,formation_5_midhigh_light_calibration.csv
formation_5_midhigh_light,45,90,812.46,formation_5_midhigh_light_calibration.csv
formation_5_midhigh_light,45,95,902.31,formation_5_midhigh_light_calibration.csv
formation_5_midhigh_light,45,100,1027.6,formation_5_midhigh_light_calibration.csv
formation_5_midhigh_light,46,10,12.267,formation_5_midhigh_light_calibration.csv
formation_5_midhigh_light,46,15,19.762,formation_5_midhigh_light_calibration.csv
formation_5_midhigh_light,46,20,27.788,formation_5_midhigh_light_calibration.csv
formation_5_midhigh_light,46,25,36.0,formation_5_midhigh_light_calibration.csv
formation_5_midhigh_light,46,30,44.25,formation_5_midhigh_light_calibration.csv
formation_5_midhigh_light,46,35,74.845,formation_5_midhigh_light_calibration.csv
formation_5_midhigh_light,46,40,120.23,formation_5_midhigh_light_calibration.csv
formation_5_midhigh_light,46,45,165.84,formation_5_midhigh_light_calibration.csv
formation_5_midhigh_light,46,50,211.55,formation_5_midhigh_light_calibration.csv
formation_5_midhigh_light,46,55,257.78,formation_5_midhigh_light_calibration.csv
formation_5_midhigh_light,46,60,304.26,formation_5_midhigh_light_calibration.csv
formation_5_midhigh_light,46,65,358.95,formation_5_midhigh_light_calibration.csv
formation_5_midhigh_light,46,70,450.97,formation_5_midhigh_light_calibration.csv
formation_5_midhigh_light,46,75,542.31,formation_5_midhigh_light_calibration.csv
formation_5_midhigh_light,46,80,633.87,formation_5_midhigh_light_calibration.csv
formation_5_midhigh_light,46,85,725.56,formation_5_midhigh_light_calibration.csv
formation_5_midhigh_light,46,90,816.81,formation_5_midhigh_light_calibration.csv
formation_5_midhigh_light,46,95,907.65,formation_5_midhigh_light_calibration.csv
formation_5_midhigh_light,46,100,1034.2,formation_5_midhigh_light_calibration.csv
formation_5_midhigh_light,47,10,12.329,formation_5_midhigh_light_calibration.csv
formation_5_midhigh_light,47,15,19.82,formation_5_midhigh_light_calibration.csv
formation_5_midhigh_light,47,20,27.915,formation_5_midhigh_light_calibration.csv
formation_5_midhigh_light,47,25,36.112,formation_5_midhigh_light_calibration.csv
formation_5_midhigh_light,47,30,44.392,formation_5_midhigh_light_calibration.csv
formation_5_midhigh_light,47,35,75.183,formation_5_midhigh_light_calibration.csv
formation_5_midhigh_light,47,40,120.7,formation_5_midhigh_light_calibration.csv
formation_5_midhigh_light,47,45,166.6,formation_5_midhigh_light_calibration.csv
formation_5_midhigh_light,47,50,212.59,formation_5_midhigh_light_calibration.csv
formation_5_midhigh_light,47,55,259.1,formation_5_midhigh_light_calibration.csv
formation_5_midhigh_light,47,60,305.65,formation_5_midhigh_light_calibration.csv
formation_5_midhigh_light,47,65,360.87,formation_5_midhigh_light_calibration.csv
formation_5_midhigh_light,47,70,453.31,formation_5_midhigh_light_calibration.csv
formation_5_midhigh_light,47,75,545.25,formation_5_midhigh_light_calibration.csv
formation_5_midhigh_light,47,80,637.42,formation_5_midhigh_light_calibration.csv
formation_5_midhigh_light,47,85,729.46,formation_5_midhigh_light_calibration.csv
formation_5_midhigh_light,47,90,821.7,formation_5_midhigh_light_calibration.csv
formation_5_midhigh_light,47,95,913.15,formation_5_midhigh_light_calibration.csv
formation_5_midhigh_light,47,100,1040.0,formation_5_midhigh_light_calibration.csv
formation_5_midhigh_light,48,10,12.358,formation_5_midhigh_light_calibration.csv
formation_5_midhigh_light,48,15,19.89,formation_5_midhigh_light_calibration.csv
formation_5_midhigh_light,48,20,27.958,formation_5_midhigh_light_calibration.csv
formation_5_midhigh_light,48,25,36.236,formation_5_midhigh_light_calibration.csv
formation_5_midhigh_light,48,30,44.511,formation_5_midhigh_light_calibration.csv
formation_5_midhigh_light,48,35,75.382,formation_5_midhigh_light_calibration.csv
formation_5_midhigh_light,48,40,121.11,formation_5_midhigh_light_calibration.csv
formation_5_midhigh_light,48,45,167.27,formation_5_midhigh_light_calibration.csv
formation_5_midhigh_light,48,50,213.25,formation_5_midhigh_light_calibration.csv
formation_5_midhigh_light,48,55,260.01,formation_5_midhigh_light_calibration.csv
formation_5_midhigh_light,48,60,307.03,formation_5_midhigh_light_calibration.csv
formation_5_midhigh_light,48,65,362.19,formation_5_midhigh_light_calibration.csv
formation_5_midhigh_light,48,70,455.08,formation_5_midhigh_light_calibration.csv
formation_5_midhigh_light,48,75,548.01,formation_5_midhigh_light_calibration.csv
formation_5_midhigh_light,48,80,640.21,formation_5_midhigh_light_calibration.csv
formation_5_midhigh_light,48,85,732.75,formation_5_midhigh_light_calibration.csv
formation_5_midhigh_light,48,90,825.78,formation_5_midhigh_light_calibration.csv
formation_5_midhigh_light,48,95,917.17,formation_5_midhigh_light_calibration.csv
formation_5_midhigh_light,48,100,1045.2,formation_5_midhigh_light_calibration.csv
formation_5_midhigh_light,49,10,12.39,formation_5_midhigh_light_calibration.csv
formation_5_midhigh_light,49,15,19.939,formation_5_midhigh_light_calibration.csv
formation_5_midhigh_light,49,20,28.045,formation_5_midhigh_light_calibration.csv
formation_5_midhigh_light,49,25,36.32,formation_5_midhigh_light_calibration.csv
formation_5_midhigh_light,49,30,44.654,formation_5_midhigh_light_calibration.csv
formation_5_midhigh_light,49,35,75.658,formation_5_midhigh_light_calibration.csv
formation_5_midhigh_light,49,40,121.71,formation_5_midhigh_light_calibration.csv
formation_5_midhigh_light,49,45,167.99,formation_5_midhigh_light_calibration.csv
formation_5_midhigh_light,49,50,214.19,formation_5_midhigh_light_calibration.csv
formation_5_midhigh_light,49,55,261.23,formation_5_midhigh_light_calibration.csv
formation_5_midhigh_light,49,60,308.35,formation_5_midhigh_light_calibration.csv
formation_5_midhigh_light,49,65,364.04,formation_5_midhigh_light_calibration.csv
formation_5_midhigh_light,49,70,457.6,formation_5_midhigh_light_calibration.csv
formation_5_midhigh_light,49,75,550.45,formation_5_midhigh_light_calibration.csv
formation_5_midhigh_light,49,80,643.57,formation_5_midhigh_light_calibration.csv
formation_5_midhigh_light,49,85,737.03,formation_5_midhigh_light_calibration.csv
formation_5_midhigh_light,49,90,830.14,formation_5_midhigh_light_calibration.csv
formation_5_midhigh_light,49,95,922.35,formation_5_midhigh_light_calibration.csv
formation_5_midhigh_light,49,100,1051.8,formation_5_midhigh_light_calibration.csv
formation_5_midhigh_light,50,10,12.567,formation_5_midhigh_light_calibration.csv
formation_5_midhigh_light,50,15,20.187,formation_5_midhigh_light_calibration.csv
formation_5_midhigh_light,50,20,28.388,formation_5_midhigh_light_calibration.csv
formation_5_midhigh_light,50,25,36.698,formation_5_midhigh_light_calibration.csv
formation_5_midhigh_light,50,30,45.14,formation_5_midhigh_light_calibration.csv
formation_5_midhigh_light,50,35,76.589,formation_5_midhigh_light_calibration.csv
formation_5_midhigh_light,50,40,123.12,formation_5_midhigh_light_calibration.csv
formation_5_midhigh_light,50,45,169.96,formation_5_midhigh_light_calibration.csv
formation_5_midhigh_light,50,50,217.14,formation_5_midhigh_light_calibration.csv
formation_5_midhigh_light,50,55,264.32,formation_5_midhigh_light_calibration.csv
formation_5_midhigh_light,50,60,312.06,formation_5_midhigh_light_calibration.csv
formation_5_midhigh_light,50,65,368.56,formation_5_midhigh_light_calibration.csv
formation_5_midhigh_light,50,70,463.17,formation_5_midhigh_light_calibration.csv
formation_5_midhigh_light,50,75,557.51,formation_5_midhigh_light_calibration.csv
formation_5_midhigh_light,50,80,652.12,formation_5_midhigh_light_calibration.csv
formation_5_midhigh_light,50,85,746.54,formation_5_midhigh_light_calibration.csv
formation_5_midhigh_light,50,90,840.95,formation_5_midhigh_light_calibration.csv
formation_5_midhigh_light,50,95,934.95,formation_5_midhigh_light_calibration.csv
formation_5_midhigh_light,50,100,1065.0,formation_5_midhigh_light_calibration.csv
formation_6_high_light,4,10,8.771,formation_6_high_light_calibration.csv
formation_6_high_light,4,15,17.169,formation_6_high_light_calibration.csv
formation_6_high_light,4,20,48.97,formation_6_high_light_calibration.csv
formation_6_high_light,4,25,28.208,formation_6_high_light_calibration.csv
formation_6_high_light,4,30,34.842,formation_6_high_light_calibration.csv
formation_6_high_light,4,35,52.281,formation_6_high_light_calibration.csv
formation_6_high_light,4,40,76.615,formation_6_high_light_calibration.csv
formation_6_high_light,4,45,101.07,formation_6_high_light_calibration.csv
formation_6_high_light,4,50,125.93,formation_6_high_light_calibration.csv
formation_6_high_light,4,55,151.51,formation_6_high_light_calibration.csv
formation_6_high_light,4,60,176.75,formation_6_high_light_calibration.csv
formation_6_high_light,4,65,204.03,formation_6_high_light_calibration.csv
formation_6_high_light,4,70,239.91,formation_6_high_light_calibration.csv
formation_6_high_light,4,75,275.25,formation_6_high_light_calibration.csv
formation_6_high_light,4,80,311.11,formation_6_high_light_calibration.csv
formation_6_high_light,4,85,346.6,formation_6_high_light_calibration.csv
formation_6_high_light,4,90,382.33,formation_6_high_light_calibration.csv
formation_6_high_light,4,95,418.46,formation_6_high_light_calibration.csv
formation_6_high_light,4,100,455.85,formation_6_high_light_calibration.csv
formation_6_high_light,5,10,9.8054,formation_6_high_light_calibration.csv
formation_6_high_light,5,15,16.359,formation_6_high_light_calibration.csv
formation_6_high_light,5,20,23.596,formation_6_high_light_calibration.csv
formation_6_high_light,5,25,31.073,formation_6_high_light_calibration.csv
formation_6_high_light,5,30,38.589,formation_6_high_light_calibration.csv
formation_6_high_light,5,35,58.818,formation_6_high_light_calibration.csv
formation_6_high_light,5,40,87.263,formation_6_high_light_calibration.csv
formation_6_high_light,5,45,116.02,formation_6_high_light_calibration.csv
formation_6_high_light,5,50,145.23,formation_6_high_light_calibration.csv
formation_6_high_light,5,55,174.75,formation_6_high_light_calibration.csv
formation_6_high_light,5,60,204.42,formation_6_high_light_calibration.csv
formation_6_high_light,5,65,237.06,formation_6_high_light_calibration.csv
formation_6_high_light,5,70,280.78,formation_6_high_light_calibration.csv
formation_6_high_light,5,75,325.1,formation_6_high_light_calibration.csv
formation_6_high_light,5,80,368.85,formation_6_high_light_calibration.csv
formation_6_high_light,5,85,413.32,formation_6_high_light_calibration.csv
formation_6_high_light,5,90,457.71,formation_6_high_light_calibration.csv
formation_6_high_light,5,95,501.95,formation_6_high_light_calibration.csv
formation_6_high_light,5,100,549.51,formation_6_high_light_calibration.csv
formation_6_high_light,6,10,10.711,formation_6_high_light_calibration.csv
formation_6_high_light,6,15,17.809,formation_6_high_light_calibration.csv
formation_6_high_light,6,20,25.613,formation_6_high_light_calibration.csv
formation_6_high_light,6,25,33.633,formation_6_high_light_calibration.csv
formation_6_high_light,6,30,41.761,formation_6_high_light_calibration.csv
formation_6_high_light,6,35,64.443,formation_6_high_light_calibration.csv
formation_6_high_light,6,40,96.601,formation_6_high_light_calibration.csv
formation_6_high_light,6,45,129.16,formation_6_high_light_calibration.csv
formation_6_high_light,6,50,161.97,formation_6_high_light_calibration.csv
formation_6_high_light,6,55,195.2,formation_6_high_light_calibration.csv
formation_6_high_light,6,60,228.89,formation_6_high_light_calibration.csv
formation_6_high_light,6,65,265.53,formation_6_high_light_calibration.csv
formation_6_high_light,6,70,317.33,formation_6_high_light_calibration.csv
formation_6_high_light,6,75,368.65,formation_6_high_light_calibration.csv
formation_6_high_light,6,80,420.64,formation_6_high_light_calibration.csv
formation_6_high_light,6,85,472.66,formation_6_high_light_calibration.csv
formation_6_high_light,6,90,524.48,formation_6_high_light_calibration.csv
formation_6_high_light,6,95,576.34,formation_6_high_light_calibration.csv
formation_6_high_light,6,100,634.04,formation_6_high_light_calibration.csv
formation_6_high_light,7,10,11.522,formation_6_high_light_calibration.csv
formation_6_high_light,7,15,19.093,formation_6_high_light_calibration.csv
formation_6_high_light,7,20,27.389,formation_6_high_light_calibration.csv
formation_6_high_light,7,25,35.913,formation_6_high_light_calibration.csv
formation_6_high_light,7,30,44.596,formation_6_high_light_calibration.csv
formation_6_high_light,7,35,69.439,formation_6_high_light_calibration.csv
formation_6_high_light,7,40,104.88,formation_6_high_light_calibration.csv
formation_6_high_light,7,45,140.73,formation_6_high_light_calibration.csv
formation_6_high_light,7,50,176.75,formation_6_high_light_calibration.csv
formation_6_high_light,7,55,213.48,formation_6_high_light_calibration.csv
formation_6_high_light,7,60,250.56,formation_6_high_light_calibration.csv
formation_6_high_light,7,65,291.13,formation_6_high_light_calibration.csv
formation_6_high_light,7,70,349.81,formation_6_high_light_calibration.csv
formation_6_high_light,7,75,408.53,formation_6_high_light_calibration.csv
formation_6_high_light,7,80,467.35,formation_6_high_light_calibration.csv
formation_6_high_light,7,85,526.25,formation_6_high_light_calibration.csv
formation_6_high_light,7,90,584.96,formation_6_high_light_calibration.csv
formation_6_high_light,7,95,643.6,formation_6_high_light_calibration.csv
formation_6_high_light,7,100,711.4,formation_6_high_light_calibration.csv
formation_6_high_light,8,10,12.275,formation_6_high_light_calibration.csv
formation_6_high_light,8,15,20.274,formation_6_high_light_calibration.csv
formation_6_high_light,8,20,29.044,formation_6_high_light_calibration.csv
formation_6_high_light,8,25,38.034,formation_6_high_light_calibration.csv
formation_6_high_light,8,30,47.169,formation_6_high_light_calibration.csv
formation_6_high_light,8,35,74.095,formation_6_high_light_calibration.csv
formation_6_high_light,8,40,112.65,formation_6_high_light_calibration.csv
formation_6_high_light,8,45,151.58,formation_6_high_light_calibration.csv
formation_6_high_light,8,50,190.73,formation_6_high_light_calibration.csv
formation_6_high_light,8,55,230.83,formation_6_high_light_calibration.csv
formation_6_high_light,8,60,270.53,formation_6_high_light_calibration.csv
formation_6_high_light,8,65,315.59,formation_6_high_light_calibration.csv
formation_6_high_light,8,70,380.42,formation_6_high_light_calibration.csv
formation_6_high_light,8,75,446.16,formation_6_high_light_calibration.csv
formation_6_high_light,8,80,511.33,formation_6_high_light_calibration.csv
formation_6_high_light,8,85,576.87,formation_6_high_light_calibration.csv
formation_6_high_light,8,90,642.26,formation_6_high_light_calibration.csv
formation_6_high_light,8,95,707.68,formation_6_high_light_calibration.csv
formation_6_high_light,8,100,784.67,formation_6_high_light_calibration.csv
formation_6_high_light,9,10,12.928,formation_6_high_light_calibration.csv
formation_6_high_light,9,15,21.315,formation_6_high_light_calibration.csv
formation_6_high_light,9,20,30.464,formation_6_high_light_calibration.csv
formation_6_high_light,9,25,39.854,formation_6_high_light_calibration.csv
formation_6_high_light,9,30,49.383,formation_6_high_light_calibration.csv
formation_6_high_light,9,35,78.091,formation_6_high_light_calibration.csv
formation_6_high_light,9,40,119.38,formation_6_high_light_calibration.csv
formation_6_high_light,9,45,161.19,formation_6_high_light_calibration.csv
formation_6_high_light,9,50,202.93,formation_6_high_light_calibration.csv
formation_6_high_light,9,55,245.9,formation_6_high_light_calibration.csv
formation_6_high_light,9,60,288.4,formation_6_high_light_calibration.csv
formation_6_high_light,9,65,336.65,formation_6_high_light_calibration.csv
formation_6_high_light,9,70,407.82,formation_6_high_light_calibration.csv
formation_6_high_light,9,75,479.0,formation_6_high_light_calibration.csv
formation_6_high_light,9,80,550.06,formation_6_high_light_calibration.csv
formation_6_high_light,9,85,621.51,formation_6_high_light_calibration.csv
formation_6_high_light,9,90,692.81,formation_6_high_light_calibration.csv
formation_6_high_light,9,95,764.15,formation_6_high_light_calibration.csv
formation_6_high_light,9,100,849.71,formation_6_high_light_calibration.csv
formation_6_high_light,10,10,13.52,formation_6_high_light_calibration.csv
formation_6_high_light,10,15,22.246,formation_6_high_light_calibration.csv
formation_6_high_light,10,20,31.757,formation_6_high_light_calibration.csv
formation_6_high_light,10,25,41.508,formation_6_high_light_calibration.csv
formation_6_high_light,10,30,51.386,formation_6_high_light_calibration.csv
formation_6_high_light,10,35,81.769,formation_6_high_light_calibration.csv
formation_6_high_light,10,40,125.64,formation_6_high_light_calibration.csv
formation_6_high_light,10,45,169.9,formation_6_high_light_calibration.csv
formation_6_high_light,10,50,214.25,formation_6_high_light_calibration.csv
formation_6_high_light,10,55,259.59,formation_6_high_light_calibration.csv
formation_6_high_light,10,60,305.12,formation_6_high_light_calibration.csv
formation_6_high_light,10,65,356.0,formation_6_high_light_calibration.csv
formation_6_high_light,10,70,432.5,formation_6_high_light_calibration.csv
formation_6_high_light,10,75,509.7,formation_6_high_light_calibration.csv
formation_6_high_light,10,80,586.26,formation_6_high_light_calibration.csv
formation_6_high_light,10,85,663.25,formation_6_high_light_calibration.csv
formation_6_high_light,10,90,740.06,formation_6_high_light_calibration.csv
formation_6_high_light,10,95,816.65,formation_6_high_light_calibration.csv
formation_6_high_light,10,100,909.82,formation_6_high_light_calibration.csv
formation_6_high_light,11,10,14.068,formation_6_high_light_calibration.csv
formation_6_high_light,11,15,23.098,formation_6_high_light_calibration.csv
formation_6_high_light,11,20,32.94,formation_6_high_light_calibration.csv
formation_6_high_light,11,25,43.048,formation_6_high_light_calibration.csv
formation_6_high_light,11,30,53.222,formation_6_high_light_calibration.csv
formation_6_high_light,11,35,85.154,formation_6_high_light_calibration.csv
formation_6_high_light,11,40,131.46,formation_6_high_light_calibration.csv
formation_6_high_light,11,45,177.77,formation_6_high_light_calibration.csv
formation_6_high_light,11,50,224.92,formation_6_high_light_calibration.csv
formation_6_high_light,11,55,272.32,formation_6_high_light_calibration.csv
formation_6_high_light,11,60,320.34,formation_6_high_light_calibration.csv
formation_6_high_light,11,65,374.1,formation_6_high_light_calibration.csv
formation_6_high_light,11,70,456.29,formation_6_high_light_calibration.csv
formation_6_high_light,11,75,537.89,formation_6_high_light_calibration.csv
formation_6_high_light,11,80,619.7,formation_6_high_light_calibration.csv
formation_6_high_light,11,85,701.56,formation_6_high_light_calibration.csv
formation_6_high_light,11,90,783.53,formation_6_high_light_calibration.csv
formation_6_high_light,11,95,864.64,formation_6_high_light_calibration.csv
formation_6_high_light,11,100,966.04,formation_6_high_light_calibration.csv
formation_6_high_light,12,10,14.571,formation_6_high_light_calibration.csv
formation_6_high_light,12,15,23.873,formation_6_high_light_calibration.csv
formation_6_high_light,12,20,33.997,formation_6_high_light_calibration.csv
formation_6_high_light,12,25,44.426,formation_6_high_light_calibration.csv
formation_6_high_light,12,30,54.906,formation_6_high_light_calibration.csv
formation_6_high_light,12,35,88.181,formation_6_high_light_calibration.csv
formation_6_high_light,12,40,136.76,formation_6_high_light_calibration.csv
formation_6_high_light,12,45,185.27,formation_6_high_light_calibration.csv
formation_6_high_light,12,50,234.62,formation_6_high_light_calibration.csv
formation_6_high_light,12,55,284.23,formation_6_high_light_calibration.csv
formation_6_high_light,12,60,334.5,formation_6_high_light_calibration.csv
formation_6_high_light,12,65,391.28,formation_6_high_light_calibration.csv
formation_6_high_light,12,70,477.89,formation_6_high_light_calibration.csv
formation_6_high_light,12,75,564.43,formation_6_high_light_calibration.csv
formation_6_high_light,12,80,651.01,formation_6_high_light_calibration.csv
formation_6_high_light,12,85,737.56,formation_6_high_light_calibration.csv
formation_6_high_light,12,90,824.59,formation_6_high_light_calibration.csv
formation_6_high_light,12,95,910.5,formation_6_high_light_calibration.csv
formation_6_high_light,12,100,1019.1,formation_6_high_light_calibration.csv
formation_6_high_light,13,10,15.461,formation_6_high_light_calibration.csv
formation_6_high_light,13,15,25.259,formation_6_high_light_calibration.csv
formation_6_high_light,13,20,35.917,formation_6_high_light_calibration.csv
formation_6_high_light,13,25,46.865,formation_6_high_light_calibration.csv
formation_6_high_light,13,30,57.824,formation_6_high_light_calibration.csv
formation_6_high_light,13,35,93.548,formation_6_high_light_calibration.csv
formation_6_high_light,13,40,145.82,formation_6_high_light_calibration.csv
formation_6_high_light,13,45,198.05,formation_6_high_light_calibration.csv
formation_6_high_light,13,50,250.97,formation_6_high_light_calibration.csv
formation_6_high_light,13,55,304.53,formation_6_high_light_calibration.csv
formation_6_high_light,13,60,357.78,formation_6_high_light_calibration.csv
formation_6_high_light,13,65,419.2,formation_6_high_light_calibration.csv
formation_6_high_light,13,70,512.92,formation_6_high_light_calibration.csv
formation_6_high_light,13,75,606.32,formation_6_high_light_calibration.csv
formation_6_high_light,13,80,699.5,formation_6_high_light_calibration.csv
formation_6_high_light,13,85,793.21,formation_6_high_light_calibration.csv
formation_6_high_light,13,90,885.89,formation_6_high_light_calibration.csv
formation_6_high_light,13,95,979.28,formation_6_high_light_calibration.csv
formation_6_high_light,13,100,1096.9,formation_6_high_light_calibration.csv
formation_6_high_light,14,10,15.799,formation_6_high_light_calibration.csv
formation_6_high_light,14,15,25.793,formation_6_high_light_calibration.csv
formation_6_high_light,14,20,36.647,formation_6_high_light_calibration.csv
formation_6_high_light,14,25,47.8,formation_6_high_light_calibration.csv
formation_6_high_light,14,30,58.981,formation_6_high_light_calibration.csv
formation_6_high_light,14,35,95.753,formation_6_high_light_calibration.csv
formation_6_high_light,14,40,149.62,formation_6_high_light_calibration.csv
formation_6_high_light,14,45,203.39,formation_6_high_light_calibration.csv
formation_6_high_light,14,50,257.85,formation_6_high_light_calibration.csv
formation_6_high_light,14,55,313.26,formation_6_high_light_calibration.csv
formation_6_high_light,14,60,368.12,formation_6_high_light_calibration.csv
formation_6_high_light,14,65,431.35,formation_6_high_light_calibration.csv
formation_6_high_light,14,70,528.9,formation_6_high_light_calibration.csv
formation_6_high_light,14,75,625.82,formation_6_high_light_calibration.csv
formation_6_high_light,14,80,723.04,formation_6_high_light_calibration.csv
formation_6_high_light,14,85,820.4,formation_6_high_light_calibration.csv
formation_6_high_light,14,90,916.84,formation_6_high_light_calibration.csv
formation_6_high_light,14,95,1013.9,formation_6_high_light_calibration.csv
formation_6_high_light,14,100,1137.4,formation_6_high_light_calibration.csv
formation_6_high_light,15,10,16.154,formation_6_high_light_calibration.csv
formation_6_high_light,15,15,26.341,formation_6_high_light_calibration.csv
formation_6_high_light,15,20,37.389,formation_6_high_light_calibration.csv
formation_6_high_light,15,25,48.756,formation_6_high_light_calibration.csv
formation_6_high_light,15,30,60.14,formation_6_high_light_calibration.csv
formation_6_high_light,15,35,97.947,formation_6_high_light_calibration.csv
formation_6_high_light,15,40,153.54,formation_6_high_light_calibration.csv
formation_6_high_light,15,45,208.94,formation_6_high_light_calibration.csv
formation_6_high_light,15,50,264.96,formation_6_high_light_calibration.csv
formation_6_high_light,15,55,322.05,formation_6_high_light_calibration.csv
formation_6_high_light,15,60,378.69,formation_6_high_light_calibration.csv
formation_6_high_light,15,65,444.42,formation_6_high_light_calibration.csv
formation_6_high_light,15,70,545.04,formation_6_high_light_calibration.csv
formation_6_high_light,15,75,646.07,formation_6_high_light_calibration.csv
formation_6_high_light,15,80,746.85,formation_6_high_light_calibration.csv
formation_6_high_light,15,85,848.17,formation_6_high_light_calibration.csv
formation_6_high_light,15,90,948.42,formation_6_high_light_calibration.csv
formation_6_high_light,15,95,1049.1,formation_6_high_light_calibration.csv
formation_6_high_light,15,100,1178.6,formation_6_high_light_calibration.csv
formation_6_high_light,16,10,16.476,formation_6_high_light_calibration.csv
formation_6_high_light,16,15,26.843,formation_6_high_light_calibration.csv
formation_6_high_light,16,20,38.082,formation_6_high_light_calibration.csv
formation_6_high_light,16,25,49.645,formation_6_high_light_calibration.csv
formation_6_high_light,16,30,61.209,formation_6_high_light_calibration.csv
formation_6_high_light,16,35,100.02,formation_6_high_light_calibration.csv
formation_6_high_light,16,40,157.14,formation_6_high_light_calibration.csv
formation_6_high_light,16,45,214.14,formation_6_high_light_calibration.csv
formation_6_high_light,16,50,271.66,formation_6_high_light_calibration.csv
formation_6_high_light,16,55,330.53,formation_6_high_light_calibration.csv
formation_6_high_light,16,60,388.89,formation_6_high_light_calibration.csv
formation_6_high_light,16,65,456.19,formation_6_high_light_calibration.csv
formation_6_high_light,16,70,560.56,formation_6_high_light_calibration.csv
formation_6_high_light,16,75,664.85,formation_6_high_light_calibration.csv
formation_6_high_light,16,80,769.21,formation_6_high_light_calibration.csv
formation_6_high_light,16,85,873.51,formation_6_high_light_calibration.csv
formation_6_high_light,16,90,977.59,formation_6_high_light_calibration.csv
formation_6_high_light,16,95,1081.9,formation_6_high_light_calibration.csv
formation_6_high_light,16,100,1217.0,formation_6_high_light_calibration.csv
formation_6_high_light,17,10,16.75,formation_6_high_light_calibration.csv
formation_6_high_light,17,15,27.281,formation_6_high_light_calibration.csv
formation_6_high_light,17,20,38.691,formation_6_high_light_calibration.csv
formation_6_high_light,17,25,50.401,formation_6_high_light_calibration.csv
formation_6_high_light,17,30,62.167,formation_6_high_light_calibration.csv
formation_6_high_light,17,35,101.82,formation_6_high_light_calibration.csv
formation_6_high_light,17,40,160.3,formation_6_high_light_calibration.csv
formation_6_high_light,17,45,218.78,formation_6_high_light_calibration.csv
formation_6_high_light,17,50,277.47,formation_6_high_light_calibration.csv
formation_6_high_light,17,55,337.4,formation_6_high_light_calibration.csv
formation_6_high_light,17,60,397.16,formation_6_high_light_calibration.csv
formation_6_high_light,17,65,466.1,formation_6_high_light_calibration.csv
formation_6_high_light,17,70,573.81,formation_6_high_light_calibration.csv
formation_6_high_light,17,75,681.29,formation_6_high_light_calibration.csv
formation_6_high_light,17,80,788.82,formation_6_high_light_calibration.csv
formation_6_high_light,17,85,895.78,formation_6_high_light_calibration.csv
formation_6_high_light,17,90,1003.3,formation_6_high_light_calibration.csv
formation_6_high_light,17,95,1111.0,formation_6_high_light_calibration.csv
formation_6_high_light,17,100,1251.2,formation_6_high_light_calibration.csv
formation_6_high_light,18,10,17.037,formation_6_high_light_calibration.csv
formation_6_high_light,18,15,27.727,formation_6_high_light_calibration.csv
formation_6_high_light,18,20,39.287,formation_6_high_light_calibration.csv
formation_6_high_light,18,25,51.156,formation_6_high_light_calibration.csv
formation_6_high_light,18,30,63.047,formation_6_high_light_calibration.csv
formation_6_high_light,18,35,103.65,formation_6_high_light_calibration.csv
formation_6_high_light,18,40,163.42,formation_6_high_light_calibration.csv
formation_6_high_light,18,45,223.33,formation_6_high_light_calibration.csv
formation_6_high_light,18,50,283.42,formation_6_high_light_calibration.csv
formation_6_high_light,18,55,344.57,formation_6_high_light_calibration.csv
formation_6_high_light,18,60,406.07,formation_6_high_light_calibration.csv
formation_6_high_light,18,65,476.76,formation_6_high_light_calibration.csv
formation_6_high_light,18,70,587.5,formation_6_high_light_calibration.csv
formation_6_high_light,18,75,698.39,formation_6_high_light_calibration.csv
formation_6_high_light,18,80,809.09,formation_6_high_light_calibration.csv
formation_6_high_light,18,85,919.04,formation_6_high_light_calibration.csv
formation_6_high_light,18,90,1029.9,formation_6_high_light_calibration.csv
formation_6_high_light,18,95,1140.9,formation_6_high_light_calibration.csv
formation_6_high_light,18,100,1285.7,formation_6_high_light_calibration.csv
formation_6_high_light,19,10,17.297,formation_6_high_light_calibration.csv
formation_6_high_light,19,15,28.114,formation_6_high_light_calibration.csv
formation_6_high_light,19,20,39.831,formation_6_high_light_calibration.csv
formation_6_high_light,19,25,51.862,formation_6_high_light_calibration.csv
formation_6_high_light,19,30,63.871,formation_6_high_light_calibration.csv
formation_6_high_light,19,35,105.24,formation_6_high_light_calibration.csv
formation_6_high_light,19,40,166.35,formation_6_high_light_calibration.csv
formation_6_high_light,19,45,227.38,formation_6_high_light_calibration.csv
formation_6_high_light,19,50,288.75,formation_6_high_light_calibration.csv
formation_6_high_light,19,55,351.14,formation_6_high_light_calibration.csv
formation_6_high_light,19,60,413.78,formation_6_high_light_calibration.csv
formation_6_high_light,19,65,486.16,formation_6_high_light_calibration.csv
formation_6_high_light,19,70,599.71,formation_6_high_light_calibration.csv
formation_6_high_light,19,75,713.31,formation_6_high_light_calibration.csv
formation_6_high_light,19,80,826.98,formation_6_high_light_calibration.csv
formation_6_high_light,19,85,939.93,formation_6_high_light_calibration.csv
formation_6_high_light,19,90,1053.3,formation_6_high_light_calibration.csv
formation_6_high_light,19,95,1167.0,formation_6_high_light_calibration.csv
formation_6_high_light,19,100,1317.8,formation_6_high_light_calibration.csv
formation_6_high_light,20,10,17.569,formation_6_high_light_calibration.csv
formation_6_high_light,20,15,28.499,formation_6_high_light_calibration.csv
formation_6_high_light,20,20,40.387,formation_6_high_light_calibration.csv
formation_6_high_light,20,25,52.534,formation_6_high_light_calibration.csv
formation_6_high_light,20,30,64.732,formation_6_high_light_calibration.csv
formation_6_high_light,20,35,106.92,formation_6_high_light_calibration.csv
formation_6_high_light,20,40,169.24,formation_6_high_light_calibration.csv
formation_6_high_light,20,45,231.62,formation_6_high_light_calibration.csv
formation_6_high_light,20,50,294.14,formation_6_high_light_calibration.csv
formation_6_high_light,20,55,357.71,formation_6_high_light_calibration.csv
formation_6_high_light,20,60,421.67,formation_6_high_light_calibration.csv
formation_6_high_light,20,65,495.72,formation_6_high_light_calibration.csv
formation_6_high_light,20,70,612.18,formation_6_high_light_calibration.csv
formation_6_high_light,20,75,728.62,formation_6_high_light_calibration.csv
formation_6_high_light,20,80,845.23,formation_6_high_light_calibration.csv
formation_6_high_light,20,85,960.79,formation_6_high_light_calibration.csv
formation_6_high_light,20,90,1077.0,formation_6_high_light_calibration.csv
formation_6_high_light,20,95,1194.0,formation_6_high_light_calibration.csv
formation_6_high_light,20,100,1349.3,formation_6_high_light_calibration.csv
formation_6_high_light,21,10,17.773,formation_6_high_light_calibration.csv
formation_6_high_light,21,15,28.879,formation_6_high_light_calibration.csv
formation_6_high_light,21,20,40.914,formation_6_high_light_calibration.csv
formation_6_high_light,21,25,53.192,formation_6_high_light_calibration.csv
formation_6_high_light,21,30,65.533,formation_6_high_light_calibration.csv
formation_6_high_light,21,35,108.51,formation_6_high_light_calibration.csv
formation_6_high_light,21,40,171.89,formation_6_high_light_calibration.csv
formation_6_high_light,21,45,235.48,formation_6_high_light_calibration.csv
formation_6_high_light,21,50,299.21,formation_6_high_light_calibration.csv
formation_6_high_light,21,55,363.84,formation_6_high_light_calibration.csv
formation_6_high_light,21,60,429.13,formation_6_high_light_calibration.csv
formation_6_high_light,21,65,504.42,formation_6_high_light_calibration.csv
formation_6_high_light,21,70,623.71,formation_6_high_light_calibration.csv
formation_6_high_light,21,75,743.25,formation_6_high_light_calibration.csv
formation_6_high_light,21,80,861.31,formation_6_high_light_calibration.csv
formation_6_high_light,21,85,980.71,formation_6_high_light_calibration.csv
formation_6_high_light,21,90,1100.2,formation_6_high_light_calibration.csv
formation_6_high_light,21,95,1219.7,formation_6_high_light_calibration.csv
formation_6_high_light,21,100,1379.1,formation_6_high_light_calibration.csv
formation_6_high_light,22,10,17.992,formation_6_high_light_calibration.csv
formation_6_high_light,22,15,29.187,formation_6_high_light_calibration.csv
formation_6_high_light,22,20,41.326,formation_6_high_light_calibration.csv
formation_6_high_light,22,25,53.758,formation_6_high_light_calibration.csv
formation_6_high_light,22,30,66.195,formation_6_high_light_calibration.csv
formation_6_high_light,22,35,109.89,formation_6_high_light_calibration.csv
formation_6_high_light,22,40,174.21,formation_6_high_light_calibration.csv
formation_6_high_light,22,45,238.99,formation_6_high_light_calibration.csv
formation_6_high_light,22,50,304.05,formation_6_high_light_calibration.csv
formation_6_high_light,22,55,369.58,formation_6_high_light_calibration.csv
formation_6_high_light,22,60,435.59,formation_6_high_light_calibration.csv
formation_6_high_light,22,65,512.6,formation_6_high_light_calibration.csv
formation_6_high_light,22,70,634.34,formation_6_high_light_calibration.csv
formation_6_high_light,22,75,755.93,formation_6_high_light_calibration.csv
formation_6_high_light,22,80,876.81,formation_6_high_light_calibration.csv
formation_6_high_light,22,85,998.75,formation_6_high_light_calibration.csv
formation_6_high_light,22,90,1120.3,formation_6_high_light_calibration.csv
formation_6_high_light,22,95,1242.0,formation_6_high_light_calibration.csv
formation_6_high_light,22,100,1405.3,formation_6_high_light_calibration.csv
formation_6_high_light,23,10,18.209,formation_6_high_light_calibration.csv
formation_6_high_light,23,15,29.554,formation_6_high_light_calibration.csv
formation_6_high_light,23,20,41.8,formation_6_high_light_calibration.csv
formation_6_high_light,23,25,54.309,formation_6_high_light_calibration.csv
formation_6_high_light,23,30,66.88,formation_6_high_light_calibration.csv
formation_6_high_light,23,35,111.2,formation_6_high_light_calibration.csv
formation_6_high_light,23,40,176.65,formation_6_high_light_calibration.csv
formation_6_high_light,23,45,242.45,formation_6_high_light_calibration.csv
formation_6_high_light,23,50,308.64,formation_6_high_light_calibration.csv
formation_6_high_light,23,55,375.29,formation_6_high_light_calibration.csv
formation_6_high_light,23,60,442.63,formation_6_high_light_calibration.csv
formation_6_high_light,23,65,520.65,formation_6_high_light_calibration.csv
formation_6_high_light,23,70,644.87,formation_6_high_light_calibration.csv
formation_6_high_light,23,75,769.25,formation_6_high_light_calibration.csv
formation_6_high_light,23,80,892.9,formation_6_high_light_calibration.csv
formation_6_high_light,23,85,1017.1,formation_6_high_light_calibration.csv
formation_6_high_light,23,90,1141.1,formation_6_high_light_calibration.csv
formation_6_high_light,23,95,1265.6,formation_6_high_light_calibration.csv
formation_6_high_light,23,100,1433.0,formation_6_high_light_calibration.csv
formation_6_high_light,24,10,18.389,formation_6_high_light_calibration.csv
formation_6_high_light,24,15,29.851,formation_6_high_light_calibration.csv
formation_6_high_light,24,20,42.188,formation_6_high_light_calibration.csv
formation_6_high_light,24,25,54.844,formation_6_high_light_calibration.csv
formation_6_high_light,24,30,67.527,formation_6_high_light_calibration.csv
formation_6_high_light,24,35,112.48,formation_6_high_light_calibration.csv
formation_6_high_light,24,40,178.85,formation_6_high_light_calibration.csv
formation_6_high_light,24,45,245.68,formation_6_high_light_calibration.csv
formation_6_high_light,24,50,312.78,formation_6_high_light_calibration.csv
formation_6_high_light,24,55,380.26,formation_6_high_light_calibration.csv
formation_6_high_light,24,60,448.88,formation_6_high_light_calibration.csv
formation_6_high_light,24,65,527.89,formation_6_high_light_calibration.csv
formation_6_high_light,24,70,654.37,formation_6_high_light_calibration.csv
formation_6_high_light,24,75,781.03,formation_6_high_light_calibration.csv
formation_6_high_light,24,80,906.65,formation_6_high_light_calibration.csv
formation_6_high_light,24,85,1033.2,formation_6_high_light_calibration.csv
formation_6_high_light,24,90,1160.4,formation_6_high_light_calibration.csv
formation_6_high_light,24,95,1286.7,formation_6_high_light_calibration.csv
formation_6_high_light,24,100,1457.2,formation_6_high_light_calibration.csv
formation_6_high_light,25,10,19.439,formation_6_high_light_calibration.csv
formation_6_high_light,25,15,31.45,formation_6_high_light_calibration.csv
formation_6_high_light,25,20,44.433,formation_6_high_light_calibration.csv
formation_6_high_light,25,25,57.676,formation_6_high_light_calibration.csv
formation_6_high_light,25,30,70.945,formation_6_high_light_calibration.csv
formation_6_high_light,25,35,118.22,formation_6_high_light_calibration.csv
formation_6_high_light,25,40,188.12,formation_6_high_light_calibration.csv
formation_6_high_light,25,45,258.1,formation_6_high_light_calibration.csv
formation_6_high_light,25,50,328.89,formation_6_high_light_calibration.csv
formation_6_high_light,25,55,400.32,formation_6_high_light_calibration.csv
formation_6_high_light,25,60,471.96,formation_6_high_light_calibration.csv
formation_6_high_light,25,65,555.15,formation_6_high_light_calibration.csv
formation_6_high_light,25,70,688.06,formation_6_high_light_calibration.csv
formation_6_high_light,25,75,820.9,formation_6_high_light_calibration.csv
formation_6_high_light,25,80,952.73,formation_6_high_light_calibration.csv
formation_6_high_light,25,85,1085.9,formation_6_high_light_calibration.csv
formation_6_high_light,25,90,1218.6,formation_6_high_light_calibration.csv
formation_6_high_light,25,95,1353.0,formation_6_high_light_calibration.csv
formation_6_high_light,25,100,1530.0,formation_6_high_light_calibration.csv
formation_6_high_light,26,10,19.591,formation_6_high_light_calibration.csv
formation_6_high_light,26,15,31.713,formation_6_high_light_calibration.csv
formation_6_high_light,26,20,44.78,formation_6_high_light_calibration.csv
formation_6_high_light,26,25,58.053,formation_6_high_light_calibration.csv
formation_6_high_light,26,30,71.474,formation_6_high_light_calibration.csv
formation_6_high_light,26,35,119.23,formation_6_high_light_calibration.csv
formation_6_high_light,26,40,189.94,formation_6_high_light_calibration.csv
formation_6_high_light,26,45,260.85,formation_6_high_light_calibration.csv
formation_6_high_light,26,50,332.51,formation_6_high_light_calibration.csv
formation_6_high_light,26,55,404.66,formation_6_high_light_calibration.csv
formation_6_high_light,26,60,477.07,formation_6_high_light_calibration.csv
formation_6_high_light,26,65,561.53,formation_6_high_light_calibration.csv
formation_6_high_light,26,70,696.37,formation_6_high_light_calibration.csv
formation_6_high_light,26,75,831.18,formation_6_high_light_calibration.csv
formation_6_high_light,26,80,964.81,formation_6_high_light_calibration.csv
formation_6_high_light,26,85,1100.0,formation_6_high_light_calibration.csv
formation_6_high_light,26,90,1234.8,formation_6_high_light_calibration.csv
formation_6_high_light,26,95,1371.5,formation_6_high_light_calibration.csv
formation_6_high_light,26,100,1551.4,formation_6_high_light_calibration.csv
formation_6_high_light,27,10,19.732,formation_6_high_light_calibration.csv
formation_6_high_light,27,15,31.932,formation_6_high_light_calibration.csv
formation_6_high_light,27,20,45.109,formation_6_high_light_calibration.csv
formation_6_high_light,27,25,58.469,formation_6_high_light_calibration.csv
formation_6_high_light,27,30,71.96,formation_6_high_light_calibration.csv
formation_6_high_light,27,35,120.29,formation_6_high_light_calibration.csv
formation_6_high_light,27,40,191.66,formation_6_high_light_calibration.csv
formation_6_high_light,27,45,263.32,formation_6_high_light_calibration.csv
formation_6_high_light,27,50,335.76,formation_6_high_light_calibration.csv
formation_6_high_light,27,55,408.73,formation_6_high_light_calibration.csv
formation_6_high_light,27,60,482.06,formation_6_high_light_calibration.csv
formation_6_high_light,27,65,567.23,formation_6_high_light_calibration.csv
formation_6_high_light,27,70,704.04,formation_6_high_light_calibration.csv
formation_6_high_light,27,75,840.84,formation_6_high_light_calibration.csv
formation_6_high_light,27,80,976.53,formation_6_high_light_calibration.csv
formation_6_high_light,27,85,1113.3,formation_6_high_light_calibration.csv
formation_6_high_light,27,90,1250.6,formation_6_high_light_calibration.csv
formation_6_high_light,27,95,1388.2,formation_6_high_light_calibration.csv
formation_6_high_light,27,100,1571.4,formation_6_high_light_calibration.csv
formation_6_high_light,28,10,19.867,formation_6_high_light_calibration.csv
formation_6_high_light,28,15,32.103,formation_6_high_light_calibration.csv
formation_6_high_light,28,20,45.354,formation_6_high_light_calibration.csv
formation_6_high_light,28,25,58.849,formation_6_high_light_calibration.csv
formation_6_high_light,28,30,72.355,formation_6_high_light_calibration.csv
formation_6_high_light,28,35,121.08,formation_6_high_light_calibration.csv
formation_6_high_light,28,40,193.26,formation_6_high_light_calibration.csv
formation_6_high_light,28,45,265.46,formation_6_high_light_calibration.csv
formation_6_high_light,28,50,338.44,formation_6_high_light_calibration.csv
formation_6_high_light,28,55,412.39,formation_6_high_light_calibration.csv
formation_6_high_light,28,60,486.16,formation_6_high_light_calibration.csv
formation_6_high_light,28,65,572.12,formation_6_high_light_calibration.csv
formation_6_high_light,28,70,710.45,formation_6_high_light_calibration.csv
formation_6_high_light,28,75,848.85,formation_6_high_light_calibration.csv
formation_6_high_light,28,80,985.9,formation_6_high_light_calibration.csv
formation_6_high_light,28,85,1124.7,formation_6_high_light_calibration.csv
formation_6_high_light,28,90,1263.1,formation_6_high_light_calibration.csv
formation_6_high_light,28,95,1402.8,formation_6_high_light_calibration.csv
formation_6_high_light,28,100,1588.6,formation_6_high_light_calibration.csv
formation_6_high_light,29,10,20.009,formation_6_high_light_calibration.csv
formation_6_high_light,29,15,32.346,formation_6_high_light_calibration.csv
formation_6_high_light,29,20,45.643,formation_6_high_light_calibration.csv
formation_6_high_light,29,25,59.208,formation_6_high_light_calibration.csv
formation_6_high_light,29,30,72.812,formation_6_high_light_calibration.csv
formation_6_high_light,29,35,121.98,formation_6_high_light_calibration.csv
formation_6_high_light,29,40,194.78,formation_6_high_light_calibration.csv
formation_6_high_light,29,45,267.74,formation_6_high_light_calibration.csv
formation_6_high_light,29,50,341.55,formation_6_high_light_calibration.csv
formation_6_high_light,29,55,415.87,formation_6_high_light_calibration.csv
formation_6_high_light,29,60,490.42,formation_6_high_light_calibration.csv
formation_6_high_light,29,65,577.57,formation_6_high_light_calibration.csv
formation_6_high_light,29,70,717.54,formation_6_high_light_calibration.csv
formation_6_high_light,29,75,857.6,formation_6_high_light_calibration.csv
formation_6_high_light,29,80,996.67,formation_6_high_light_calibration.csv
formation_6_high_light,29,85,1136.9,formation_6_high_light_calibration.csv
formation_6_high_light,29,90,1277.1,formation_6_high_light_calibration.csv
formation_6_high_light,29,95,1419.1,formation_6_high_light_calibration.csv
formation_6_high_light,29,100,1607.1,formation_6_high_light_calibration.csv
formation_6_high_light,30,10,20.126,formation_6_high_light_calibration.csv
formation_6_high_light,30,15,32.514,formation_6_high_light_calibration.csv
formation_6_high_light,30,20,45.913,formation_6_high_light_calibration.csv
formation_6_high_light,30,25,59.512,formation_6_high_light_calibration.csv
formation_6_high_light,30,30,73.257,formation_6_high_light_calibration.csv
formation_6_high_light,30,35,122.89,formation_6_high_light_calibration.csv
formation_6_high_light,30,40,196.37,formation_6_high_light_calibration.csv
formation_6_high_light,30,45,270.09,formation_6_high_light_calibration.csv
formation_6_high_light,30,50,344.22,formation_6_high_light_calibration.csv
formation_6_high_light,30,55,419.62,formation_6_high_light_calibration.csv
formation_6_high_light,30,60,495.06,formation_6_high_light_calibration.csv
formation_6_high_light,30,65,582.82,formation_6_high_light_calibration.csv
formation_6_high_light,30,70,724.57,formation_6_high_light_calibration.csv
formation_6_high_light,30,75,865.48,formation_6_high_light_calibration.csv
formation_6_high_light,30,80,1007.0,formation_6_high_light_calibration.csv
formation_6_high_light,30,85,1148.8,formation_6_high_light_calibration.csv
formation_6_high_light,30,90,1292.1,formation_6_high_light_calibration.csv
formation_6_high_light,30,95,1433.8,formation_6_high_light_calibration.csv
formation_6_high_light,30,100,1624.8,formation_6_high_light_calibration.csv
formation_6_high_light,31,10,20.253,formation_6_high_light_calibration.csv
formation_6_high_light,31,15,32.716,formation_6_high_light_calibration.csv
formation_6_high_light,31,20,46.162,formation_6_high_light_calibration.csv
formation_6_high_light,31,25,59.866,formation_6_high_light_calibration.csv
formation_6_high_light,31,30,73.605,formation_6_high_light_calibration.csv
formation_6_high_light,31,35,123.65,formation_6_high_light_calibration.csv
formation_6_high_light,31,40,197.89,formation_6_high_light_calibration.csv
formation_6_high_light,31,45,272.21,formation_6_high_light_calibration.csv
formation_6_high_light,31,50,347.04,formation_6_high_light_calibration.csv
formation_6_high_light,31,55,423.21,formation_6_high_light_calibration.csv
formation_6_high_light,31,60,499.07,formation_6_high_light_calibration.csv
formation_6_high_light,31,65,588.04,formation_6_high_light_calibration.csv
formation_6_high_light,31,70,731.46,formation_6_high_light_calibration.csv
formation_6_high_light,31,75,873.64,formation_6_high_light_calibration.csv
formation_6_high_light,31,80,1017.0,formation_6_high_light_calibration.csv
formation_6_high_light,31,85,1160.7,formation_6_high_light_calibration.csv
formation_6_high_light,31,90,1305.3,formation_6_high_light_calibration.csv
formation_6_high_light,31,95,1449.4,formation_6_high_light_calibration.csv
formation_6_high_light,31,100,1643.2,formation_6_high_light_calibration.csv
formation_6_high_light,32,10,20.386,formation_6_high_light_calibration.csv
formation_6_high_light,32,15,32.892,formation_6_high_light_calibration.csv
formation_6_high_light,32,20,46.438,formation_6_high_light_calibration.csv
formation_6_high_light,32,25,60.208,formation_6_high_light_calibration.csv
formation_6_high_light,32,30,74.027,formation_6_high_light_calibration.csv
formation_6_high_light,32,35,124.47,formation_6_high_light_calibration.csv
formation_6_high_light,32,40,199.3,formation_6_high_light_calibration.csv
formation_6_high_light,32,45,274.32,formation_6_high_light_calibration.csv
formation_6_high_light,32,50,349.84,formation_6_high_light_calibration.csv
formation_6_high_light,32,55,426.57,formation_6_high_light_calibration.csv
formation_6_high_light,32,60,503.15,formation_6_high_light_calibration.csv
formation_6_high_light,32,65,592.37,formation_6_high_light_calibration.csv
formation_6_high_light,32,70,737.35,formation_6_high_light_calibration.csv
formation_6_high_light,32,75,881.4,formation_6_high_light_calibration.csv
formation_6_high_light,32,80,1026.3,formation_6_high_light_calibration.csv
formation_6_high_light,32,85,1171.4,formation_6_high_light_calibration.csv
formation_6_high_light,32,90,1317.5,formation_6_high_light_calibration.csv
formation_6_high_light,32,95,1462.9,formation_6_high_light_calibration.csv
formation_6_high_light,32,100,1658.5,formation_6_high_light_calibration.csv
formation_6_high_light,33,10,20.475,formation_6_high_light_calibration.csv
formation_6_high_light,33,15,33.052,formation_6_high_light_calibration.csv
formation_6_high_light,33,20,46.647,formation_6_high_light_calibration.csv
formation_6_high_light,33,25,60.465,formation_6_high_light_calibration.csv
formation_6_high_light,33,30,74.353,formation_6_high_light_calibration.csv
formation_6_high_light,33,35,125.16,formation_6_high_light_calibration.csv
formation_6_high_light,33,40,200.52,formation_6_high_light_calibration.csv
formation_6_high_light,33,45,276.07,formation_6_high_light_calibration.csv
formation_6_high_light,33,50,352.05,formation_6_high_light_calibration.csv
formation_6_high_light,33,55,429.22,formation_6_high_light_calibration.csv
formation_6_high_light,33,60,506.51,formation_6_high_light_calibration.csv
formation_6_high_light,33,65,596.68,formation_6_high_light_calibration.csv
formation_6_high_light,33,70,742.85,formation_6_high_light_calibration.csv
formation_6_high_light,33,75,888.29,formation_6_high_light_calibration.csv
formation_6_high_light,33,80,1034.3,formation_6_high_light_calibration.csv
formation_6_high_light,33,85,1180.6,formation_6_high_light_calibration.csv
formation_6_high_light,33,90,1328.8,formation_6_high_light_calibration.csv
formation_6_high_light,33,95,1475.2,formation_6_high_light_calibration.csv
formation_6_high_light,33,100,1673.0,formation_6_high_light_calibration.csv
formation_6_high_light,34,10,20.605,formation_6_high_light_calibration.csv
formation_6_high_light,34,15,33.228,formation_6_high_light_calibration.csv
formation_6_high_light,34,20,46.866,formation_6_high_light_calibration.csv
formation_6_high_light,34,25,60.793,formation_6_high_light_calibration.csv
formation_6_high_light,34,30,74.71,formation_6_high_light_calibration.csv
formation_6_high_light,34,35,125.89,formation_6_high_light_calibration.csv
formation_6_high_light,34,40,201.92,formation_6_high_light_calibration.csv
formation_6_high_light,34,45,278.02,formation_6_high_light_calibration.csv
formation_6_high_light,34,50,354.58,formation_6_high_light_calibration.csv
formation_6_high_light,34,55,432.26,formation_6_high_light_calibration.csv
formation_6_high_light,34,60,510.22,formation_6_high_light_calibration.csv
formation_6_high_light,34,65,601.23,formation_6_high_light_calibration.csv
formation_6_high_light,34,70,748.96,formation_6_high_light_calibration.csv
formation_6_high_light,34,75,895.68,formation_6_high_light_calibration.csv
formation_6_high_light,34,80,1043.2,formation_6_high_light_calibration.csv
formation_6_high_light,34,85,1191.3,formation_6_high_light_calibration.csv
formation_6_high_light,34,90,1340.4,formation_6_high_light_calibration.csv
formation_6_high_light,34,95,1488.4,formation_6_high_light_calibration.csv
formation_6_high_light,34,100,1688.9,formation_6_high_light_calibration.csv
formation_6_high_light,35,10,20.722,formation_6_high_light_calibration.csv
formation_6_high_light,35,15,33.449,formation_6_high_light_calibration.csv
formation_6_high_light,35,20,47.114,formation_6_high_light_calibration.csv
formation_6_high_light,35,25,61.034,formation_6_high_light_calibration.csv
formation_6_high_light,35,30,75.091,formation_6_high_light_calibration.csv
formation_6_high_light,35,35,126.62,formation_6_high_light_calibration.csv
formation_6_high_light,35,40,203.26,formation_6_high_light_calibration.csv
formation_6_high_light,35,45,279.87,formation_6_high_light_calibration.csv
formation_6_high_light,35,50,357.17,formation_6_high_light_calibration.csv
formation_6_high_light,35,55,435.23,formation_6_high_light_calibration.csv
formation_6_high_light,35,60,513.89,formation_6_high_light_calibration.csv
formation_6_high_light,35,65,605.76,formation_6_high_light_calibration.csv
formation_6_high_light,35,70,754.85,formation_6_high_light_calibration.csv
formation_6_high_light,35,75,903.07,formation_6_high_light_calibration.csv
formation_6_high_light,35,80,1052.3,formation_6_high_light_calibration.csv
formation_6_high_light,35,85,1201.6,formation_6_high_light_calibration.csv
formation_6_high_light,35,90,1352.2,formation_6_high_light_calibration.csv
formation_6_high_light,35,95,1501.6,formation_6_high_light_calibration.csv
formation_6_high_light,35,100,1704.1,formation_6_high_light_calibration.csv
formation_6_high_light,36,10,20.808,formation_6_high_light_calibration.csv
formation_6_high_light,36,15,33.554,formation_6_high_light_calibration.csv
formation_6_high_light,36,20,47.356,formation_6_high_light_calibration.csv
formation_6_high_light,36,25,61.305,formation_6_high_light_calibration.csv
formation_6_high_light,36,30,75.437,formation_6_high_light_calibration.csv
formation_6_high_light,36,35,127.31,formation_6_high_light_calibration.csv
formation_6_high_light,36,40,204.5,formation_6_high_light_calibration.csv
formation_6_high_light,36,45,281.74,formation_6_high_light_calibration.csv
formation_6_high_light,36,50,359.45,formation_6_high_light_calibration.csv
formation_6_high_light,36,55,438.85,formation_6_high_light_calibration.csv
formation_6_high_light,36,60,517.54,formation_6_high_light_calibration.csv
formation_6_high_light,36,65,609.92,formation_6_high_light_calibration.csv
formation_6_high_light,36,70,760.67,formation_6_high_light_calibration.csv
formation_6_high_light,36,75,910.14,formation_6_high_light_calibration.csv
formation_6_high_light,36,80,1060.5,formation_6_high_light_calibration.csv
formation_6_high_light,36,85,1211.1,formation_6_high_light_calibration.csv
formation_6_high_light,36,90,1363.1,formation_6_high_light_calibration.csv
formation_6_high_light,36,95,1514.1,formation_6_high_light_calibration.csv
formation_6_high_light,36,100,1717.5,formation_6_high_light_calibration.csv
formation_6_high_light,37,10,20.909,formation_6_high_light_calibration.csv
formation_6_high_light,37,15,33.729,formation_6_high_light_calibration.csv
formation_6_high_light,37,20,47.559,formation_6_high_light_calibration.csv
formation_6_high_light,37,25,61.629,formation_6_high_light_calibration.csv
formation_6_high_light,37,30,75.73,formation_6_high_light_calibration.csv
formation_6_high_light,37,35,128.04,formation_6_high_light_calibration.csv
formation_6_high_light,37,40,205.66,formation_6_high_light_calibration.csv
formation_6_high_light,37,45,283.51,formation_6_high_light_calibration.csv
formation_6_high_light,37,50,361.81,formation_6_high_light_calibration.csv
formation_6_high_light,37,55,441.52,formation_6_high_light_calibration.csv
formation_6_high_light,37,60,520.71,formation_6_high_light_calibration.csv
formation_6_high_light,37,65,613.75,formation_6_high_light_calibration.csv
formation_6_high_light,37,70,766.04,formation_6_high_light_calibration.csv
formation_6_high_light,37,75,916.76,formation_6_high_light_calibration.csv
formation_6_high_light,37,80,1068.3,formation_6_high_light_calibration.csv
formation_6_high_light,37,85,1220.4,formation_6_high_light_calibration.csv
formation_6_high_light,37,90,1374.1,formation_6_high_light_calibration.csv
formation_6_high_light,37,95,1526.1,formation_6_high_light_calibration.csv
formation_6_high_light,37,100,1731.4,formation_6_high_light_calibration.csv
formation_6_high_light,38,10,20.993,formation_6_high_light_calibration.csv
formation_6_high_light,38,15,33.845,formation_6_high_light_calibration.csv
formation_6_high_light,38,20,47.733,formation_6_high_light_calibration.csv
formation_6_high_light,38,25,61.817,formation_6_high_light_calibration.csv
formation_6_high_light,38,30,75.99,formation_6_high_light_calibration.csv
formation_6_high_light,38,35,128.57,formation_6_high_light_calibration.csv
formation_6_high_light,38,40,206.71,formation_6_high_light_calibration.csv
formation_6_high_light,38,45,285.04,formation_6_high_light_calibration.csv
formation_6_high_light,38,50,363.81,formation_6_high_light_calibration.csv
formation_6_high_light,38,55,443.97,formation_6_high_light_calibration.csv
formation_6_high_light,38,60,523.76,formation_6_high_light_calibration.csv
formation_6_high_light,38,65,617.43,formation_6_high_light_calibration.csv
formation_6_high_light,38,70,770.76,formation_6_high_light_calibration.csv
formation_6_high_light,38,75,922.43,formation_6_high_light_calibration.csv
formation_6_high_light,38,80,1075.5,formation_6_high_light_calibration.csv
formation_6_high_light,38,85,1228.8,formation_6_high_light_calibration.csv
formation_6_high_light,38,90,1383.0,formation_6_high_light_calibration.csv
formation_6_high_light,38,95,1536.7,formation_6_high_light_calibration.csv
formation_6_high_light,38,100,1743.2,formation_6_high_light_calibration.csv
formation_6_high_light,39,10,21.087,formation_6_high_light_calibration.csv
formation_6_high_light,39,15,34.006,formation_6_high_light_calibration.csv
formation_6_high_light,39,20,47.929,formation_6_high_light_calibration.csv
formation_6_high_light,39,25,62.098,formation_6_high_light_calibration.csv
formation_6_high_light,39,30,76.324,formation_6_high_light_calibration.csv
formation_6_high_light,39,35,129.35,formation_6_high_light_calibration.csv
formation_6_high_light,39,40,207.92,formation_6_high_light_calibration.csv
formation_6_high_light,39,45,286.69,formation_6_high_light_calibration.csv
formation_6_high_light,39,50,366.01,formation_6_high_light_calibration.csv
formation_6_high_light,39,55,446.85,formation_6_high_light_calibration.csv
formation_6_high_light,39,60,527.46,formation_6_high_light_calibration.csv
formation_6_high_light,39,65,621.6,formation_6_high_light_calibration.csv
formation_6_high_light,39,70,776.12,formation_6_high_light_calibration.csv
formation_6_high_light,39,75,929.37,formation_6_high_light_calibration.csv
formation_6_high_light,39,80,1083.5,formation_6_high_light_calibration.csv
formation_6_high_light,39,85,1238.0,formation_6_high_light_calibration.csv
formation_6_high_light,39,90,1393.7,formation_6_high_light_calibration.csv
formation_6_high_light,39,95,1548.6,formation_6_high_light_calibration.csv
formation_6_high_light,39,100,1757.0,formation_6_high_light_calibration.csv
formation_6_high_light,40,10,21.187,formation_6_high_light_calibration.csv
formation_6_high_light,40,15,34.145,formation_6_high_light_calibration.csv
formation_6_high_light,40,20,48.142,formation_6_high_light_calibration.csv
formation_6_high_light,40,25,62.34,formation_6_high_light_calibration.csv
formation_6_high_light,40,30,76.615,formation_6_high_light_calibration.csv
formation_6_high_light,40,35,129.96,formation_6_high_light_calibration.csv
formation_6_high_light,40,40,209.18,formation_6_high_light_calibration.csv
formation_6_high_light,40,45,288.35,formation_6_high_light_calibration.csv
formation_6_high_light,40,50,368.2,formation_6_high_light_calibration.csv
formation_6_high_light,40,55,449.51,formation_6_high_light_calibration.csv
formation_6_high_light,40,60,530.23,formation_6_high_light_calibration.csv
formation_6_high_light,40,65,625.21,formation_6_high_light_calibration.csv
formation_6_high_light,40,70,780.9,formation_6_high_light_calibration.csv
formation_6_high_light,40,75,935.48,formation_6_high_light_calibration.csv
formation_6_high_light,40,80,1091.1,formation_6_high_light_calibration.csv
formation_6_high_light,40,85,1246.7,formation_6_high_light_calibration.csv
formation_6_high_light,40,90,1403.6,formation_6_high_light_calibration.csv
formation_6_high_light,40,95,1559.4,formation_6_high_light_calibration.csv
formation_6_high_light,40,100,1770.6,formation_6_high_light_calibration.csv
formation_6_high_light,41,10,21.272,formation_6_high_light_calibration.csv
formation_6_high_light,41,15,34.281,formation_6_high_light_calibration.csv
formation_6_high_light,41,20,48.334,formation_6_high_light_calibration.csv
formation_6_high_light,41,25,62.599,formation_6_high_light_calibration.csv
formation_6_high_light,41,30,76.933,formation_6_high_light_calibration.csv
formation_6_high_light,41,35,130.61,formation_6_high_light_calibration.csv
formation_6_high_light,41,40,210.07,formation_6_high_light_calibration.csv
formation_6_high_light,41,45,289.92,formation_6_high_light_calibration.csv
formation_6_high_light,41,50,370.27,formation_6_high_light_calibration.csv
formation_6_high_light,41,55,451.94,formation_6_high_light_calibration.csv
formation_6_high_light,41,60,533.32,formation_6_high_light_calibration.csv
formation_6_high_light,41,65,628.96,formation_6_high_light_calibration.csv
formation_6_high_light,41,70,785.39,formation_6_high_light_calibration.csv
formation_6_high_light,41,75,941.57,formation_6_high_light_calibration.csv
formation_6_high_light,41,80,1098.3,formation_6_high_light_calibration.csv
formation_6_high_light,41,85,1255.2,formation_6_high_light_calibration.csv
formation_6_high_light,41,90,1413.5,formation_6_high_light_calibration.csv
formation_6_high_light,41,95,1570.8,formation_6_high_light_calibration.csv
formation_6_high_light,41,100,1783.2,formation_6_high_light_calibration.csv
formation_6_high_light,42,10,21.376,formation_6_high_light_calibration.csv
formation_6_high_light,42,15,34.445,formation_6_high_light_calibration.csv
formation_6_high_light,42,20,48.493,formation_6_high_light_calibration.csv
formation_6_high_light,42,25,62.834,formation_6_high_light_calibration.csv
formation_6_high_light,42,30,77.23,formation_6_high_light_calibration.csv
formation_6_high_light,42,35,131.21,formation_6_high_light_calibration.csv
formation_6_high_light,42,40,211.12,formation_6_high_light_calibration.csv
formation_6_high_light,42,45,291.41,formation_6_high_light_calibration.csv
formation_6_high_light,42,50,372.3,formation_6_high_light_calibration.csv
formation_6_high_light,42,55,454.57,formation_6_high_light_calibration.csv
formation_6_high_light,42,60,536.04,formation_6_high_light_calibration.csv
formation_6_high_light,42,65,632.57,formation_6_high_light_calibration.csv
formation_6_high_light,42,70,790.59,formation_6_high_light_calibration.csv
formation_6_high_light,42,75,947.85,formation_6_high_light_calibration.csv
formation_6_high_light,42,80,1105.3,formation_6_high_light_calibration.csv
formation_6_high_light,42,85,1263.3,formation_6_high_light_calibration.csv
formation_6_high_light,42,90,1423.1,formation_6_high_light_calibration.csv
formation_6_high_light,42,95,1581.0,formation_6_high_light_calibration.csv
formation_6_high_light,42,100,1795.4,formation_6_high_light_calibration.csv
formation_6_high_light,43,10,21.431,formation_6_high_light_calibration.csv
formation_6_high_light,43,15,34.543,formation_6_high_light_calibration.csv
formation_6_high_light,43,20,48.646,formation_6_high_light_calibration.csv
formation_6_high_light,43,25,63.01,formation_6_high_light_calibration.csv
formation_6_high_light,43,30,77.441,formation_6_high_light_calibration.csv
formation_6_high_light,43,35,131.69,formation_6_high_light_calibration.csv
formation_6_high_light,43,40,212.14,formation_6_high_light_calibration.csv
formation_6_high_light,43,45,292.76,formation_6_high_light_calibration.csv
formation_6_high_light,43,50,373.91,formation_6_high_light_calibration.csv
formation_6_high_light,43,55,456.53,formation_6_high_light_calibration.csv
formation_6_high_light,43,60,538.64,formation_6_high_light_calibration.csv
formation_6_high_light,43,65,635.35,formation_6_high_light_calibration.csv
formation_6_high_light,43,70,794.43,formation_6_high_light_calibration.csv
formation_6_high_light,43,75,952.48,formation_6_high_light_calibration.csv
formation_6_high_light,43,80,1111.4,formation_6_high_light_calibration.csv
formation_6_high_light,43,85,1270.3,formation_6_high_light_calibration.csv
formation_6_high_light,43,90,1430.7,formation_6_high_light_calibration.csv
formation_6_high_light,43,95,1590.0,formation_6_high_light_calibration.csv
formation_6_high_light,43,100,1805.8,formation_6_high_light_calibration.csv
formation_6_high_light,44,10,21.519,formation_6_high_light_calibration.csv
formation_6_high_light,44,15,34.646,formation_6_high_light_calibration.csv
formation_6_high_light,44,20,48.83,formation_6_high_light_calibration.csv
formation_6_high_light,44,25,63.254,formation_6_high_light_calibration.csv
formation_6_high_light,44,30,77.736,formation_6_high_light_calibration.csv
formation_6_high_light,44,35,132.25,formation_6_high_light_calibration.csv
formation_6_high_light,44,40,213.17,formation_6_high_light_calibration.csv
formation_6_high_light,44,45,294.21,formation_6_high_light_calibration.csv
formation_6_high_light,44,50,375.94,formation_6_high_light_calibration.csv
formation_6_high_light,44,55,459.01,formation_6_high_light_calibration.csv
formation_6_high_light,44,60,541.59,formation_6_high_light_calibration.csv
formation_6_high_light,44,65,638.93,formation_6_high_light_calibration.csv
formation_6_high_light,44,70,799.4,formation_6_high_light_calibration.csv
formation_6_high_light,44,75,958.07,formation_6_high_light_calibration.csv
formation_6_high_light,44,80,1118.0,formation_6_high_light_calibration.csv
formation_6_high_light,44,85,1278.2,formation_6_high_light_calibration.csv
formation_6_high_light,44,90,1439.9,formation_6_high_light_calibration.csv
formation_6_high_light,44,95,1600.4,formation_6_high_light_calibration.csv
formation_6_high_light,44,100,1818.0,formation_6_high_light_calibration.csv
formation_6_high_light,45,10,21.597,formation_6_high_light_calibration.csv
formation_6_high_light,45,15,34.788,formation_6_high_light_calibration.csv
formation_6_high_light,45,20,49.006,formation_6_high_light_calibration.csv
formation_6_high_light,45,25,63.454,formation_6_high_light_calibration.csv
formation_6_high_light,45,30,77.99,formation_6_high_light_calibration.csv
formation_6_high_light,45,35,132.87,formation_6_high_light_calibration.csv
formation_6_high_light,45,40,214.13,formation_6_high_light_calibration.csv
formation_6_high_light,45,45,295.74,formation_6_high_light_calibration.csv
formation_6_high_light,45,50,377.69,formation_6_high_light_calibration.csv
formation_6_high_light,45,55,461.21,formation_6_high_light_calibration.csv
formation_6_high_light,45,60,544.25,formation_6_high_light_calibration.csv
formation_6_high_light,45,65,642.32,formation_6_high_light_calibration.csv
formation_6_high_light,45,70,803.71,formation_6_high_light_calibration.csv
formation_6_high_light,45,75,963.87,formation_6_high_light_calibration.csv
formation_6_high_light,45,80,1125.1,formation_6_high_light_calibration.csv
formation_6_high_light,45,85,1286.2,formation_6_high_light_calibration.csv
formation_6_high_light,45,90,1449.5,formation_6_high_light_calibration.csv
formation_6_high_light,45,95,1610.3,formation_6_high_light_calibration.csv
formation_6_high_light,45,100,1829.1,formation_6_high_light_calibration.csv
formation_6_high_light,46,10,21.718,formation_6_high_light_calibration.csv
formation_6_high_light,46,15,34.924,formation_6_high_light_calibration.csv
formation_6_high_light,46,20,49.169,formation_6_high_light_calibration.csv
formation_6_high_light,46,25,63.66,formation_6_high_light_calibration.csv
formation_6_high_light,46,30,78.236,formation_6_high_light_calibration.csv
formation_6_high_light,46,35,133.3,formation_6_high_light_calibration.csv
formation_6_high_light,46,40,215.28,formation_6_high_light_calibration.csv
formation_6_high_light,46,45,297.1,formation_6_high_light_calibration.csv
formation_6_high_light,46,50,379.59,formation_6_high_light_calibration.csv
formation_6_high_light,46,55,463.61,formation_6_high_light_calibration.csv
formation_6_high_light,46,60,546.92,formation_6_high_light_calibration.csv
formation_6_high_light,46,65,645.43,formation_6_high_light_calibration.csv
formation_6_high_light,46,70,807.68,formation_6_high_light_calibration.csv
formation_6_high_light,46,75,968.93,formation_6_high_light_calibration.csv
formation_6_high_light,46,80,1130.6,formation_6_high_light_calibration.csv
formation_6_high_light,46,85,1294.7,formation_6_high_light_calibration.csv
formation_6_high_light,46,90,1456.8,formation_6_high_light_calibration.csv
formation_6_high_light,46,95,1619.4,formation_6_high_light_calibration.csv
formation_6_high_light,46,100,1840.4,formation_6_high_light_calibration.csv
formation_6_high_light,47,10,21.772,formation_6_high_light_calibration.csv
formation_6_high_light,47,15,35.022,formation_6_high_light_calibration.csv
formation_6_high_light,47,20,49.352,formation_6_high_light_calibration.csv
formation_6_high_light,47,25,63.869,formation_6_high_light_calibration.csv
formation_6_high_light,47,30,78.484,formation_6_high_light_calibration.csv
formation_6_high_light,47,35,133.82,formation_6_high_light_calibration.csv
formation_6_high_light,47,40,216.1,formation_6_high_light_calibration.csv
formation_6_high_light,47,45,298.26,formation_6_high_light_calibration.csv
formation_6_high_light,47,50,381.34,formation_6_high_light_calibration.csv
formation_6_high_light,47,55,465.64,formation_6_high_light_calibration.csv
formation_6_high_light,47,60,549.5,formation_6_high_light_calibration.csv
formation_6_high_light,47,65,648.62,formation_6_high_light_calibration.csv
formation_6_high_light,47,70,811.75,formation_6_high_light_calibration.csv
formation_6_high_light,47,75,974.01,formation_6_high_light_calibration.csv
formation_6_high_light,47,80,1137.4,formation_6_high_light_calibration.csv
formation_6_high_light,47,85,1301.9,formation_6_high_light_calibration.csv
formation_6_high_light,47,90,1465.4,formation_6_high_light_calibration.csv
formation_6_high_light,47,95,1629.2,formation_6_high_light_calibration.csv
formation_6_high_light,47,100,1851.3,formation_6_high_light_calibration.csv
formation_6_high_light,48,10,21.837,formation_6_high_light_calibration.csv
formation_6_high_light,48,15,35.139,formation_6_high_light_calibration.csv
formation_6_high_light,48,20,49.467,formation_6_high_light_calibration.csv
formation_6_high_light,48,25,64.017,formation_6_high_light_calibration.csv
formation_6_high_light,48,30,78.677,formation_6_high_light_calibration.csv
formation_6_high_light,48,35,134.34,formation_6_high_light_calibration.csv
formation_6_high_light,48,40,216.98,formation_6_high_light_calibration.csv
formation_6_high_light,48,45,299.53,formation_6_high_light_calibration.csv
formation_6_high_light,48,50,382.8,formation_6_high_light_calibration.csv
formation_6_high_light,48,55,467.25,formation_6_high_light_calibration.csv
formation_6_high_light,48,60,551.7,formation_6_high_light_calibration.csv
formation_6_high_light,48,65,651.29,formation_6_high_light_calibration.csv
formation_6_high_light,48,70,815.59,formation_6_high_light_calibration.csv
formation_6_high_light,48,75,978.59,formation_6_high_light_calibration.csv
formation_6_high_light,48,80,1142.4,formation_6_high_light_calibration.csv
formation_6_high_light,48,85,1307.8,formation_6_high_light_calibration.csv
formation_6_high_light,48,90,1472.5,formation_6_high_light_calibration.csv
formation_6_high_light,48,95,1636.8,formation_6_high_light_calibration.csv
formation_6_high_light,48,100,1860.2,formation_6_high_light_calibration.csv
formation_6_high_light,49,10,21.884,formation_6_high_light_calibration.csv
formation_6_high_light,49,15,35.241,formation_6_high_light_calibration.csv
formation_6_high_light,49,20,49.645,formation_6_high_light_calibration.csv
formation_6_high_light,49,25,64.228,formation_6_high_light_calibration.csv
formation_6_high_light,49,30,78.929,formation_6_high_light_calibration.csv
formation_6_high_light,49,35,134.73,formation_6_high_light_calibration.csv
formation_6_high_light,49,40,217.79,formation_6_high_light_calibration.csv
formation_6_high_light,49,45,301.02,formation_6_high_light_calibration.csv
formation_6_high_light,49,50,384.28,formation_6_high_light_calibration.csv
formation_6_high_light,49,55,469.57,formation_6_high_light_calibration.csv
formation_6_high_light,49,60,554.26,formation_6_high_light_calibration.csv
formation_6_high_light,49,65,654.46,formation_6_high_light_calibration.csv
formation_6_high_light,49,70,819.59,formation_6_high_light_calibration.csv
formation_6_high_light,49,75,983.64,formation_6_high_light_calibration.csv
formation_6_high_light,49,80,1148.5,formation_6_high_light_calibration.csv
formation_6_high_light,49,85,1315.2,formation_6_high_light_calibration.csv
formation_6_high_light,49,90,1480.8,formation_6_high_light_calibration.csv
formation_6_high_light,49,95,1646.0,formation_6_high_light_calibration.csv
formation_6_high_light,49,100,1870.9,formation_6_high_light_calibration.csv
formation_6_high_light,50,10,22.298,formation_6_high_light_calibration.csv
formation_6_high_light,50,15,35.844,formation_6_high_light_calibration.csv
formation_6_high_light,50,20,50.455,formation_6_high_light_calibration.csv
formation_6_high_light,50,25,65.298,formation_6_high_light_calibration.csv
formation_6_high_light,50,30,80.208,formation_6_high_light_calibration.csv
formation_6_high_light,50,35,136.89,formation_6_high_light_calibration.csv
formation_6_high_light,50,40,221.1,formation_6_high_light_calibration.csv
formation_6_high_light,50,45,305.42,formation_6_high_light_calibration.csv
formation_6_high_light,50,50,390.35,formation_6_high_light_calibration.csv
formation_6_high_light,50,55,476.64,formation_6_high_light_calibration.csv
formation_6_high_light,50,60,562.29,formation_6_high_light_calibration.csv
formation_6_high_light,50,65,664.06,formation_6_high_light_calibration.csv
formation_6_high_light,50,70,831.75,formation_6_high_light_calibration.csv
formation_6_high_light,50,75,998.01,formation_6_high_light_calibration.csv
formation_6_high_light,50,80,1165.9,formation_6_high_light_calibration.csv
formation_6_high_light,50,85,1334.9,formation_6_high_light_calibration.csv
formation_6_high_light,50,90,1503.3,formation_6_high_light_calibration.csv
formation_6_high_light,50,95,1671.0,formation_6_high_light_calibration.csv
formation_6_high_light,50,100,1899.1,formation_6_high_light_calibration.csv
formation_7_higher_light,4,10,12.571,formation_7_higher_light_calibration.csv
formation_7_higher_light,4,15,21.172,formation_7_higher_light_calibration.csv
formation_7_higher_light,4,20,30.675,formation_7_higher_light_calibration.csv
formation_7_higher_light,4,25,40.483,formation_7_higher_light_calibration.csv
formation_7_higher_light,4,30,50.5,formation_7_higher_light_calibration.csv
formation_7_higher_light,4,35,76.24,formation_7_higher_light_calibration.csv
formation_7_higher_light,4,40,112.23,formation_7_higher_light_calibration.csv
formation_7_higher_light,4,45,148.78,formation_7_higher_light_calibration.csv
formation_7_higher_light,4,50,185.52,formation_7_higher_light_calibration.csv
formation_7_higher_light,4,55,223.42,formation_7_higher_light_calibration.csv
formation_7_higher_light,4,60,260.93,formation_7_higher_light_calibration.csv
formation_7_higher_light,4,65,301.53,formation_7_higher_light_calibration.csv
formation_7_higher_light,4,70,353.7,formation_7_higher_light_calibration.csv
formation_7_higher_light,4,75,406.45,formation_7_higher_light_calibration.csv
formation_7_higher_light,4,80,459.09,formation_7_higher_light_calibration.csv
formation_7_higher_light,4,85,511.97,formation_7_higher_light_calibration.csv
formation_7_higher_light,4,90,564.64,formation_7_higher_light_calibration.csv
formation_7_higher_light,4,95,617.37,formation_7_higher_light_calibration.csv
formation_7_higher_light,4,100,672.25,formation_7_higher_light_calibration.csv
formation_7_higher_light,5,10,14.143,formation_7_higher_light_calibration.csv
formation_7_higher_light,5,15,23.627,formation_7_higher_light_calibration.csv
formation_7_higher_light,5,20,34.078,formation_7_higher_light_calibration.csv
formation_7_higher_light,5,25,44.887,formation_7_higher_light_calibration.csv
formation_7_higher_light,5,30,55.791,formation_7_higher_light_calibration.csv
formation_7_higher_light,5,35,85.541,formation_7_higher_light_calibration.csv
formation_7_higher_light,5,40,127.58,formation_7_higher_light_calibration.csv
formation_7_higher_light,5,45,170.12,formation_7_higher_light_calibration.csv
formation_7_higher_light,5,50,212.94,formation_7_higher_light_calibration.csv
formation_7_higher_light,5,55,257.03,formation_7_higher_light_calibration.csv
formation_7_higher_light,5,60,300.53,formation_7_higher_light_calibration.csv
formation_7_higher_light,5,65,348.14,formation_7_higher_light_calibration.csv
formation_7_higher_light,5,70,412.38,formation_7_higher_light_calibration.csv
formation_7_higher_light,5,75,476.96,formation_7_higher_light_calibration.csv
formation_7_higher_light,5,80,540.95,formation_7_higher_light_calibration.csv
formation_7_higher_light,5,85,605.34,formation_7_higher_light_calibration.csv
formation_7_higher_light,5,90,669.92,formation_7_higher_light_calibration.csv
formation_7_higher_light,5,95,734.29,formation_7_higher_light_calibration.csv
formation_7_higher_light,5,100,803.79,formation_7_higher_light_calibration.csv
formation_7_higher_light,6,10,15.433,formation_7_higher_light_calibration.csv
formation_7_higher_light,6,15,25.669,formation_7_higher_light_calibration.csv
formation_7_higher_light,6,20,36.923,formation_7_higher_light_calibration.csv
formation_7_higher_light,6,25,48.521,formation_7_higher_light_calibration.csv
formation_7_higher_light,6,30,60.257,formation_7_higher_light_calibration.csv
formation_7_higher_light,6,35,93.435,formation_7_higher_light_calibration.csv
formation_7_higher_light,6,40,140.99,formation_7_higher_light_calibration.csv
formation_7_higher_light,6,45,188.58,formation_7_higher_light_calibration.csv
formation_7_higher_light,6,50,237.18,formation_7_higher_light_calibration.csv
formation_7_higher_light,6,55,286.16,formation_7_higher_light_calibration.csv
formation_7_higher_light,6,60,335.69,formation_7_higher_light_calibration.csv
formation_7_higher_light,6,65,389.51,formation_7_higher_light_calibration.csv
formation_7_higher_light,6,70,464.5,formation_7_higher_light_calibration.csv
formation_7_higher_light,6,75,539.28,formation_7_higher_light_calibration.csv
formation_7_higher_light,6,80,614.06,formation_7_higher_light_calibration.csv
formation_7_higher_light,6,85,688.96,formation_7_higher_light_calibration.csv
formation_7_higher_light,6,90,764.04,formation_7_higher_light_calibration.csv
formation_7_higher_light,6,95,839.01,formation_7_higher_light_calibration.csv
formation_7_higher_light,6,100,921.53,formation_7_higher_light_calibration.csv
formation_7_higher_light,7,10,16.572,formation_7_higher_light_calibration.csv
formation_7_higher_light,7,15,27.46,formation_7_higher_light_calibration.csv
formation_7_higher_light,7,20,39.393,formation_7_higher_light_calibration.csv
formation_7_higher_light,7,25,51.729,formation_7_higher_light_calibration.csv
formation_7_higher_light,7,30,64.123,formation_7_higher_light_calibration.csv
formation_7_higher_light,7,35,100.47,formation_7_higher_light_calibration.csv
formation_7_higher_light,7,40,152.96,formation_7_higher_light_calibration.csv
formation_7_higher_light,7,45,205.29,formation_7_higher_light_calibration.csv
formation_7_higher_light,7,50,258.31,formation_7_higher_light_calibration.csv
formation_7_higher_light,7,55,312.7,formation_7_higher_light_calibration.csv
formation_7_higher_light,7,60,366.35,formation_7_higher_light_calibration.csv
formation_7_higher_light,7,65,426.27,formation_7_higher_light_calibration.csv
formation_7_higher_light,7,70,510.92,formation_7_higher_light_calibration.csv
formation_7_higher_light,7,75,595.37,formation_7_higher_light_calibration.csv
formation_7_higher_light,7,80,679.71,formation_7_higher_light_calibration.csv
formation_7_higher_light,7,85,764.42,formation_7_higher_light_calibration.csv
formation_7_higher_light,7,90,849.15,formation_7_higher_light_calibration.csv
formation_7_higher_light,7,95,932.48,formation_7_higher_light_calibration.csv
formation_7_higher_light,7,100,1029.8,formation_7_higher_light_calibration.csv
formation_7_higher_light,8,10,17.63,formation_7_higher_light_calibration.csv
formation_7_higher_light,8,15,29.136,formation_7_higher_light_calibration.csv
formation_7_higher_light,8,20,41.727,formation_7_higher_light_calibration.csv
formation_7_higher_light,8,25,54.688,formation_7_higher_light_calibration.csv
formation_7_higher_light,8,30,67.716,formation_7_higher_light_calibration.csv
formation_7_higher_light,8,35,107.02,formation_7_higher_light_calibration.csv
formation_7_higher_light,8,40,163.88,formation_7_higher_light_calibration.csv
formation_7_higher_light,8,45,220.94,formation_7_higher_light_calibration.csv
formation_7_higher_light,8,50,278.32,formation_7_higher_light_calibration.csv
formation_7_higher_light,8,55,337.24,formation_7_higher_light_calibration.csv
formation_7_higher_light,8,60,395.74,formation_7_higher_light_calibration.csv
formation_7_higher_light,8,65,461.12,formation_7_higher_light_calibration.csv
formation_7_higher_light,8,70,554.5,formation_7_higher_light_calibration.csv
formation_7_higher_light,8,75,648.26,formation_7_higher_light_calibration.csv
formation_7_higher_light,8,80,741.87,formation_7_higher_light_calibration.csv
formation_7_higher_light,8,85,835.87,formation_7_higher_light_calibration.csv
formation_7_higher_light,8,90,928.81,formation_7_higher_light_calibration.csv
formation_7_higher_light,8,95,1022.5,formation_7_higher_light_calibration.csv
formation_7_higher_light,8,100,1132.6,formation_7_higher_light_calibration.csv
formation_7_higher_light,9,10,18.552,formation_7_higher_light_calibration.csv
formation_7_higher_light,9,15,30.556,formation_7_higher_light_calibration.csv
formation_7_higher_light,9,20,43.725,formation_7_higher_light_calibration.csv
formation_7_higher_light,9,25,57.188,formation_7_higher_light_calibration.csv
formation_7_higher_light,9,30,70.814,formation_7_higher_light_calibration.csv
formation_7_higher_light,9,35,112.67,formation_7_higher_light_calibration.csv
formation_7_higher_light,9,40,173.44,formation_7_higher_light_calibration.csv
formation_7_higher_light,9,45,234.58,formation_7_higher_light_calibration.csv
formation_7_higher_light,9,50,295.89,formation_7_higher_light_calibration.csv
formation_7_higher_light,9,55,358.38,formation_7_higher_light_calibration.csv
formation_7_higher_light,9,60,421.46,formation_7_higher_light_calibration.csv
formation_7_higher_light,9,65,491.46,formation_7_higher_light_calibration.csv
formation_7_higher_light,9,70,593.23,formation_7_higher_light_calibration.csv
formation_7_higher_light,9,75,695.07,formation_7_higher_light_calibration.csv
formation_7_higher_light,9,80,796.89,formation_7_higher_light_calibration.csv
formation_7_higher_light,9,85,898.1,formation_7_higher_light_calibration.csv
formation_7_higher_light,9,90,999.9,formation_7_higher_light_calibration.csv
formation_7_higher_light,9,95,1102.2,formation_7_higher_light_calibration.csv
formation_7_higher_light,9,100,1224.3,formation_7_higher_light_calibration.csv
formation_7_higher_light,10,10,19.373,formation_7_higher_light_calibration.csv
formation_7_higher_light,10,15,31.874,formation_7_higher_light_calibration.csv
formation_7_higher_light,10,20,45.515,formation_7_higher_light_calibration.csv
formation_7_higher_light,10,25,59.533,formation_7_higher_light_calibration.csv
formation_7_higher_light,10,30,73.56,formation_7_higher_light_calibration.csv
formation_7_higher_light,10,35,117.87,formation_7_higher_light_calibration.csv
formation_7_higher_light,10,40,182.19,formation_7_higher_light_calibration.csv
formation_7_higher_light,10,45,246.98,formation_7_higher_light_calibration.csv
formation_7_higher_light,10,50,312.29,formation_7_higher_light_calibration.csv
formation_7_higher_light,10,55,378.24,formation_7_higher_light_calibration.csv
formation_7_higher_light,10,60,445.15,formation_7_higher_light_calibration.csv
formation_7_higher_light,10,65,519.7,formation_7_higher_light_calibration.csv
formation_7_higher_light,10,70,628.93,formation_7_higher_light_calibration.csv
formation_7_higher_light,10,75,738.42,formation_7_higher_light_calibration.csv
formation_7_higher_light,10,80,847.71,formation_7_higher_light_calibration.csv
formation_7_higher_light,10,85,956.68,formation_7_higher_light_calibration.csv
formation_7_higher_light,10,90,1066.3,formation_7_higher_light_calibration.csv
formation_7_higher_light,10,95,1175.9,formation_7_higher_light_calibration.csv
formation_7_higher_light,10,100,1310.9,formation_7_higher_light_calibration.csv
formation_7_higher_light,11,10,20.126,formation_7_higher_light_calibration.csv
formation_7_higher_light,11,15,33.044,formation_7_higher_light_calibration.csv
formation_7_higher_light,11,20,47.143,formation_7_higher_light_calibration.csv
formation_7_higher_light,11,25,61.554,formation_7_higher_light_calibration.csv
formation_7_higher_light,11,30,76.103,formation_7_higher_light_calibration.csv
formation_7_higher_light,11,35,122.59,formation_7_higher_light_calibration.csv
formation_7_higher_light,11,40,190.28,formation_7_higher_light_calibration.csv
formation_7_higher_light,11,45,258.35,formation_7_higher_light_calibration.csv
formation_7_higher_light,11,50,327.15,formation_7_higher_light_calibration.csv
formation_7_higher_light,11,55,396.72,formation_7_higher_light_calibration.csv
formation_7_higher_light,11,60,466.84,formation_7_higher_light_calibration.csv
formation_7_higher_light,11,65,545.39,formation_7_higher_light_calibration.csv
formation_7_higher_light,11,70,661.84,formation_7_higher_light_calibration.csv
formation_7_higher_light,11,75,778.53,formation_7_higher_light_calibration.csv
formation_7_higher_light,11,80,894.15,formation_7_higher_light_calibration.csv
formation_7_higher_light,11,85,1011.0,formation_7_higher_light_calibration.csv
formation_7_higher_light,11,90,1127.6999999999998,formation_7_higher_light_calibration.csv
formation_7_higher_light,11,95,1244.4,formation_7_higher_light_calibration.csv
formation_7_higher_light,11,100,1389.9,formation_7_higher_light_calibration.csv
formation_7_higher_light,12,10,20.816,formation_7_higher_light_calibration.csv
formation_7_higher_light,12,15,34.107,formation_7_higher_light_calibration.csv
formation_7_higher_light,12,20,48.63,formation_7_higher_light_calibration.csv
formation_7_higher_light,12,25,63.44,formation_7_higher_light_calibration.csv
formation_7_higher_light,12,30,78.398,formation_7_higher_light_calibration.csv
formation_7_higher_light,12,35,126.96,formation_7_higher_light_calibration.csv
formation_7_higher_light,12,40,197.73,formation_7_higher_light_calibration.csv
formation_7_higher_light,12,45,268.85,formation_7_higher_light_calibration.csv
formation_7_higher_light,12,50,340.78,formation_7_higher_light_calibration.csv
formation_7_higher_light,12,55,413.6,formation_7_higher_light_calibration.csv
formation_7_higher_light,12,60,486.82,formation_7_higher_light_calibration.csv
formation_7_higher_light,12,65,569.15,formation_7_higher_light_calibration.csv
formation_7_higher_light,12,70,692.39,formation_7_higher_light_calibration.csv
formation_7_higher_light,12,75,815.75,formation_7_higher_light_calibration.csv
formation_7_higher_light,12,80,938.17,formation_7_higher_light_calibration.csv
formation_7_higher_light,12,85,1061.4,formation_7_higher_light_calibration.csv
formation_7_higher_light,12,90,1184.9,formation_7_higher_light_calibration.csv
formation_7_higher_light,12,95,1310.0,formation_7_higher_light_calibration.csv
formation_7_higher_light,12,100,1464.4,formation_7_higher_light_calibration.csv
formation_7_higher_light,13,10,22.049,formation_7_higher_light_calibration.csv
formation_7_higher_light,13,15,36.032,formation_7_higher_light_calibration.csv
formation_7_higher_light,13,20,51.276,formation_7_higher_light_calibration.csv
formation_7_higher_light,13,25,66.832,formation_7_higher_light_calibration.csv
formation_7_higher_light,13,30,82.466,formation_7_higher_light_calibration.csv
formation_7_higher_light,13,35,134.73,formation_7_higher_light_calibration.csv
formation_7_higher_light,13,40,210.72,formation_7_higher_light_calibration.csv
formation_7_higher_light,13,45,287.14,formation_7_higher_light_calibration.csv
formation_7_higher_light,13,50,364.16,formation_7_higher_light_calibration.csv
formation_7_higher_light,13,55,443.0,formation_7_higher_light_calibration.csv
formation_7_higher_light,13,60,521.45,formation_7_higher_light_calibration.csv
formation_7_higher_light,13,65,609.79,formation_7_higher_light_calibration.csv
formation_7_higher_light,13,70,743.46,formation_7_higher_light_calibration.csv
formation_7_higher_light,13,75,876.21,formation_7_higher_light_calibration.csv
formation_7_higher_light,13,80,1009.2,formation_7_higher_light_calibration.csv
formation_7_higher_light,13,85,1142.7,formation_7_higher_light_calibration.csv
formation_7_higher_light,13,90,1276.6,formation_7_higher_light_calibration.csv
formation_7_higher_light,13,95,1411.6,formation_7_higher_light_calibration.csv
formation_7_higher_light,13,100,1578.6,formation_7_higher_light_calibration.csv
formation_7_higher_light,14,10,22.547,formation_7_higher_light_calibration.csv
formation_7_higher_light,14,15,36.804,formation_7_higher_light_calibration.csv
formation_7_higher_light,14,20,52.311,formation_7_higher_light_calibration.csv
formation_7_higher_light,14,25,68.126,formation_7_higher_light_calibration.csv
formation_7_higher_light,14,30,84.064,formation_7_higher_light_calibration.csv
formation_7_higher_light,14,35,137.76,formation_7_higher_light_calibration.csv
formation_7_higher_light,14,40,216.33,formation_7_higher_light_calibration.csv
formation_7_higher_light,14,45,294.87,formation_7_higher_light_calibration.csv
formation_7_higher_light,14,50,374.26,formation_7_higher_light_calibration.csv
formation_7_higher_light,14,55,455.51,formation_7_higher_light_calibration.csv
formation_7_higher_light,14,60,536.09,formation_7_higher_light_calibration.csv
formation_7_higher_light,14,65,627.78,formation_7_higher_light_calibration.csv
formation_7_higher_light,14,70,766.14,formation_7_higher_light_calibration.csv
formation_7_higher_light,14,75,903.9,formation_7_higher_light_calibration.csv
formation_7_higher_light,14,80,1042.3,formation_7_higher_light_calibration.csv
formation_7_higher_light,14,85,1181.3,formation_7_higher_light_calibration.csv
formation_7_higher_light,14,90,1321.1,formation_7_higher_light_calibration.csv
formation_7_higher_light,14,95,1460.3,formation_7_higher_light_calibration.csv
formation_7_higher_light,14,100,1635.4,formation_7_higher_light_calibration.csv
formation_7_higher_light,15,10,23.051,formation_7_higher_light_calibration.csv
formation_7_higher_light,15,15,37.532,formation_7_higher_light_calibration.csv
formation_7_higher_light,15,20,53.328,formation_7_higher_light_calibration.csv
formation_7_higher_light,15,25,69.392,formation_7_higher_light_calibration.csv
formation_7_higher_light,15,30,85.578,formation_7_higher_light_calibration.csv
formation_7_higher_light,15,35,140.8,formation_7_higher_light_calibration.csv
formation_7_higher_light,15,40,221.72,formation_7_higher_light_calibration.csv
formation_7_higher_light,15,45,302.77,formation_7_higher_light_calibration.csv
formation_7_higher_light,15,50,384.24,formation_7_higher_light_calibration.csv
formation_7_higher_light,15,55,467.93,formation_7_higher_light_calibration.csv
formation_7_higher_light,15,60,550.78,formation_7_higher_light_calibration.csv
formation_7_higher_light,15,65,645.26,formation_7_higher_light_calibration.csv
formation_7_higher_light,15,70,789.09,formation_7_higher_light_calibration.csv
formation_7_higher_light,15,75,932.28,formation_7_higher_light_calibration.csv
formation_7_higher_light,15,80,1075.6,formation_7_higher_light_calibration.csv
formation_7_higher_light,15,85,1220.1,formation_7_higher_light_calibration.csv
formation_7_higher_light,15,90,1365.2,formation_7_higher_light_calibration.csv
formation_7_higher_light,15,95,1509.2,formation_7_higher_light_calibration.csv
formation_7_higher_light,15,100,1693.0,formation_7_higher_light_calibration.csv
formation_7_higher_light,16,10,23.465,formation_7_higher_light_calibration.csv
formation_7_higher_light,16,15,38.217,formation_7_higher_light_calibration.csv
formation_7_higher_light,16,20,54.244,formation_7_higher_light_calibration.csv
formation_7_higher_light,16,25,70.613,formation_7_higher_light_calibration.csv
formation_7_higher_light,16,30,86.978,formation_7_higher_light_calibration.csv
formation_7_higher_light,16,35,143.7,formation_7_higher_light_calibration.csv
formation_7_higher_light,16,40,226.8,formation_7_higher_light_calibration.csv
formation_7_higher_light,16,45,310.14,formation_7_higher_light_calibration.csv
formation_7_higher_light,16,50,394.24,formation_7_higher_light_calibration.csv
formation_7_higher_light,16,55,479.89,formation_7_higher_light_calibration.csv
formation_7_higher_light,16,60,564.87,formation_7_higher_light_calibration.csv
formation_7_higher_light,16,65,661.93,formation_7_higher_light_calibration.csv
formation_7_higher_light,16,70,810.96,formation_7_higher_light_calibration.csv
formation_7_higher_light,16,75,958.76,formation_7_higher_light_calibration.csv
formation_7_higher_light,16,80,1107.2,formation_7_higher_light_calibration.csv
formation_7_higher_light,16,85,1256.3,formation_7_higher_light_calibration.csv
formation_7_higher_light,16,90,1406.7,formation_7_higher_light_calibration.csv
formation_7_higher_light,16,95,1555.7,formation_7_higher_light_calibration.csv
formation_7_higher_light,16,100,1745.5,formation_7_higher_light_calibration.csv
formation_7_higher_light,17,10,23.847,formation_7_higher_light_calibration.csv
formation_7_higher_light,17,15,38.82,formation_7_higher_light_calibration.csv
formation_7_higher_light,17,20,55.089,formation_7_higher_light_calibration.csv
formation_7_higher_light,17,25,71.65,formation_7_higher_light_calibration.csv
formation_7_higher_light,17,30,88.257,formation_7_higher_light_calibration.csv
formation_7_higher_light,17,35,146.3,formation_7_higher_light_calibration.csv
formation_7_higher_light,17,40,231.36,formation_7_higher_light_calibration.csv
formation_7_higher_light,17,45,316.57,formation_7_higher_light_calibration.csv
formation_7_higher_light,17,50,402.5,formation_7_higher_light_calibration.csv
formation_7_higher_light,17,55,489.83,formation_7_higher_light_calibration.csv
formation_7_higher_light,17,60,576.95,formation_7_higher_light_calibration.csv
formation_7_higher_light,17,65,676.76,formation_7_higher_light_calibration.csv
formation_7_higher_light,17,70,829.65,formation_7_higher_light_calibration.csv
formation_7_higher_light,17,75,982.1,formation_7_higher_light_calibration.csv
formation_7_higher_light,17,80,1134.9,formation_7_higher_light_calibration.csv
formation_7_higher_light,17,85,1288.4,formation_7_higher_light_calibration.csv
formation_7_higher_light,17,90,1443.1,formation_7_higher_light_calibration.csv
formation_7_higher_light,17,95,1596.5,formation_7_higher_light_calibration.csv
formation_7_higher_light,17,100,1792.5,formation_7_higher_light_calibration.csv
formation_7_higher_light,18,10,24.229,formation_7_higher_light_calibration.csv
formation_7_higher_light,18,15,39.427,formation_7_higher_light_calibration.csv
formation_7_higher_light,18,20,55.899,formation_7_higher_light_calibration.csv
formation_7_higher_light,18,25,72.691,formation_7_higher_light_calibration.csv
formation_7_higher_light,18,30,89.509,formation_7_higher_light_calibration.csv
formation_7_higher_light,18,35,148.72,formation_7_higher_light_calibration.csv
formation_7_higher_light,18,40,235.75,formation_7_higher_light_calibration.csv
formation_7_higher_light,18,45,323.1,formation_7_higher_light_calibration.csv
formation_7_higher_light,18,50,410.82,formation_7_higher_light_calibration.csv
formation_7_higher_light,18,55,500.22,formation_7_higher_light_calibration.csv
formation_7_higher_light,18,60,589.46,formation_7_higher_light_calibration.csv
formation_7_higher_light,18,65,691.14,formation_7_higher_light_calibration.csv
formation_7_higher_light,18,70,848.93,formation_7_higher_light_calibration.csv
formation_7_higher_light,18,75,1005.4,formation_7_higher_light_calibration.csv
formation_7_higher_light,18,80,1163.1,formation_7_higher_light_calibration.csv
formation_7_higher_light,18,85,1322.2,formation_7_higher_light_calibration.csv
formation_7_higher_light,18,90,1480.1,formation_7_higher_light_calibration.csv
formation_7_higher_light,18,95,1637.8,formation_7_higher_light_calibration.csv
formation_7_higher_light,18,100,1840.5,formation_7_higher_light_calibration.csv
formation_7_higher_light,19,10,24.581,formation_7_higher_light_calibration.csv
formation_7_higher_light,19,15,39.956,formation_7_higher_light_calibration.csv
formation_7_higher_light,19,20,56.628,formation_7_higher_light_calibration.csv
formation_7_higher_light,19,25,73.63,formation_7_higher_light_calibration.csv
formation_7_higher_light,19,30,90.654,formation_7_higher_light_calibration.csv
formation_7_higher_light,19,35,151.06,formation_7_higher_light_calibration.csv
formation_7_higher_light,19,40,239.76,formation_7_higher_light_calibration.csv
formation_7_higher_light,19,45,328.68,formation_7_higher_light_calibration.csv
formation_7_higher_light,19,50,418.14,formation_7_higher_light_calibration.csv
formation_7_higher_light,19,55,509.5,formation_7_higher_light_calibration.csv
formation_7_higher_light,19,60,600.18,formation_7_higher_light_calibration.csv
formation_7_higher_light,19,65,704.4,formation_7_higher_light_calibration.csv
formation_7_higher_light,19,70,865.09,formation_7_higher_light_calibration.csv
formation_7_higher_light,19,75,1026.4,formation_7_higher_light_calibration.csv
formation_7_higher_light,19,80,1187.5,formation_7_higher_light_calibration.csv
formation_7_higher_light,19,85,1351.0,formation_7_higher_light_calibration.csv
formation_7_higher_light,19,90,1513.1,formation_7_higher_light_calibration.csv
formation_7_higher_light,19,95,1675.2,formation_7_higher_light_calibration.csv
formation_7_higher_light,19,100,1883.3,formation_7_higher_light_calibration.csv
formation_7_higher_light,20,10,24.913,formation_7_higher_light_calibration.csv
formation_7_higher_light,20,15,40.48,formation_7_higher_light_calibration.csv
formation_7_higher_light,20,20,57.382,formation_7_higher_light_calibration.csv
formation_7_higher_light,20,25,74.585,formation_7_higher_light_calibration.csv
formation_7_higher_light,20,30,91.785,formation_7_higher_light_calibration.csv
formation_7_higher_light,20,35,153.29,formation_7_higher_light_calibration.csv
formation_7_higher_light,20,40,243.77,formation_7_higher_light_calibration.csv
formation_7_higher_light,20,45,334.5,formation_7_higher_light_calibration.csv
formation_7_higher_light,20,50,425.96,formation_7_higher_light_calibration.csv
formation_7_higher_light,20,55,518.81,formation_7_higher_light_calibration.csv
formation_7_higher_light,20,60,611.48,formation_7_higher_light_calibration.csv
formation_7_higher_light,20,65,718.15,formation_7_higher_light_calibration.csv
formation_7_higher_light,20,70,882.48,formation_7_higher_light_calibration.csv
formation_7_higher_light,20,75,1048.0,formation_7_higher_light_calibration.csv
formation_7_higher_light,20,80,1213.2,formation_7_higher_light_calibration.csv
formation_7_higher_light,20,85,1380.5,formation_7_higher_light_calibration.csv
formation_7_higher_light,20,90,1546.6,formation_7_higher_light_calibration.csv
formation_7_higher_light,20,95,1712.8000000000002,formation_7_higher_light_calibration.csv
formation_7_higher_light,20,100,1927.6,formation_7_higher_light_calibration.csv
formation_7_higher_light,21,10,25.252,formation_7_higher_light_calibration.csv
formation_7_higher_light,21,15,41.0,formation_7_higher_light_calibration.csv
formation_7_higher_light,21,20,58.06,formation_7_higher_light_calibration.csv
formation_7_higher_light,21,25,75.439,formation_7_higher_light_calibration.csv
formation_7_higher_light,21,30,92.875,formation_7_higher_light_calibration.csv
formation_7_higher_light,21,35,155.44,formation_7_higher_light_calibration.csv
formation_7_higher_light,21,40,247.64,formation_7_higher_light_calibration.csv
formation_7_higher_light,21,45,339.91,formation_7_higher_light_calibration.csv
formation_7_higher_light,21,50,432.72,formation_7_higher_light_calibration.csv
formation_7_higher_light,21,55,527.46,formation_7_higher_light_calibration.csv
formation_7_higher_light,21,60,621.85,formation_7_higher_light_calibration.csv
formation_7_higher_light,21,65,730.14,formation_7_higher_light_calibration.csv
formation_7_higher_light,21,70,898.6,formation_7_higher_light_calibration.csv
formation_7_higher_light,21,75,1068.1,formation_7_higher_light_calibration.csv
formation_7_higher_light,21,80,1236.9,formation_7_higher_light_calibration.csv
formation_7_higher_light,21,85,1407.9,formation_7_higher_light_calibration.csv
formation_7_higher_light,21,90,1577.9,formation_7_higher_light_calibration.csv
formation_7_higher_light,21,95,1746.3,formation_7_higher_light_calibration.csv
formation_7_higher_light,21,100,1968.5,formation_7_higher_light_calibration.csv
formation_7_higher_light,22,10,25.523,formation_7_higher_light_calibration.csv
formation_7_higher_light,22,15,41.442,formation_7_higher_light_calibration.csv
formation_7_higher_light,22,20,58.658,formation_7_higher_light_calibration.csv
formation_7_higher_light,22,25,76.24,formation_7_higher_light_calibration.csv
formation_7_higher_light,22,30,93.777,formation_7_higher_light_calibration.csv
formation_7_higher_light,22,35,157.33,formation_7_higher_light_calibration.csv
formation_7_higher_light,22,40,251.0,formation_7_higher_light_calibration.csv
formation_7_higher_light,22,45,344.44,formation_7_higher_light_calibration.csv
formation_7_higher_light,22,50,439.58,formation_7_higher_light_calibration.csv
formation_7_higher_light,22,55,535.39,formation_7_higher_light_calibration.csv
formation_7_higher_light,22,60,631.18,formation_7_higher_light_calibration.csv
formation_7_higher_light,22,65,741.21,formation_7_higher_light_calibration.csv
formation_7_higher_light,22,70,913.48,formation_7_higher_light_calibration.csv
formation_7_higher_light,22,75,1086.4,formation_7_higher_light_calibration.csv
formation_7_higher_light,22,80,1258.6999999999998,formation_7_higher_light_calibration.csv
formation_7_higher_light,22,85,1433.4,formation_7_higher_light_calibration.csv
formation_7_higher_light,22,90,1606.6,formation_7_higher_light_calibration.csv
formation_7_higher_light,22,95,1778.0,formation_7_higher_light_calibration.csv
formation_7_higher_light,22,100,2006.1,formation_7_higher_light_calibration.csv
formation_7_higher_light,23,10,25.831,formation_7_higher_light_calibration.csv
formation_7_higher_light,23,15,41.889,formation_7_higher_light_calibration.csv
formation_7_higher_light,23,20,59.304,formation_7_higher_light_calibration.csv
formation_7_higher_light,23,25,77.005,formation_7_higher_light_calibration.csv
formation_7_higher_light,23,30,94.716,formation_7_higher_light_calibration.csv
formation_7_higher_light,23,35,159.31,formation_7_higher_light_calibration.csv
formation_7_higher_light,23,40,254.48,formation_7_higher_light_calibration.csv
formation_7_higher_light,23,45,349.39,formation_7_higher_light_calibration.csv
formation_7_higher_light,23,50,446.15,formation_7_higher_light_calibration.csv
formation_7_higher_light,23,55,543.29,formation_7_higher_light_calibration.csv
formation_7_higher_light,23,60,640.56,formation_7_higher_light_calibration.csv
formation_7_higher_light,23,65,752.93,formation_7_higher_light_calibration.csv
formation_7_higher_light,23,70,928.14,formation_7_higher_light_calibration.csv
formation_7_higher_light,23,75,1104.3,formation_7_higher_light_calibration.csv
formation_7_higher_light,23,80,1280.6,formation_7_higher_light_calibration.csv
formation_7_higher_light,23,85,1459.0,formation_7_higher_light_calibration.csv
formation_7_higher_light,23,90,1635.4,formation_7_higher_light_calibration.csv
formation_7_higher_light,23,95,1810.7,formation_7_higher_light_calibration.csv
formation_7_higher_light,23,100,2043.0,formation_7_higher_light_calibration.csv
formation_7_higher_light,24,10,26.083,formation_7_higher_light_calibration.csv
formation_7_higher_light,24,15,42.287,formation_7_higher_light_calibration.csv
formation_7_higher_light,24,20,59.812,formation_7_higher_light_calibration.csv
formation_7_higher_light,24,25,77.677,formation_7_higher_light_calibration.csv
formation_7_higher_light,24,30,95.601,formation_7_higher_light_calibration.csv
formation_7_higher_light,24,35,160.91,formation_7_higher_light_calibration.csv
formation_7_higher_light,24,40,257.43,formation_7_higher_light_calibration.csv
formation_7_higher_light,24,45,353.77,formation_7_higher_light_calibration.csv
formation_7_higher_light,24,50,451.86,formation_7_higher_light_calibration.csv
formation_7_higher_light,24,55,550.48,formation_7_higher_light_calibration.csv
formation_7_higher_light,24,60,649.23,formation_7_higher_light_calibration.csv
formation_7_higher_light,24,65,763.01,formation_7_higher_light_calibration.csv
formation_7_higher_light,24,70,941.71,formation_7_higher_light_calibration.csv
formation_7_higher_light,24,75,1120.7,formation_7_higher_light_calibration.csv
formation_7_higher_light,24,80,1301.4,formation_7_higher_light_calibration.csv
formation_7_higher_light,24,85,1481.5,formation_7_higher_light_calibration.csv
formation_7_higher_light,24,90,1661.9,formation_7_higher_light_calibration.csv
formation_7_higher_light,24,95,1839.8,formation_7_higher_light_calibration.csv
formation_7_higher_light,24,100,2077.2,formation_7_higher_light_calibration.csv
formation_7_higher_light,25,10,27.819,formation_7_higher_light_calibration.csv
formation_7_higher_light,25,15,45.024,formation_7_higher_light_calibration.csv
formation_7_higher_light,25,20,63.552,formation_7_higher_light_calibration.csv
formation_7_higher_light,25,25,82.466,formation_7_higher_light_calibration.csv
formation_7_higher_light,25,30,101.33,formation_7_higher_light_calibration.csv
formation_7_higher_light,25,35,170.56,formation_7_higher_light_calibration.csv
formation_7_higher_light,25,40,272.45,formation_7_higher_light_calibration.csv
formation_7_higher_light,25,45,374.59,formation_7_higher_light_calibration.csv
formation_7_higher_light,25,50,478.37,formation_7_higher_light_calibration.csv
formation_7_higher_light,25,55,582.57,formation_7_higher_light_calibration.csv
formation_7_higher_light,25,60,686.85,formation_7_higher_light_calibration.csv
formation_7_higher_light,25,65,807.09,formation_7_higher_light_calibration.csv
formation_7_higher_light,25,70,995.71,formation_7_higher_light_calibration.csv
formation_7_higher_light,25,75,1185.2,formation_7_higher_light_calibration.csv
formation_7_higher_light,25,80,1375.6999999999998,formation_7_higher_light_calibration.csv
formation_7_higher_light,25,85,1565.7,formation_7_higher_light_calibration.csv
formation_7_higher_light,25,90,1754.1,formation_7_higher_light_calibration.csv
formation_7_higher_light,25,95,1944.5,formation_7_higher_light_calibration.csv
formation_7_higher_light,25,100,2195.8,formation_7_higher_light_calibration.csv
formation_7_higher_light,26,10,28.037,formation_7_higher_light_calibration.csv
formation_7_higher_light,26,15,45.377,formation_7_higher_light_calibration.csv
formation_7_higher_light,26,20,64.011,formation_7_higher_light_calibration.csv
formation_7_higher_light,26,25,83.031,formation_7_higher_light_calibration.csv
formation_7_higher_light,26,30,102.0,formation_7_higher_light_calibration.csv
formation_7_higher_light,26,35,171.78,formation_7_higher_light_calibration.csv
formation_7_higher_light,26,40,275.01,formation_7_higher_light_calibration.csv
formation_7_higher_light,26,45,378.64,formation_7_higher_light_calibration.csv
formation_7_higher_light,26,50,483.36,formation_7_higher_light_calibration.csv
formation_7_higher_light,26,55,588.85,formation_7_higher_light_calibration.csv
formation_7_higher_light,26,60,694.23,formation_7_higher_light_calibration.csv
formation_7_higher_light,26,65,816.06,formation_7_higher_light_calibration.csv
formation_7_higher_light,26,70,1007.3,formation_7_higher_light_calibration.csv
formation_7_higher_light,26,75,1199.6,formation_7_higher_light_calibration.csv
formation_7_higher_light,26,80,1393.2,formation_7_higher_light_calibration.csv
formation_7_higher_light,26,85,1586.0,formation_7_higher_light_calibration.csv
formation_7_higher_light,26,90,1777.1999999999998,formation_7_higher_light_calibration.csv
formation_7_higher_light,26,95,1969.9,formation_7_higher_light_calibration.csv
formation_7_higher_light,26,100,2225.9,formation_7_higher_light_calibration.csv
formation_7_higher_light,27,10,28.249,formation_7_higher_light_calibration.csv
formation_7_higher_light,27,15,45.677,formation_7_higher_light_calibration.csv
formation_7_higher_light,27,20,64.455,formation_7_higher_light_calibration.csv
formation_7_higher_light,27,25,83.576,formation_7_higher_light_calibration.csv
formation_7_higher_light,27,30,102.65,formation_7_higher_light_calibration.csv
formation_7_higher_light,27,35,173.17,formation_7_higher_light_calibration.csv
formation_7_higher_light,27,40,277.39,formation_7_higher_light_calibration.csv
formation_7_higher_light,27,45,382.03,formation_7_higher_light_calibration.csv
formation_7_higher_light,27,50,487.84,formation_7_higher_light_calibration.csv
formation_7_higher_light,27,55,594.51,formation_7_higher_light_calibration.csv
formation_7_higher_light,27,60,701.01,formation_7_higher_light_calibration.csv
formation_7_higher_light,27,65,824.12,formation_7_higher_light_calibration.csv
formation_7_higher_light,27,70,1018.2,formation_7_higher_light_calibration.csv
formation_7_higher_light,27,75,1213.1,formation_7_higher_light_calibration.csv
formation_7_higher_light,27,80,1409.2,formation_7_higher_light_calibration.csv
formation_7_higher_light,27,85,1604.6,formation_7_higher_light_calibration.csv
formation_7_higher_light,27,90,1798.1,formation_7_higher_light_calibration.csv
formation_7_higher_light,27,95,1993.1,formation_7_higher_light_calibration.csv
formation_7_higher_light,27,100,2252.5,formation_7_higher_light_calibration.csv
formation_7_higher_light,28,10,28.411,formation_7_higher_light_calibration.csv
formation_7_higher_light,28,15,45.955,formation_7_higher_light_calibration.csv
formation_7_higher_light,28,20,64.808,formation_7_higher_light_calibration.csv
formation_7_higher_light,28,25,84.033,formation_7_higher_light_calibration.csv
formation_7_higher_light,28,30,103.18,formation_7_higher_light_calibration.csv
formation_7_higher_light,28,35,174.27,formation_7_higher_light_calibration.csv
formation_7_higher_light,28,40,279.46,formation_7_higher_light_calibration.csv
formation_7_higher_light,28,45,384.85,formation_7_higher_light_calibration.csv
formation_7_higher_light,28,50,491.74,formation_7_higher_light_calibration.csv
formation_7_higher_light,28,55,599.25,formation_7_higher_light_calibration.csv
formation_7_higher_light,28,60,706.89,formation_7_higher_light_calibration.csv
formation_7_higher_light,28,65,831.29,formation_7_higher_light_calibration.csv
formation_7_higher_light,28,70,1027.6,formation_7_higher_light_calibration.csv
formation_7_higher_light,28,75,1224.0,formation_7_higher_light_calibration.csv
formation_7_higher_light,28,80,1422.3,formation_7_higher_light_calibration.csv
formation_7_higher_light,28,85,1620.6,formation_7_higher_light_calibration.csv
formation_7_higher_light,28,90,1815.7,formation_7_higher_light_calibration.csv
formation_7_higher_light,28,95,2013.5,formation_7_higher_light_calibration.csv
formation_7_higher_light,28,100,2276.3,formation_7_higher_light_calibration.csv
formation_7_higher_light,29,10,28.602,formation_7_higher_light_calibration.csv
formation_7_higher_light,29,15,46.24,formation_7_higher_light_calibration.csv
formation_7_higher_light,29,20,65.175,formation_7_higher_light_calibration.csv
formation_7_higher_light,29,25,84.464,formation_7_higher_light_calibration.csv
formation_7_higher_light,29,30,103.85,formation_7_higher_light_calibration.csv
formation_7_higher_light,29,35,175.57,formation_7_higher_light_calibration.csv
formation_7_higher_light,29,40,281.73,formation_7_higher_light_calibration.csv
formation_7_higher_light,29,45,388.47,formation_7_higher_light_calibration.csv
formation_7_higher_light,29,50,496.18,formation_7_higher_light_calibration.csv
formation_7_higher_light,29,55,604.81,formation_7_higher_light_calibration.csv
formation_7_higher_light,29,60,712.9,formation_7_higher_light_calibration.csv
formation_7_higher_light,29,65,838.76,formation_7_higher_light_calibration.csv
formation_7_higher_light,29,70,1037.4,formation_7_higher_light_calibration.csv
formation_7_higher_light,29,75,1230.3,formation_7_higher_light_calibration.csv
formation_7_higher_light,29,80,1437.0,formation_7_higher_light_calibration.csv
formation_7_higher_light,29,85,1637.3,formation_7_higher_light_calibration.csv
formation_7_higher_light,29,90,1835.7,formation_7_higher_light_calibration.csv
formation_7_higher_light,29,95,2035.2,formation_7_higher_light_calibration.csv
formation_7_higher_light,29,100,2302.1,formation_7_higher_light_calibration.csv
formation_7_higher_light,30,10,28.762,formation_7_higher_light_calibration.csv
formation_7_higher_light,30,15,46.523,formation_7_higher_light_calibration.csv
formation_7_higher_light,30,20,65.519,formation_7_higher_light_calibration.csv
formation_7_higher_light,30,25,84.972,formation_7_higher_light_calibration.csv
formation_7_higher_light,30,30,104.31,formation_7_higher_light_calibration.csv
formation_7_higher_light,30,35,176.64,formation_7_higher_light_calibration.csv
formation_7_higher_light,30,40,283.8,formation_7_higher_light_calibration.csv
formation_7_higher_light,30,45,391.41,formation_7_higher_light_calibration.csv
formation_7_higher_light,30,50,500.15,formation_7_higher_light_calibration.csv
formation_7_higher_light,30,55,609.65,formation_7_higher_light_calibration.csv
formation_7_higher_light,30,60,719.17,formation_7_higher_light_calibration.csv
formation_7_higher_light,30,65,845.89,formation_7_higher_light_calibration.csv
formation_7_higher_light,30,70,1046.9,formation_7_higher_light_calibration.csv
formation_7_higher_light,30,75,1248.4,formation_7_higher_light_calibration.csv
formation_7_higher_light,30,80,1451.5,formation_7_higher_light_calibration.csv
formation_7_higher_light,30,85,1654.1999999999998,formation_7_higher_light_calibration.csv
formation_7_higher_light,30,90,1854.9,formation_7_higher_light_calibration.csv
formation_7_higher_light,30,95,2056.7000000000003,formation_7_higher_light_calibration.csv
formation_7_higher_light,30,100,2327.3,formation_7_higher_light_calibration.csv
formation_7_higher_light,31,10,28.94,formation_7_higher_light_calibration.csv
formation_7_higher_light,31,15,46.756,formation_7_higher_light_calibration.csv
formation_7_higher_light,31,20,65.9,formation_7_higher_light_calibration.csv
formation_7_higher_light,31,25,85.369,formation_7_higher_light_calibration.csv
formation_7_higher_light,31,30,104.86,formation_7_higher_light_calibration.csv
formation_7_higher_light,31,35,177.83,formation_7_higher_light_calibration.csv
formation_7_higher_light,31,40,285.89,formation_7_higher_light_calibration.csv
formation_7_higher_light,31,45,394.58,formation_7_higher_light_calibration.csv
formation_7_higher_light,31,50,504.33,formation_7_higher_light_calibration.csv
formation_7_higher_light,31,55,614.76,formation_7_higher_light_calibration.csv
formation_7_higher_light,31,60,725.06,formation_7_higher_light_calibration.csv
formation_7_higher_light,31,65,853.2,formation_7_higher_light_calibration.csv
formation_7_higher_light,31,70,1056.3,formation_7_higher_light_calibration.csv
formation_7_higher_light,31,75,1260.1,formation_7_higher_light_calibration.csv
formation_7_higher_light,31,80,1465.6,formation_7_higher_light_calibration.csv
formation_7_higher_light,31,85,1670.5,formation_7_higher_light_calibration.csv
formation_7_higher_light,31,90,1872.9,formation_7_higher_light_calibration.csv
formation_7_higher_light,31,95,2077.5,formation_7_higher_light_calibration.csv
formation_7_higher_light,31,100,2351.3,formation_7_higher_light_calibration.csv
formation_7_higher_light,32,10,29.085,formation_7_higher_light_calibration.csv
formation_7_higher_light,32,15,46.998,formation_7_higher_light_calibration.csv
formation_7_higher_light,32,20,66.199,formation_7_higher_light_calibration.csv
formation_7_higher_light,32,25,85.742,formation_7_higher_light_calibration.csv
formation_7_higher_light,32,30,105.44,formation_7_higher_light_calibration.csv
formation_7_higher_light,32,35,178.95,formation_7_higher_light_calibration.csv
formation_7_higher_light,32,40,287.89,formation_7_higher_light_calibration.csv
formation_7_higher_light,32,45,397.46,formation_7_higher_light_calibration.csv
formation_7_higher_light,32,50,508.0,formation_7_higher_light_calibration.csv
formation_7_higher_light,32,55,619.23,formation_7_higher_light_calibration.csv
formation_7_higher_light,32,60,730.31,formation_7_higher_light_calibration.csv
formation_7_higher_light,32,65,859.0,formation_7_higher_light_calibration.csv
formation_7_higher_light,32,70,1065.1,formation_7_higher_light_calibration.csv
formation_7_higher_light,32,75,1271.6,formation_7_higher_light_calibration.csv
formation_7_higher_light,32,80,1478.8,formation_7_higher_light_calibration.csv
formation_7_higher_light,32,85,1685.6,formation_7_higher_light_calibration.csv
formation_7_higher_light,32,90,1891.2,formation_7_higher_light_calibration.csv
formation_7_higher_light,32,95,2097.7000000000003,formation_7_higher_light_calibration.csv
formation_7_higher_light,32,100,2374.8,formation_7_higher_light_calibration.csv
formation_7_higher_light,33,10,29.237,formation_7_higher_light_calibration.csv
formation_7_higher_light,33,15,47.212,formation_7_higher_light_calibration.csv
formation_7_higher_light,33,20,66.521,formation_7_higher_light_calibration.csv
formation_7_higher_light,33,25,86.111,formation_7_higher_light_calibration.csv
formation_7_higher_light,33,30,105.83,formation_7_higher_light_calibration.csv
formation_7_higher_light,33,35,179.79,formation_7_higher_light_calibration.csv
formation_7_higher_light,33,40,289.73,formation_7_higher_light_calibration.csv
formation_7_higher_light,33,45,399.91,formation_7_higher_light_calibration.csv
formation_7_higher_light,33,50,511.2,formation_7_higher_light_calibration.csv
formation_7_higher_light,33,55,623.15,formation_7_higher_light_calibration.csv
formation_7_higher_light,33,60,735.28,formation_7_higher_light_calibration.csv
formation_7_higher_light,33,65,864.53,formation_7_higher_light_calibration.csv
formation_7_higher_light,33,70,1072.7,formation_7_higher_light_calibration.csv
formation_7_higher_light,33,75,1280.8,formation_7_higher_light_calibration.csv
formation_7_higher_light,33,80,1490.2,formation_7_higher_light_calibration.csv
formation_7_higher_light,33,85,1699.6,formation_7_higher_light_calibration.csv
formation_7_higher_light,33,90,1905.7,formation_7_higher_light_calibration.csv
formation_7_higher_light,33,95,2114.8,formation_7_higher_light_calibration.csv
formation_7_higher_light,33,100,2394.9,formation_7_higher_light_calibration.csv
formation_7_higher_light,34,10,29.398,formation_7_higher_light_calibration.csv
formation_7_higher_light,34,15,47.467,formation_7_higher_light_calibration.csv
formation_7_higher_light,34,20,66.857,formation_7_higher_light_calibration.csv
formation_7_higher_light,34,25,86.496,formation_7_higher_light_calibration.csv
formation_7_higher_light,34,30,106.33,formation_7_higher_light_calibration.csv
formation_7_higher_light,34,35,180.91,formation_7_higher_light_calibration.csv
formation_7_higher_light,34,40,291.47,formation_7_higher_light_calibration.csv
formation_7_higher_light,34,45,402.54,formation_7_higher_light_calibration.csv
formation_7_higher_light,34,50,514.9,formation_7_higher_light_calibration.csv
formation_7_higher_light,34,55,628.0,formation_7_higher_light_calibration.csv
formation_7_higher_light,34,60,742.01,formation_7_higher_light_calibration.csv
formation_7_higher_light,34,65,871.35,formation_7_higher_light_calibration.csv
formation_7_higher_light,34,70,1081.6,formation_7_higher_light_calibration.csv
formation_7_higher_light,34,75,1293.1,formation_7_higher_light_calibration.csv
formation_7_higher_light,34,80,1503.2,formation_7_higher_light_calibration.csv
formation_7_higher_light,34,85,1713.9,formation_7_higher_light_calibration.csv
formation_7_higher_light,34,90,1923.0,formation_7_higher_light_calibration.csv
formation_7_higher_light,34,95,2133.2,formation_7_higher_light_calibration.csv
formation_7_higher_light,34,100,2416.9,formation_7_higher_light_calibration.csv
formation_7_higher_light,35,10,29.813,formation_7_higher_light_calibration.csv
formation_7_higher_light,35,15,47.939,formation_7_higher_light_calibration.csv
formation_7_higher_light,35,20,67.423,formation_7_higher_light_calibration.csv
formation_7_higher_light,35,25,87.177,formation_7_higher_light_calibration.csv
formation_7_higher_light,35,30,107.08,formation_7_higher_light_calibration.csv
formation_7_higher_light,35,35,182.19,formation_7_higher_light_calibration.csv
formation_7_higher_light,35,40,293.52,formation_7_higher_light_calibration.csv
formation_7_higher_light,35,45,405.57,formation_7_higher_light_calibration.csv
formation_7_higher_light,35,50,518.6,formation_7_higher_light_calibration.csv
formation_7_higher_light,35,55,632.26,formation_7_higher_light_calibration.csv
formation_7_higher_light,35,60,746.34,formation_7_higher_light_calibration.csv
formation_7_higher_light,35,65,877.29,formation_7_higher_light_calibration.csv
formation_7_higher_light,35,70,1089.6999999999998,formation_7_higher_light_calibration.csv
formation_7_higher_light,35,75,1303.1,formation_7_higher_light_calibration.csv
formation_7_higher_light,35,80,1515.6,formation_7_higher_light_calibration.csv
formation_7_higher_light,35,85,1726.2,formation_7_higher_light_calibration.csv
formation_7_higher_light,35,90,1939.1,formation_7_higher_light_calibration.csv
formation_7_higher_light,35,95,2153.1,formation_7_higher_light_calibration.csv
formation_7_higher_light,35,100,2438.6,formation_7_higher_light_calibration.csv
formation_7_higher_light,36,10,29.953,formation_7_higher_light_calibration.csv
formation_7_higher_light,36,15,48.18,formation_7_higher_light_calibration.csv
formation_7_higher_light,36,20,67.716,formation_7_higher_light_calibration.csv
formation_7_higher_light,36,25,87.541,formation_7_higher_light_calibration.csv
formation_7_higher_light,36,30,107.54,formation_7_higher_light_calibration.csv
formation_7_higher_light,36,35,183.12,formation_7_higher_light_calibration.csv
formation_7_higher_light,36,40,295.38,formation_7_higher_light_calibration.csv
formation_7_higher_light,36,45,408.09,formation_7_higher_light_calibration.csv
formation_7_higher_light,36,50,521.92,formation_7_higher_light_calibration.csv
formation_7_higher_light,36,55,636.25,formation_7_higher_light_calibration.csv
formation_7_higher_light,36,60,750.76,formation_7_higher_light_calibration.csv
formation_7_higher_light,36,65,883.48,formation_7_higher_light_calibration.csv
formation_7_higher_light,36,70,1097.2,formation_7_higher_light_calibration.csv
formation_7_higher_light,36,75,1312.8,formation_7_higher_light_calibration.csv
formation_7_higher_light,36,80,1527.0,formation_7_higher_light_calibration.csv
formation_7_higher_light,36,85,1740.0,formation_7_higher_light_calibration.csv
formation_7_higher_light,36,90,1954.2,formation_7_higher_light_calibration.csv
formation_7_higher_light,36,95,2170.7000000000003,formation_7_higher_light_calibration.csv
formation_7_higher_light,36,100,2458.1,formation_7_higher_light_calibration.csv
formation_7_higher_light,37,10,30.064,formation_7_higher_light_calibration.csv
formation_7_higher_light,37,15,48.374,formation_7_higher_light_calibration.csv
formation_7_higher_light,37,20,67.994,formation_7_higher_light_calibration.csv
formation_7_higher_light,37,25,87.918,formation_7_higher_light_calibration.csv
formation_7_higher_light,37,30,107.98,formation_7_higher_light_calibration.csv
formation_7_higher_light,37,35,184.12,formation_7_higher_light_calibration.csv
formation_7_higher_light,37,40,297.1,formation_7_higher_light_calibration.csv
formation_7_higher_light,37,45,410.48,formation_7_higher_light_calibration.csv
formation_7_higher_light,37,50,525.25,formation_7_higher_light_calibration.csv
formation_7_higher_light,37,55,640.56,formation_7_higher_light_calibration.csv
formation_7_higher_light,37,60,755.67,formation_7_higher_light_calibration.csv
formation_7_higher_light,37,65,889.04,formation_7_higher_light_calibration.csv
formation_7_higher_light,37,70,1105.0,formation_7_higher_light_calibration.csv
formation_7_higher_light,37,75,1322.0,formation_7_higher_light_calibration.csv
formation_7_higher_light,37,80,1538.6,formation_7_higher_light_calibration.csv
formation_7_higher_light,37,85,1753.4,formation_7_higher_light_calibration.csv
formation_7_higher_light,37,90,1969.2,formation_7_higher_light_calibration.csv
formation_7_higher_light,37,95,2187.7,formation_7_higher_light_calibration.csv
formation_7_higher_light,37,100,2477.4,formation_7_higher_light_calibration.csv
formation_7_higher_light,38,10,30.182,formation_7_higher_light_calibration.csv
formation_7_higher_light,38,15,48.553,formation_7_higher_light_calibration.csv
formation_7_higher_light,38,20,68.248,formation_7_higher_light_calibration.csv
formation_7_higher_light,38,25,88.218,formation_7_higher_light_calibration.csv
formation_7_higher_light,38,30,108.39,formation_7_higher_light_calibration.csv
formation_7_higher_light,38,35,184.82,formation_7_higher_light_calibration.csv
formation_7_higher_light,38,40,298.67,formation_7_higher_light_calibration.csv
formation_7_higher_light,38,45,412.76,formation_7_higher_light_calibration.csv
formation_7_higher_light,38,50,527.93,formation_7_higher_light_calibration.csv
formation_7_higher_light,38,55,643.85,formation_7_higher_light_calibration.csv
formation_7_higher_light,38,60,759.82,formation_7_higher_light_calibration.csv
formation_7_higher_light,38,65,894.07,formation_7_higher_light_calibration.csv
formation_7_higher_light,38,70,1111.6999999999998,formation_7_higher_light_calibration.csv
formation_7_higher_light,38,75,1330.5,formation_7_higher_light_calibration.csv
formation_7_higher_light,38,80,1548.0,formation_7_higher_light_calibration.csv
formation_7_higher_light,38,85,1764.3,formation_7_higher_light_calibration.csv
formation_7_higher_light,38,90,1982.8,formation_7_higher_light_calibration.csv
formation_7_higher_light,38,95,2203.1,formation_7_higher_light_calibration.csv
formation_7_higher_light,38,100,2494.7,formation_7_higher_light_calibration.csv
formation_7_higher_light,39,10,30.321,formation_7_higher_light_calibration.csv
formation_7_higher_light,39,15,48.736,formation_7_higher_light_calibration.csv
formation_7_higher_light,39,20,68.494,formation_7_higher_light_calibration.csv
formation_7_higher_light,39,25,88.584,formation_7_higher_light_calibration.csv
formation_7_higher_light,39,30,108.78,formation_7_higher_light_calibration.csv
formation_7_higher_light,39,35,185.73,formation_7_higher_light_calibration.csv
formation_7_higher_light,39,40,300.01,formation_7_higher_light_calibration.csv
formation_7_higher_light,39,45,415.0,formation_7_higher_light_calibration.csv
formation_7_higher_light,39,50,531.03,formation_7_higher_light_calibration.csv
formation_7_higher_light,39,55,647.81,formation_7_higher_light_calibration.csv
formation_7_higher_light,39,60,764.26,formation_7_higher_light_calibration.csv
formation_7_higher_light,39,65,899.26,formation_7_higher_light_calibration.csv
formation_7_higher_light,39,70,1118.7,formation_7_higher_light_calibration.csv
formation_7_higher_light,39,75,1339.0,formation_7_higher_light_calibration.csv
formation_7_higher_light,39,80,1558.7,formation_7_higher_light_calibration.csv
formation_7_higher_light,39,85,1776.9,formation_7_higher_light_calibration.csv
formation_7_higher_light,39,90,1996.6,formation_7_higher_light_calibration.csv
formation_7_higher_light,39,95,2218.8,formation_7_higher_light_calibration.csv
formation_7_higher_light,39,100,2512.8,formation_7_higher_light_calibration.csv
formation_7_higher_light,40,10,30.407,formation_7_higher_light_calibration.csv
formation_7_higher_light,40,15,48.921,formation_7_higher_light_calibration.csv
formation_7_higher_light,40,20,68.773,formation_7_higher_light_calibration.csv
formation_7_higher_light,40,25,88.878,formation_7_higher_light_calibration.csv
formation_7_higher_light,40,30,109.11,formation_7_higher_light_calibration.csv
formation_7_higher_light,40,35,186.55,formation_7_higher_light_calibration.csv
formation_7_higher_light,40,40,301.71,formation_7_higher_light_calibration.csv
formation_7_higher_light,40,45,416.9,formation_7_higher_light_calibration.csv
formation_7_higher_light,40,50,533.71,formation_7_higher_light_calibration.csv
formation_7_higher_light,40,55,651.29,formation_7_higher_light_calibration.csv
formation_7_higher_light,40,60,768.56,formation_7_higher_light_calibration.csv
formation_7_higher_light,40,65,904.62,formation_7_higher_light_calibration.csv
formation_7_higher_light,40,70,1125.2,formation_7_higher_light_calibration.csv
formation_7_higher_light,40,75,1348.1,formation_7_higher_light_calibration.csv
formation_7_higher_light,40,80,1569.1999999999998,formation_7_higher_light_calibration.csv
formation_7_higher_light,40,85,1789.0,formation_7_higher_light_calibration.csv
formation_7_higher_light,40,90,2010.1,formation_7_higher_light_calibration.csv
formation_7_higher_light,40,95,2233.4,formation_7_higher_light_calibration.csv
formation_7_higher_light,40,100,2531.9,formation_7_higher_light_calibration.csv
formation_7_higher_light,41,10,30.569,formation_7_higher_light_calibration.csv
formation_7_higher_light,41,15,49.142,formation_7_higher_light_calibration.csv
formation_7_higher_light,41,20,69.035,formation_7_higher_light_calibration.csv
formation_7_higher_light,41,25,89.253,formation_7_higher_light_calibration.csv
formation_7_higher_light,41,30,109.56,formation_7_higher_light_calibration.csv
formation_7_higher_light,41,35,187.37,formation_7_higher_light_calibration.csv
formation_7_higher_light,41,40,303.37,formation_7_higher_light_calibration.csv
formation_7_higher_light,41,45,419.56,formation_7_higher_light_calibration.csv
formation_7_higher_light,41,50,536.76,formation_7_higher_light_calibration.csv
formation_7_higher_light,41,55,654.62,formation_7_higher_light_calibration.csv
formation_7_higher_light,41,60,772.85,formation_7_higher_light_calibration.csv
formation_7_higher_light,41,65,909.51,formation_7_higher_light_calibration.csv
formation_7_higher_light,41,70,1132.1,formation_7_higher_light_calibration.csv
formation_7_higher_light,41,75,1356.4,formation_7_higher_light_calibration.csv
formation_7_higher_light,41,80,1579.3,formation_7_higher_light_calibration.csv
formation_7_higher_light,41,85,1800.7,formation_7_higher_light_calibration.csv
formation_7_higher_light,41,90,2023.8,formation_7_higher_light_calibration.csv
formation_7_higher_light,41,95,2248.7,formation_7_higher_light_calibration.csv
formation_7_higher_light,41,100,2549.1000000000004,formation_7_higher_light_calibration.csv
formation_7_higher_light,42,10,30.685,formation_7_higher_light_calibration.csv
formation_7_higher_light,42,15,49.316,formation_7_higher_light_calibration.csv
formation_7_higher_light,42,20,69.251,formation_7_higher_light_calibration.csv
formation_7_higher_light,42,25,89.525,formation_7_higher_light_calibration.csv
formation_7_higher_light,42,30,109.96,formation_7_higher_light_calibration.csv
formation_7_higher_light,42,35,188.19,formation_7_higher_light_calibration.csv
formation_7_higher_light,42,40,304.89,formation_7_higher_light_calibration.csv
formation_7_higher_light,42,45,421.42,formation_7_higher_light_calibration.csv
formation_7_higher_light,42,50,539.29,formation_7_higher_light_calibration.csv
formation_7_higher_light,42,55,658.01,formation_7_higher_light_calibration.csv
formation_7_higher_light,42,60,776.75,formation_7_higher_light_calibration.csv
formation_7_higher_light,42,65,914.39,formation_7_higher_light_calibration.csv
formation_7_higher_light,42,70,1138.7,formation_7_higher_light_calibration.csv
formation_7_higher_light,42,75,1364.2,formation_7_higher_light_calibration.csv
formation_7_higher_light,42,80,1589.3,formation_7_higher_light_calibration.csv
formation_7_higher_light,42,85,1812.1,formation_7_higher_light_calibration.csv
formation_7_higher_light,42,90,2036.0,formation_7_higher_light_calibration.csv
formation_7_higher_light,42,95,2263.4,formation_7_higher_light_calibration.csv
formation_7_higher_light,42,100,2565.8,formation_7_higher_light_calibration.csv
formation_7_higher_light,43,10,30.766,formation_7_higher_light_calibration.csv
formation_7_higher_light,43,15,49.444,formation_7_higher_light_calibration.csv
formation_7_higher_light,43,20,69.484,formation_7_higher_light_calibration.csv
formation_7_higher_light,43,25,89.759,formation_7_higher_light_calibration.csv
formation_7_higher_light,43,30,110.25,formation_7_higher_light_calibration.csv
formation_7_higher_light,43,35,188.9,formation_7_higher_light_calibration.csv
formation_7_higher_light,43,40,306.03,formation_7_higher_light_calibration.csv
formation_7_higher_light,43,45,423.1,formation_7_higher_light_calibration.csv
formation_7_higher_light,43,50,541.85,formation_7_higher_light_calibration.csv
formation_7_higher_light,43,55,661.03,formation_7_higher_light_calibration.csv
formation_7_higher_light,43,60,780.04,formation_7_higher_light_calibration.csv
formation_7_higher_light,43,65,918.48,formation_7_higher_light_calibration.csv
formation_7_higher_light,43,70,1144.2,formation_7_higher_light_calibration.csv
formation_7_higher_light,43,75,1371.3,formation_7_higher_light_calibration.csv
formation_7_higher_light,43,80,1597.1,formation_7_higher_light_calibration.csv
formation_7_higher_light,43,85,1821.6,formation_7_higher_light_calibration.csv
formation_7_higher_light,43,90,2047.6,formation_7_higher_light_calibration.csv
formation_7_higher_light,43,95,2275.6,formation_7_higher_light_calibration.csv
formation_7_higher_light,43,100,2577.5,formation_7_higher_light_calibration.csv
formation_7_higher_light,44,10,30.884,formation_7_higher_light_calibration.csv
formation_7_higher_light,44,15,49.615,formation_7_higher_light_calibration.csv
formation_7_higher_light,44,20,69.709,formation_7_higher_light_calibration.csv
formation_7_higher_light,44,25,90.089,formation_7_higher_light_calibration.csv
formation_7_higher_light,44,30,110.62,formation_7_higher_light_calibration.csv
formation_7_higher_light,44,35,189.62,formation_7_higher_light_calibration.csv
formation_7_higher_light,44,40,307.34,formation_7_higher_light_calibration.csv
formation_7_higher_light,44,45,425.15,formation_7_higher_light_calibration.csv
formation_7_higher_light,44,50,544.45,formation_7_higher_light_calibration.csv
formation_7_higher_light,44,55,664.12,formation_7_higher_light_calibration.csv
formation_7_higher_light,44,60,783.87,formation_7_higher_light_calibration.csv
formation_7_higher_light,44,65,923.03,formation_7_higher_light_calibration.csv
formation_7_higher_light,44,70,1150.1,formation_7_higher_light_calibration.csv
formation_7_higher_light,44,75,1379.1,formation_7_higher_light_calibration.csv
formation_7_higher_light,44,80,1606.0,formation_7_higher_light_calibration.csv
formation_7_higher_light,44,85,1831.8,formation_7_higher_light_calibration.csv
formation_7_higher_light,44,90,2059.9,formation_7_higher_light_calibration.csv
formation_7_higher_light,44,95,2289.4,formation_7_higher_light_calibration.csv
formation_7_higher_light,44,100,2594.5,formation_7_higher_light_calibration.csv
formation_7_higher_light,45,10,30.998,formation_7_higher_light_calibration.csv
formation_7_higher_light,45,15,49.784,formation_7_higher_light_calibration.csv
formation_7_higher_light,45,20,69.923,formation_7_higher_light_calibration.csv
formation_7_higher_light,45,25,90.412,formation_7_higher_light_calibration.csv
formation_7_higher_light,45,30,110.94,formation_7_higher_light_calibration.csv
formation_7_higher_light,45,35,190.28,formation_7_higher_light_calibration.csv
formation_7_higher_light,45,40,308.8,formation_7_higher_light_calibration.csv
formation_7_higher_light,45,45,427.21,formation_7_higher_light_calibration.csv
formation_7_higher_light,45,50,547.09,formation_7_higher_light_calibration.csv
formation_7_higher_light,45,55,667.71,formation_7_higher_light_calibration.csv
formation_7_higher_light,45,60,787.92,formation_7_higher_light_calibration.csv
formation_7_higher_light,45,65,927.75,formation_7_higher_light_calibration.csv
formation_7_higher_light,45,70,1156.5,formation_7_higher_light_calibration.csv
formation_7_higher_light,45,75,1386.5,formation_7_higher_light_calibration.csv
formation_7_higher_light,45,80,1615.6999999999998,formation_7_higher_light_calibration.csv
formation_7_higher_light,45,85,1843.6,formation_7_higher_light_calibration.csv
formation_7_higher_light,45,90,2072.3,formation_7_higher_light_calibration.csv
formation_7_higher_light,45,95,2304.2,formation_7_higher_light_calibration.csv
formation_7_higher_light,45,100,2611.4,formation_7_higher_light_calibration.csv
formation_7_higher_light,46,10,31.096,formation_7_higher_light_calibration.csv
formation_7_higher_light,46,15,49.981,formation_7_higher_light_calibration.csv
formation_7_higher_light,46,20,70.171,formation_7_higher_light_calibration.csv
formation_7_higher_light,46,25,90.609,formation_7_higher_light_calibration.csv
formation_7_higher_light,46,30,111.31,formation_7_higher_light_calibration.csv
formation_7_higher_light,46,35,191.1,formation_7_higher_light_calibration.csv
formation_7_higher_light,46,40,310.1,formation_7_higher_light_calibration.csv
formation_7_higher_light,46,45,429.13,formation_7_higher_light_calibration.csv
formation_7_higher_light,46,50,549.54,formation_7_higher_light_calibration.csv
formation_7_higher_light,46,55,670.4,formation_7_higher_light_calibration.csv
formation_7_higher_light,46,60,791.76,formation_7_higher_light_calibration.csv
formation_7_higher_light,46,65,932.39,formation_7_higher_light_calibration.csv
formation_7_higher_light,46,70,1162.3000000000002,formation_7_higher_light_calibration.csv
formation_7_higher_light,46,75,1393.9,formation_7_higher_light_calibration.csv
formation_7_higher_light,46,80,1624.3000000000002,formation_7_higher_light_calibration.csv
formation_7_higher_light,46,85,1853.6,formation_7_higher_light_calibration.csv
formation_7_higher_light,46,90,2083.6,formation_7_higher_light_calibration.csv
formation_7_higher_light,46,95,2317.0,formation_7_higher_light_calibration.csv
formation_7_higher_light,46,100,2625.3,formation_7_higher_light_calibration.csv
formation_7_higher_light,47,10,31.208,formation_7_higher_light_calibration.csv
formation_7_higher_light,47,15,50.098,formation_7_higher_light_calibration.csv
formation_7_higher_light,47,20,70.351,formation_7_higher_light_calibration.csv
formation_7_higher_light,47,25,90.88,formation_7_higher_light_calibration.csv
formation_7_higher_light,47,30,111.6,formation_7_higher_light_calibration.csv
formation_7_higher_light,47,35,191.74,formation_7_higher_light_calibration.csv
formation_7_higher_light,47,40,311.26,formation_7_higher_light_calibration.csv
formation_7_higher_light,47,45,430.46,formation_7_higher_light_calibration.csv
formation_7_higher_light,47,50,551.7,formation_7_higher_light_calibration.csv
formation_7_higher_light,47,55,673.37,formation_7_higher_light_calibration.csv
formation_7_higher_light,47,60,795.2,formation_7_higher_light_calibration.csv
formation_7_higher_light,47,65,936.5,formation_7_higher_light_calibration.csv
formation_7_higher_light,47,70,1168.0,formation_7_higher_light_calibration.csv
formation_7_higher_light,47,75,1400.9,formation_7_higher_light_calibration.csv
formation_7_higher_light,47,80,1632.8,formation_7_higher_light_calibration.csv
formation_7_higher_light,47,85,1862.9,formation_7_higher_light_calibration.csv
formation_7_higher_light,47,90,2094.5,formation_7_higher_light_calibration.csv
formation_7_higher_light,47,95,2328.9,formation_7_higher_light_calibration.csv
formation_7_higher_light,47,100,2639.9,formation_7_higher_light_calibration.csv
formation_7_higher_light,48,10,31.282,formation_7_higher_light_calibration.csv
formation_7_higher_light,48,15,50.246,formation_7_higher_light_calibration.csv
formation_7_higher_light,48,20,70.517,formation_7_higher_light_calibration.csv
formation_7_higher_light,48,25,91.103,formation_7_higher_light_calibration.csv
formation_7_higher_light,48,30,111.86,formation_7_higher_light_calibration.csv
formation_7_higher_light,48,35,192.32,formation_7_higher_light_calibration.csv
formation_7_higher_light,48,40,312.4,formation_7_higher_light_calibration.csv
formation_7_higher_light,48,45,431.96,formation_7_higher_light_calibration.csv
formation_7_higher_light,48,50,553.95,formation_7_higher_light_calibration.csv
formation_7_higher_light,48,55,675.96,formation_7_higher_light_calibration.csv
formation_7_higher_light,48,60,797.9,formation_7_higher_light_calibration.csv
formation_7_higher_light,48,65,940.32,formation_7_higher_light_calibration.csv
formation_7_higher_light,48,70,1173.0,formation_7_higher_light_calibration.csv
formation_7_higher_light,48,75,1406.7,formation_7_higher_light_calibration.csv
formation_7_higher_light,48,80,1640.5,formation_7_higher_light_calibration.csv
formation_7_higher_light,48,85,1871.6,formation_7_higher_light_calibration.csv
formation_7_higher_light,48,90,2104.4,formation_7_higher_light_calibration.csv
formation_7_higher_light,48,95,2339.6,formation_7_higher_light_calibration.csv
formation_7_higher_light,48,100,2653.1,formation_7_higher_light_calibration.csv
formation_7_higher_light,49,10,31.37,formation_7_higher_light_calibration.csv
formation_7_higher_light,49,15,50.364,formation_7_higher_light_calibration.csv
formation_7_higher_light,49,20,70.773,formation_7_higher_light_calibration.csv
formation_7_higher_light,49,25,91.38,formation_7_higher_light_calibration.csv
formation_7_higher_light,49,30,112.18,formation_7_higher_light_calibration.csv
formation_7_higher_light,49,35,193.03,formation_7_higher_light_calibration.csv
formation_7_higher_light,49,40,313.61,formation_7_higher_light_calibration.csv
formation_7_higher_light,49,45,433.76,formation_7_higher_light_calibration.csv
formation_7_higher_light,49,50,556.29,formation_7_higher_light_calibration.csv
formation_7_higher_light,49,55,679.18,formation_7_higher_light_calibration.csv
formation_7_higher_light,49,60,801.82,formation_7_higher_light_calibration.csv
formation_7_higher_light,49,65,944.43,formation_7_higher_light_calibration.csv
formation_7_higher_light,49,70,1178.7,formation_7_higher_light_calibration.csv
formation_7_higher_light,49,75,1413.8,formation_7_higher_light_calibration.csv
formation_7_higher_light,49,80,1649.0,formation_7_higher_light_calibration.csv
formation_7_higher_light,49,85,1881.8,formation_7_higher_light_calibration.csv
formation_7_higher_light,49,90,2116.3,formation_7_higher_light_calibration.csv
formation_7_higher_light,49,95,2353.2000000000003,formation_7_higher_light_calibration.csv
formation_7_higher_light,49,100,2668.7,formation_7_higher_light_calibration.csv
formation_7_higher_light,50,10,32.147,formation_7_higher_light_calibration.csv
formation_7_higher_light,50,15,51.601,formation_7_higher_light_calibration.csv
formation_7_higher_light,50,20,72.388,formation_7_higher_light_calibration.csv
formation_7_higher_light,50,25,93.464,formation_7_higher_light_calibration.csv
formation_7_higher_light,50,30,114.78,formation_7_higher_light_calibration.csv
formation_7_higher_light,50,35,196.9,formation_7_higher_light_calibration.csv
formation_7_higher_light,50,40,319.44,formation_7_higher_light_calibration.csv
formation_7_higher_light,50,45,442.6,formation_7_higher_light_calibration.csv
formation_7_higher_light,50,50,566.09,formation_7_higher_light_calibration.csv
formation_7_higher_light,50,55,690.65,formation_7_higher_light_calibration.csv
formation_7_higher_light,50,60,815.73,formation_7_higher_light_calibration.csv
formation_7_higher_light,50,65,960.79,formation_7_higher_light_calibration.csv
formation_7_higher_light,50,70,1198.8000000000002,formation_7_higher_light_calibration.csv
formation_7_higher_light,50,75,1439.0,formation_7_higher_light_calibration.csv
formation_7_higher_light,50,80,1677.3,formation_7_higher_light_calibration.csv
formation_7_higher_light,50,85,1913.7,formation_7_higher_light_calibration.csv
formation_7_higher_light,50,90,2154.9,formation_7_higher_light_calibration.csv
formation_7_higher_light,50,95,2393.7,formation_7_higher_light_calibration.csv
formation_7_higher_light,50,100,2714.2,formation_7_higher_light_calibration.csv
formation_8_highest_light,4,10,2216.4,formation_8_highest_light_calibration.csv
formation_8_highest_light,4,15,3403.3,formation_8_highest_light_calibration.csv
formation_8_highest_light,4,20,4450.3,formation_8_highest_light_calibration.csv
formation_8_highest_light,4,25,5558.7,formation_8_highest_light_calibration.csv
formation_8_highest_light,4,30,6663.4,formation_8_highest_light_calibration.csv
formation_8_highest_light,4,35,7767.7,formation_8_highest_light_calibration.csv
formation_8_highest_light,4,40,8873.0,formation_8_highest_light_calibration.csv
formation_8_highest_light,4,45,9984.9,formation_8_highest_light_calibration.csv
formation_8_highest_light,4,50,11095.0,formation_8_highest_light_calibration.csv
formation_8_highest_light,4,55,12204.0,formation_8_highest_light_calibration.csv
formation_8_highest_light,4,60,13329.0,formation_8_highest_light_calibration.csv
formation_8_highest_light,4,65,14445.0,formation_8_highest_light_calibration.csv
formation_8_highest_light,4,70,15566.0,formation_8_highest_light_calibration.csv
formation_8_highest_light,4,75,16680.0,formation_8_highest_light_calibration.csv
formation_8_highest_light,4,80,17779.0,formation_8_highest_light_calibration.csv
formation_8_highest_light,4,85,18898.0,formation_8_highest_light_calibration.csv
formation_8_highest_light,4,90,20013.0,formation_8_highest_light_calibration.csv
formation_8_highest_light,4,95,21125.0,formation_8_highest_light_calibration.csv
formation_8_highest_light,4,100,22265.0,formation_8_highest_light_calibration.csv
formation_8_highest_light,5,10,2763.4,formation_8_highest_light_calibration.csv
formation_8_highest_light,5,15,4192.8,formation_8_highest_light_calibration.csv
formation_8_highest_light,5,20,5610.0,formation_8_highest_light_calibration.csv
formation_8_highest_light,5,25,7011.1,formation_8_highest_light_calibration.csv
formation_8_highest_light,5,30,8408.4,formation_8_highest_light_calibration.csv
formation_8_highest_light,5,35,9795.4,formation_8_highest_light_calibration.csv
formation_8_highest_light,5,40,11199.0,formation_8_highest_light_calibration.csv
formation_8_highest_light,5,45,12605.0,formation_8_highest_light_calibration.csv
formation_8_highest_light,5,50,14023.0,formation_8_highest_light_calibration.csv
formation_8_highest_light,5,55,15427.0,formation_8_highest_light_calibration.csv
formation_8_highest_light,5,60,16834.0,formation_8_highest_light_calibration.csv
formation_8_highest_light,5,65,18224.0,formation_8_highest_light_calibration.csv
formation_8_highest_light,5,70,19637.0,formation_8_highest_light_calibration.csv
formation_8_highest_light,5,75,21043.0,formation_8_highest_light_calibration.csv
formation_8_highest_light,5,80,22474.0,formation_8_highest_light_calibration.csv
formation_8_highest_light,5,85,23888.0,formation_8_highest_light_calibration.csv
formation_8_highest_light,5,90,25300.0,formation_8_highest_light_calibration.csv
formation_8_highest_light,5,95,26680.0,formation_8_highest_light_calibration.csv
formation_8_highest_light,5,100,28094.0,formation_8_highest_light_calibration.csv
formation_8_highest_light,6,10,3325.3,formation_8_highest_light_calibration.csv
formation_8_highest_light,6,15,5060.6,formation_8_highest_light_calibration.csv
formation_8_highest_light,6,20,6770.9,formation_8_highest_light_calibration.csv
formation_8_highest_light,6,25,8467.0,formation_8_highest_light_calibration.csv
formation_8_highest_light,6,30,10148.0,formation_8_highest_light_calibration.csv
formation_8_highest_light,6,35,11835.0,formation_8_highest_light_calibration.csv
formation_8_highest_light,6,40,13546.0,formation_8_highest_light_calibration.csv
formation_8_highest_light,6,45,15250.0,formation_8_highest_light_calibration.csv
formation_8_highest_light,6,50,16947.0,formation_8_highest_light_calibration.csv
formation_8_highest_light,6,55,18621.0,formation_8_highest_light_calibration.csv
formation_8_highest_light,6,60,20320.0,formation_8_highest_light_calibration.csv
formation_8_highest_light,6,65,22040.0,formation_8_highest_light_calibration.csv
formation_8_highest_light,6,70,23747.0,formation_8_highest_light_calibration.csv
formation_8_highest_light,6,75,25448.0,formation_8_highest_light_calibration.csv
formation_8_highest_light,6,80,27128.0,formation_8_highest_light_calibration.csv
formation_8_highest_light,6,85,28832.0,formation_8_highest_light_calibration.csv
formation_8_highest_light,6,90,30565.0,formation_8_highest_light_calibration.csv
formation_8_highest_light,6,95,32265.0,formation_8_highest_light_calibration.csv
formation_8_highest_light,6,100,33971.0,formation_8_highest_light_calibration.csv
formation_8_highest_light,7,10,3891.9,formation_8_highest_light_calibration.csv
formation_8_highest_light,7,15,5925.7,formation_8_highest_light_calibration.csv
formation_8_highest_light,7,20,7931.6,formation_8_highest_light_calibration.csv
formation_8_highest_light,7,25,9911.1,formation_8_highest_light_calibration.csv
formation_8_highest_light,7,30,11894.0,formation_8_highest_light_calibration.csv
formation_8_highest_light,7,35,13884.0,formation_8_highest_light_calibration.csv
formation_8_highest_light,7,40,15884.0,formation_8_highest_light_calibration.csv
formation_8_highest_light,7,45,17857.0,formation_8_highest_light_calibration.csv
formation_8_highest_light,7,50,19844.0,formation_8_highest_light_calibration.csv
formation_8_highest_light,7,55,21848.0,formation_8_highest_light_calibration.csv
formation_8_highest_light,7,60,23838.0,formation_8_highest_light_calibration.csv
formation_8_highest_light,7,65,25805.0,formation_8_highest_light_calibration.csv
formation_8_highest_light,7,70,27805.0,formation_8_highest_light_calibration.csv
formation_8_highest_light,7,75,29792.0,formation_8_highest_light_calibration.csv
formation_8_highest_light,7,80,31817.0,formation_8_highest_light_calibration.csv
formation_8_highest_light,7,85,33821.0,formation_8_highest_light_calibration.csv
formation_8_highest_light,7,90,35784.0,formation_8_highest_light_calibration.csv
formation_8_highest_light,7,95,37768.0,formation_8_highest_light_calibration.csv
formation_8_highest_light,7,100,39810.0,formation_8_highest_light_calibration.csv
formation_8_highest_light,8,10,4482.5,formation_8_highest_light_calibration.csv
formation_8_highest_light,8,15,6821.0,formation_8_highest_light_calibration.csv
formation_8_highest_light,8,20,9122.0,formation_8_highest_light_calibration.csv
formation_8_highest_light,8,25,11413.0,formation_8_highest_light_calibration.csv
formation_8_highest_light,8,30,13711.0,formation_8_highest_light_calibration.csv
formation_8_highest_light,8,35,15997.0,formation_8_highest_light_calibration.csv
formation_8_highest_light,8,40,18277.0,formation_8_highest_light_calibration.csv
formation_8_highest_light,8,45,20570.0,formation_8_highest_light_calibration.csv
formation_8_highest_light,8,50,22883.0,formation_8_highest_light_calibration.csv
formation_8_highest_light,8,55,25165.0,formation_8_highest_light_calibration.csv
formation_8_highest_light,8,60,27434.0,formation_8_highest_light_calibration.csv
formation_8_highest_light,8,65,29727.0,formation_8_highest_light_calibration.csv
formation_8_highest_light,8,70,32057.0,formation_8_highest_light_calibration.csv
formation_8_highest_light,8,75,34345.0,formation_8_highest_light_calibration.csv
formation_8_highest_light,8,80,36616.0,formation_8_highest_light_calibration.csv
formation_8_highest_light,8,85,38948.0,formation_8_highest_light_calibration.csv
formation_8_highest_light,8,90,41250.0,formation_8_highest_light_calibration.csv
formation_8_highest_light,8,95,43500.0,formation_8_highest_light_calibration.csv
formation_8_highest_light,8,100,45819.0,formation_8_highest_light_calibration.csv
formation_8_highest_light,9,10,5042.4,formation_8_highest_light_calibration.csv
formation_8_highest_light,9,15,7679.8,formation_8_highest_light_calibration.csv
formation_8_highest_light,9,20,10272.0,formation_8_highest_light_calibration.csv
formation_8_highest_light,9,25,12851.0,formation_8_highest_light_calibration.csv
formation_8_highest_light,9,30,15445.0,formation_8_highest_light_calibration.csv
formation_8_highest_light,9,35,18000.0,formation_8_highest_light_calibration.csv
formation_8_highest_light,9,40,20583.0,formation_8_highest_light_calibration.csv
formation_8_highest_light,9,45,23191.0,formation_8_highest_light_calibration.csv
formation_8_highest_light,9,50,25749.0,formation_8_highest_light_calibration.csv
formation_8_highest_light,9,55,28313.0,formation_8_highest_light_calibration.csv
formation_8_highest_light,9,60,30928.0,formation_8_highest_light_calibration.csv
formation_8_highest_light,9,65,33508.0,formation_8_highest_light_calibration.csv
formation_8_highest_light,9,70,36070.0,formation_8_highest_light_calibration.csv
formation_8_highest_light,9,75,38646.0,formation_8_highest_light_calibration.csv
formation_8_highest_light,9,80,41269.0,formation_8_highest_light_calibration.csv
formation_8_highest_light,9,85,43822.0,formation_8_highest_light_calibration.csv
formation_8_highest_light,9,90,46425.0,formation_8_highest_light_calibration.csv
formation_8_highest_light,9,95,49003.0,formation_8_highest_light_calibration.csv
formation_8_highest_light,9,100,51610.0,formation_8_highest_light_calibration.csv
formation_8_highest_light,10,10,5599.6,formation_8_highest_light_calibration.csv
formation_8_highest_light,10,15,8537.3,formation_8_highest_light_calibration.csv
formation_8_highest_light,10,20,11421.0,formation_8_highest_light_calibration.csv
formation_8_highest_light,10,25,14305.0,formation_8_highest_light_calibration.csv
formation_8_highest_light,10,30,17175.0,formation_8_highest_light_calibration.csv
formation_8_highest_light,10,35,20013.0,formation_8_highest_light_calibration.csv
formation_8_highest_light,10,40,22914.0,formation_8_highest_light_calibration.csv
formation_8_highest_light,10,45,25766.0,formation_8_highest_light_calibration.csv
formation_8_highest_light,10,50,28628.0,formation_8_highest_light_calibration.csv
formation_8_highest_light,10,55,31518.0,formation_8_highest_light_calibration.csv
formation_8_highest_light,10,60,34383.0,formation_8_highest_light_calibration.csv
formation_8_highest_light,10,65,37226.0,formation_8_highest_light_calibration.csv
formation_8_highest_light,10,70,40141.0,formation_8_highest_light_calibration.csv
formation_8_highest_light,10,75,42970.0,formation_8_highest_light_calibration.csv
formation_8_highest_light,10,80,45860.0,formation_8_highest_light_calibration.csv
formation_8_highest_light,10,85,48743.0,formation_8_highest_light_calibration.csv
formation_8_highest_light,10,90,51629.0,formation_8_highest_light_calibration.csv
formation_8_highest_light,10,95,54495.0,formation_8_highest_light_calibration.csv
formation_8_highest_light,10,100,57380.0,formation_8_highest_light_calibration.csv
formation_8_highest_light,11,10,6146.3,formation_8_highest_light_calibration.csv
formation_8_highest_light,11,15,9375.7,formation_8_highest_light_calibration.csv
formation_8_highest_light,11,20,12560.0,formation_8_highest_light_calibration.csv
formation_8_highest_light,11,25,15734.0,formation_8_highest_light_calibration.csv
formation_8_highest_light,11,30,18867.0,formation_8_highest_light_calibration.csv
formation_8_highest_light,11,35,22030.0,formation_8_highest_light_calibration.csv
formation_8_highest_light,11,40,25195.0,formation_8_highest_light_calibration.csv
formation_8_highest_light,11,45,28331.0,formation_8_highest_light_calibration.csv
formation_8_highest_light,11,50,31516.0,formation_8_highest_light_calibration.csv
formation_8_highest_light,11,55,34626.0,formation_8_highest_light_calibration.csv
formation_8_highest_light,11,60,37776.0,formation_8_highest_light_calibration.csv
formation_8_highest_light,11,65,40970.0,formation_8_highest_light_calibration.csv
formation_8_highest_light,11,70,44099.0,formation_8_highest_light_calibration.csv
formation_8_highest_light,11,75,47263.0,formation_8_highest_light_calibration.csv
formation_8_highest_light,11,80,50428.0,formation_8_highest_light_calibration.csv
formation_8_highest_light,11,85,53602.0,formation_8_highest_light_calibration.csv
formation_8_highest_light,11,90,56772.0,formation_8_highest_light_calibration.csv
formation_8_highest_light,11,95,59920.0,formation_8_highest_light_calibration.csv
formation_8_highest_light,11,100,63095.0,formation_8_highest_light_calibration.csv
formation_8_highest_light,12,10,6686.6,formation_8_highest_light_calibration.csv
formation_8_highest_light,12,15,10218.0,formation_8_highest_light_calibration.csv
formation_8_highest_light,12,20,13708.0,formation_8_highest_light_calibration.csv
formation_8_highest_light,12,25,17154.0,formation_8_highest_light_calibration.csv
formation_8_highest_light,12,30,20571.0,formation_8_highest_light_calibration.csv
formation_8_highest_light,12,35,24019.0,formation_8_highest_light_calibration.csv
formation_8_highest_light,12,40,27440.0,formation_8_highest_light_calibration.csv
formation_8_highest_light,12,45,30918.0,formation_8_highest_light_calibration.csv
formation_8_highest_light,12,50,34352.0,formation_8_highest_light_calibration.csv
formation_8_highest_light,12,55,37744.0,formation_8_highest_light_calibration.csv
formation_8_highest_light,12,60,41219.0,formation_8_highest_light_calibration.csv
formation_8_highest_light,12,65,44626.0,formation_8_highest_light_calibration.csv
formation_8_highest_light,12,70,48086.0,formation_8_highest_light_calibration.csv
formation_8_highest_light,12,75,51524.0,formation_8_highest_light_calibration.csv
formation_8_highest_light,12,80,54975.0,formation_8_highest_light_calibration.csv
formation_8_highest_light,12,85,58436.0,formation_8_highest_light_calibration.csv
formation_8_highest_light,12,90,61891.0,formation_8_highest_light_calibration.csv
formation_8_highest_light,12,95,65318.0,formation_8_highest_light_calibration.csv
formation_8_highest_light,12,100,68781.0,formation_8_highest_light_calibration.csv
formation_8_highest_light,13,10,7187.9,formation_8_highest_light_calibration.csv
formation_8_highest_light,13,15,10916.0,formation_8_highest_light_calibration.csv
formation_8_highest_light,13,20,14588.0,formation_8_highest_light_calibration.csv
formation_8_highest_light,13,25,18199.0,formation_8_highest_light_calibration.csv
formation_8_highest_light,13,30,21836.0,formation_8_highest_light_calibration.csv
formation_8_highest_light,13,35,25448.0,formation_8_highest_light_calibration.csv
formation_8_highest_light,13,40,29064.0,formation_8_highest_light_calibration.csv
formation_8_highest_light,13,45,32729.0,formation_8_highest_light_calibration.csv
formation_8_highest_light,13,50,36323.0,formation_8_highest_light_calibration.csv
formation_8_highest_light,13,55,39978.0,formation_8_highest_light_calibration.csv
formation_8_highest_light,13,60,43571.0,formation_8_highest_light_calibration.csv
formation_8_highest_light,13,65,47213.0,formation_8_highest_light_calibration.csv
formation_8_highest_light,13,70,50866.0,formation_8_highest_light_calibration.csv
formation_8_highest_light,13,75,54499.0,formation_8_highest_light_calibration.csv
formation_8_highest_light,13,80,58145.0,formation_8_highest_light_calibration.csv
formation_8_highest_light,13,85,61802.0,formation_8_highest_light_calibration.csv
formation_8_highest_light,13,90,65443.0,formation_8_highest_light_calibration.csv
formation_8_highest_light,13,95,69076.0,formation_8_highest_light_calibration.csv
formation_8_highest_light,13,100,72734.0,formation_8_highest_light_calibration.csv
formation_8_highest_light,14,10,7676.6,formation_8_highest_light_calibration.csv
formation_8_highest_light,14,15,11691.0,formation_8_highest_light_calibration.csv
formation_8_highest_light,14,20,15640.0,formation_8_highest_light_calibration.csv
formation_8_highest_light,14,25,19516.0,formation_8_highest_light_calibration.csv
formation_8_highest_light,14,30,23418.0,formation_8_highest_light_calibration.csv
formation_8_highest_light,14,35,27274.0,formation_8_highest_light_calibration.csv
formation_8_highest_light,14,40,31206.0,formation_8_highest_light_calibration.csv
formation_8_highest_light,14,45,35072.0,formation_8_highest_light_calibration.csv
formation_8_highest_light,14,50,39000.0,formation_8_highest_light_calibration.csv
formation_8_highest_light,14,55,42877.0,formation_8_highest_light_calibration.csv
formation_8_highest_light,14,60,46748.0,formation_8_highest_light_calibration.csv
formation_8_highest_light,14,65,50655.0,formation_8_highest_light_calibration.csv
formation_8_highest_light,14,70,54566.0,formation_8_highest_light_calibration.csv
formation_8_highest_light,14,75,58462.0,formation_8_highest_light_calibration.csv
formation_8_highest_light,14,80,62375.0,formation_8_highest_light_calibration.csv
formation_8_highest_light,14,85,66291.0,formation_8_highest_light_calibration.csv
formation_8_highest_light,14,90,70205.0,formation_8_highest_light_calibration.csv
formation_8_highest_light,14,95,74097.0,formation_8_highest_light_calibration.csv
formation_8_highest_light,14,100,78021.0,formation_8_highest_light_calibration.csv
formation_8_highest_light,15,10,8200.9,formation_8_highest_light_calibration.csv
formation_8_highest_light,15,15,12525.0,formation_8_highest_light_calibration.csv
formation_8_highest_light,15,20,16777.0,formation_8_highest_light_calibration.csv
formation_8_highest_light,15,25,20938.0,formation_8_highest_light_calibration.csv
formation_8_highest_light,15,30,25133.0,formation_8_highest_light_calibration.csv
formation_8_highest_light,15,35,29273.0,formation_8_highest_light_calibration.csv
formation_8_highest_light,15,40,33487.0,formation_8_highest_light_calibration.csv
formation_8_highest_light,15,45,37642.0,formation_8_highest_light_calibration.csv
formation_8_highest_light,15,50,41853.0,formation_8_highest_light_calibration.csv
formation_8_highest_light,15,55,45990.0,formation_8_highest_light_calibration.csv
formation_8_highest_light,15,60,50176.0,formation_8_highest_light_calibration.csv
formation_8_highest_light,15,65,54363.0,formation_8_highest_light_calibration.csv
formation_8_highest_light,15,70,58562.0,formation_8_highest_light_calibration.csv
formation_8_highest_light,15,75,62748.0,formation_8_highest_light_calibration.csv
formation_8_highest_light,15,80,66941.0,formation_8_highest_light_calibration.csv
formation_8_highest_light,15,85,71146.0,formation_8_highest_light_calibration.csv
formation_8_highest_light,15,90,75347.0,formation_8_highest_light_calibration.csv
formation_8_highest_light,15,95,79521.0,formation_8_highest_light_calibration.csv
formation_8_highest_light,15,100,83738.0,formation_8_highest_light_calibration.csv
formation_8_highest_light,16,10,8702.4,formation_8_highest_light_calibration.csv
formation_8_highest_light,16,15,13359.0,formation_8_highest_light_calibration.csv
formation_8_highest_light,16,20,17875.0,formation_8_highest_light_calibration.csv
formation_8_highest_light,16,25,22364.0,formation_8_highest_light_calibration.csv
formation_8_highest_light,16,30,26799.0,formation_8_highest_light_calibration.csv
formation_8_highest_light,16,35,31273.0,formation_8_highest_light_calibration.csv
formation_8_highest_light,16,40,35712.0,formation_8_highest_light_calibration.csv
formation_8_highest_light,16,45,40211.0,formation_8_highest_light_calibration.csv
formation_8_highest_light,16,50,44633.0,formation_8_highest_light_calibration.csv
formation_8_highest_light,16,55,49086.0,formation_8_highest_light_calibration.csv
formation_8_highest_light,16,60,53553.0,formation_8_highest_light_calibration.csv
formation_8_highest_light,16,65,58020.0,formation_8_highest_light_calibration.csv
formation_8_highest_light,16,70,62506.0,formation_8_highest_light_calibration.csv
formation_8_highest_light,16,75,66970.0,formation_8_highest_light_calibration.csv
formation_8_highest_light,16,80,71445.0,formation_8_highest_light_calibration.csv
formation_8_highest_light,16,85,75929.0,formation_8_highest_light_calibration.csv
formation_8_highest_light,16,90,80419.0,formation_8_highest_light_calibration.csv
formation_8_highest_light,16,95,84877.0,formation_8_highest_light_calibration.csv
formation_8_highest_light,16,100,89283.0,formation_8_highest_light_calibration.csv
formation_8_highest_light,17,10,9169.4,formation_8_highest_light_calibration.csv
formation_8_highest_light,17,15,14115.0,formation_8_highest_light_calibration.csv
formation_8_highest_light,17,20,18907.0,formation_8_highest_light_calibration.csv
formation_8_highest_light,17,25,23665.0,formation_8_highest_light_calibration.csv
formation_8_highest_light,17,30,28364.0,formation_8_highest_light_calibration.csv
formation_8_highest_light,17,35,33102.0,formation_8_highest_light_calibration.csv
formation_8_highest_light,17,40,37798.0,formation_8_highest_light_calibration.csv
formation_8_highest_light,17,45,42560.0,formation_8_highest_light_calibration.csv
formation_8_highest_light,17,50,47251.0,formation_8_highest_light_calibration.csv
formation_8_highest_light,17,55,51958.0,formation_8_highest_light_calibration.csv
formation_8_highest_light,17,60,56687.0,formation_8_highest_light_calibration.csv
formation_8_highest_light,17,65,61419.0,formation_8_highest_light_calibration.csv
formation_8_highest_light,17,70,66162.0,formation_8_highest_light_calibration.csv
formation_8_highest_light,17,75,70882.0,formation_8_highest_light_calibration.csv
formation_8_highest_light,17,80,75628.0,formation_8_highest_light_calibration.csv
formation_8_highest_light,17,85,80376.0,formation_8_highest_light_calibration.csv
formation_8_highest_light,17,90,85121.0,formation_8_highest_light_calibration.csv
formation_8_highest_light,17,95,89751.0,formation_8_highest_light_calibration.csv
formation_8_highest_light,17,100,94501.0,formation_8_highest_light_calibration.csv
formation_8_highest_light,18,10,9658.4,formation_8_highest_light_calibration.csv
formation_8_highest_light,18,15,14915.0,formation_8_highest_light_calibration.csv
formation_8_highest_light,18,20,20000.0,formation_8_highest_light_calibration.csv
formation_8_highest_light,18,25,25047.0,formation_8_highest_light_calibration.csv
formation_8_highest_light,18,30,30032.0,formation_8_highest_light_calibration.csv
formation_8_highest_light,18,35,35011.0,formation_8_highest_light_calibration.csv
formation_8_highest_light,18,40,40055.0,formation_8_highest_light_calibration.csv
formation_8_highest_light,18,45,45031.0,formation_8_highest_light_calibration.csv
formation_8_highest_light,18,50,50029.0,formation_8_highest_light_calibration.csv
formation_8_highest_light,18,55,55017.0,formation_8_highest_light_calibration.csv
formation_8_highest_light,18,60,60019.0,formation_8_highest_light_calibration.csv
formation_8_highest_light,18,65,65023.0,formation_8_highest_light_calibration.csv
formation_8_highest_light,18,70,70048.0,formation_8_highest_light_calibration.csv
formation_8_highest_light,18,75,75046.0,formation_8_highest_light_calibration.csv
formation_8_highest_light,18,80,80070.0,formation_8_highest_light_calibration.csv
formation_8_highest_light,18,85,85101.0,formation_8_highest_light_calibration.csv
formation_8_highest_light,18,90,90033.0,formation_8_highest_light_calibration.csv
formation_8_highest_light,18,95,95017.0,formation_8_highest_light_calibration.csv
formation_8_highest_light,18,100,100040.0,formation_8_highest_light_calibration.csv
formation_8_highest_light,19,10,10107.0,formation_8_highest_light_calibration.csv
formation_8_highest_light,19,15,15655.0,formation_8_highest_light_calibration.csv
formation_8_highest_light,19,20,21016.0,formation_8_highest_light_calibration.csv
formation_8_highest_light,19,25,26305.0,formation_8_highest_light_calibration.csv
formation_8_highest_light,19,30,31608.0,formation_8_highest_light_calibration.csv
formation_8_highest_light,19,35,36813.0,formation_8_highest_light_calibration.csv
formation_8_highest_light,19,40,42120.0,formation_8_highest_light_calibration.csv
formation_8_highest_light,19,45,47354.0,formation_8_highest_light_calibration.csv
formation_8_highest_light,19,50,52613.0,formation_8_highest_light_calibration.csv
formation_8_highest_light,19,55,57855.0,formation_8_highest_light_calibration.csv
formation_8_highest_light,19,60,63111.0,formation_8_highest_light_calibration.csv
formation_8_highest_light,19,65,68378.0,formation_8_highest_light_calibration.csv
formation_8_highest_light,19,70,73664.0,formation_8_highest_light_calibration.csv
formation_8_highest_light,19,75,78919.0,formation_8_highest_light_calibration.csv
formation_8_highest_light,19,80,84197.0,formation_8_highest_light_calibration.csv
formation_8_highest_light,19,85,89396.0,formation_8_highest_light_calibration.csv
formation_8_highest_light,19,90,94675.0,formation_8_highest_light_calibration.csv
formation_8_highest_light,19,95,99916.0,formation_8_highest_light_calibration.csv
formation_8_highest_light,19,100,105200.0,formation_8_highest_light_calibration.csv
formation_8_highest_light,20,10,10579.0,formation_8_highest_light_calibration.csv
formation_8_highest_light,20,15,16437.0,formation_8_highest_light_calibration.csv
formation_8_highest_light,20,20,22114.0,formation_8_highest_light_calibration.csv
formation_8_highest_light,20,25,27674.0,formation_8_highest_light_calibration.csv
formation_8_highest_light,20,30,33251.0,formation_8_highest_light_calibration.csv
formation_8_highest_light,20,35,38776.0,formation_8_highest_light_calibration.csv
formation_8_highest_light,20,40,44290.0,formation_8_highest_light_calibration.csv
formation_8_highest_light,20,45,49835.0,formation_8_highest_light_calibration.csv
formation_8_highest_light,20,50,55375.0,formation_8_highest_light_calibration.csv
formation_8_highest_light,20,55,60881.0,formation_8_highest_light_calibration.csv
formation_8_highest_light,20,60,66425.0,formation_8_highest_light_calibration.csv
formation_8_highest_light,20,65,71970.0,formation_8_highest_light_calibration.csv
formation_8_highest_light,20,70,77525.0,formation_8_highest_light_calibration.csv
formation_8_highest_light,20,75,83064.0,formation_8_highest_light_calibration.csv
formation_8_highest_light,20,80,88533.0,formation_8_highest_light_calibration.csv
formation_8_highest_light,20,85,94093.0,formation_8_highest_light_calibration.csv
formation_8_highest_light,20,90,99638.0,formation_8_highest_light_calibration.csv
formation_8_highest_light,20,95,105150.0,formation_8_highest_light_calibration.csv
formation_8_highest_light,20,100,110720.0,formation_8_highest_light_calibration.csv
formation_8_highest_light,21,10,11037.0,formation_8_highest_light_calibration.csv
formation_8_highest_light,21,15,17184.0,formation_8_highest_light_calibration.csv
formation_8_highest_light,21,20,23172.0,formation_8_highest_light_calibration.csv
formation_8_highest_light,21,25,29016.0,formation_8_highest_light_calibration.csv
formation_8_highest_light,21,30,34842.0,formation_8_highest_light_calibration.csv
formation_8_highest_light,21,35,40672.0,formation_8_highest_light_calibration.csv
formation_8_highest_light,21,40,46461.0,formation_8_highest_light_calibration.csv
formation_8_highest_light,21,45,52286.0,formation_8_highest_light_calibration.csv
formation_8_highest_light,21,50,58084.0,formation_8_highest_light_calibration.csv
formation_8_highest_light,21,55,63868.0,formation_8_highest_light_calibration.csv
formation_8_highest_light,21,60,69685.0,formation_8_highest_light_calibration.csv
formation_8_highest_light,21,65,75494.0,formation_8_highest_light_calibration.csv
formation_8_highest_light,21,70,81332.0,formation_8_highest_light_calibration.csv
formation_8_highest_light,21,75,87050.0,formation_8_highest_light_calibration.csv
formation_8_highest_light,21,80,92878.0,formation_8_highest_light_calibration.csv
formation_8_highest_light,21,85,98705.0,formation_8_highest_light_calibration.csv
formation_8_highest_light,21,90,104530.0,formation_8_highest_light_calibration.csv
formation_8_highest_light,21,95,110310.0,formation_8_highest_light_calibration.csv
formation_8_highest_light,21,100,116150.0,formation_8_highest_light_calibration.csv
formation_8_highest_light,22,10,11455.0,formation_8_highest_light_calibration.csv
formation_8_highest_light,22,15,17887.0,formation_8_highest_light_calibration.csv
formation_8_highest_light,22,20,24150.0,formation_8_highest_light_calibration.csv
formation_8_highest_light,22,25,30292.0,formation_8_highest_light_calibration.csv
formation_8_highest_light,22,30,36352.0,formation_8_highest_light_calibration.csv
formation_8_highest_light,22,35,42432.0,formation_8_highest_light_calibration.csv
formation_8_highest_light,22,40,48488.0,formation_8_highest_light_calibration.csv
formation_8_highest_light,22,45,54563.0,formation_8_highest_light_calibration.csv
formation_8_highest_light,22,50,60609.0,formation_8_highest_light_calibration.csv
formation_8_highest_light,22,55,66652.0,formation_8_highest_light_calibration.csv
formation_8_highest_light,22,60,72720.0,formation_8_highest_light_calibration.csv
formation_8_highest_light,22,65,78785.0,formation_8_highest_light_calibration.csv
formation_8_highest_light,22,70,84877.0,formation_8_highest_light_calibration.csv
formation_8_highest_light,22,75,90845.0,formation_8_highest_light_calibration.csv
formation_8_highest_light,22,80,96919.0,formation_8_highest_light_calibration.csv
formation_8_highest_light,22,85,103000.0,formation_8_highest_light_calibration.csv
formation_8_highest_light,22,90,109080.0,formation_8_highest_light_calibration.csv
formation_8_highest_light,22,95,115110.0,formation_8_highest_light_calibration.csv
formation_8_highest_light,22,100,121220.0,formation_8_highest_light_calibration.csv
formation_8_highest_light,23,10,11893.0,formation_8_highest_light_calibration.csv
formation_8_highest_light,23,15,18626.0,formation_8_highest_light_calibration.csv
formation_8_highest_light,23,20,25184.0,formation_8_highest_light_calibration.csv
formation_8_highest_light,23,25,31610.0,formation_8_highest_light_calibration.csv
formation_8_highest_light,23,30,37939.0,formation_8_highest_light_calibration.csv
formation_8_highest_light,23,35,44269.0,formation_8_highest_light_calibration.csv
formation_8_highest_light,23,40,50628.0,formation_8_highest_light_calibration.csv
formation_8_highest_light,23,45,56968.0,formation_8_highest_light_calibration.csv
formation_8_highest_light,23,50,63294.0,formation_8_highest_light_calibration.csv
formation_8_highest_light,23,55,69597.0,formation_8_highest_light_calibration.csv
formation_8_highest_light,23,60,75939.0,formation_8_highest_light_calibration.csv
formation_8_highest_light,23,65,82283.0,formation_8_highest_light_calibration.csv
formation_8_highest_light,23,70,88548.0,formation_8_highest_light_calibration.csv
formation_8_highest_light,23,75,94863.0,formation_8_highest_light_calibration.csv
formation_8_highest_light,23,80,101210.0,formation_8_highest_light_calibration.csv
formation_8_highest_light,23,85,107560.0,formation_8_highest_light_calibration.csv
formation_8_highest_light,23,90,113900.0,formation_8_highest_light_calibration.csv
formation_8_highest_light,23,95,120220.0,formation_8_highest_light_calibration.csv
formation_8_highest_light,23,100,126590.0,formation_8_highest_light_calibration.csv
formation_8_highest_light,24,10,12291.0,formation_8_highest_light_calibration.csv
formation_8_highest_light,24,15,19303.0,formation_8_highest_light_calibration.csv
formation_8_highest_light,24,20,26110.0,formation_8_highest_light_calibration.csv
formation_8_highest_light,24,25,32822.0,formation_8_highest_light_calibration.csv
formation_8_highest_light,24,30,39451.0,formation_8_highest_light_calibration.csv
formation_8_highest_light,24,35,45999.0,formation_8_highest_light_calibration.csv
formation_8_highest_light,24,40,52610.0,formation_8_highest_light_calibration.csv
formation_8_highest_light,24,45,59196.0,formation_8_highest_light_calibration.csv
formation_8_highest_light,24,50,65771.0,formation_8_highest_light_calibration.csv
formation_8_highest_light,24,55,72330.0,formation_8_highest_light_calibration.csv
formation_8_highest_light,24,60,78914.0,formation_8_highest_light_calibration.csv
formation_8_highest_light,24,65,85507.0,formation_8_highest_light_calibration.csv
formation_8_highest_light,24,70,92033.0,formation_8_highest_light_calibration.csv
formation_8_highest_light,24,75,98597.0,formation_8_highest_light_calibration.csv
formation_8_highest_light,24,80,105180.0,formation_8_highest_light_calibration.csv
formation_8_highest_light,24,85,111780.0,formation_8_highest_light_calibration.csv
formation_8_highest_light,24,90,118380.0,formation_8_highest_light_calibration.csv
formation_8_highest_light,24,95,124950.0,formation_8_highest_light_calibration.csv
formation_8_highest_light,24,100,131720.0,formation_8_highest_light_calibration.csv
formation_8_highest_light,25,10,12817.0,formation_8_highest_light_calibration.csv
formation_8_highest_light,25,15,20024.0,formation_8_highest_light_calibration.csv
formation_8_highest_light,25,20,26973.0,formation_8_highest_light_calibration.csv
formation_8_highest_light,25,25,33807.0,formation_8_highest_light_calibration.csv
formation_8_highest_light,25,30,40541.0,formation_8_highest_light_calibration.csv
formation_8_highest_light,25,35,47178.0,formation_8_highest_light_calibration.csv
formation_8_highest_light,25,40,53891.0,formation_8_highest_light_calibration.csv
formation_8_highest_light,25,45,60566.0,formation_8_highest_light_calibration.csv
formation_8_highest_light,25,50,67238.0,formation_8_highest_light_calibration.csv
formation_8_highest_light,25,55,73882.0,formation_8_highest_light_calibration.csv
formation_8_highest_light,25,60,80570.0,formation_8_highest_light_calibration.csv
formation_8_highest_light,25,65,87164.0,formation_8_highest_light_calibration.csv
formation_8_highest_light,25,70,93865.0,formation_8_highest_light_calibration.csv
formation_8_highest_light,25,75,100540.0,formation_8_highest_light_calibration.csv
formation_8_highest_light,25,80,107230.0,formation_8_highest_light_calibration.csv
formation_8_highest_light,25,85,113930.0,formation_8_highest_light_calibration.csv
formation_8_highest_light,25,90,120630.0,formation_8_highest_light_calibration.csv
formation_8_highest_light,25,95,127310.0,formation_8_highest_light_calibration.csv
formation_8_highest_light,25,100,134170.0,formation_8_highest_light_calibration.csv
formation_8_highest_light,26,10,13234.0,formation_8_highest_light_calibration.csv
formation_8_highest_light,26,15,20723.0,formation_8_highest_light_calibration.csv
formation_8_highest_light,26,20,27969.0,formation_8_highest_light_calibration.csv
formation_8_highest_light,26,25,35048.0,formation_8_highest_light_calibration.csv
formation_8_highest_light,26,30,42086.0,formation_8_highest_light_calibration.csv
formation_8_highest_light,26,35,49006.0,formation_8_highest_light_calibration.csv
formation_8_highest_light,26,40,55975.0,formation_8_highest_light_calibration.csv
formation_8_highest_light,26,45,62922.0,formation_8_highest_light_calibration.csv
formation_8_highest_light,26,50,69861.0,formation_8_highest_light_calibration.csv
formation_8_highest_light,26,55,76771.0,formation_8_highest_light_calibration.csv
formation_8_highest_light,26,60,83720.0,formation_8_highest_light_calibration.csv
formation_8_highest_light,26,65,90584.0,formation_8_highest_light_calibration.csv
formation_8_highest_light,26,70,97548.0,formation_8_highest_light_calibration.csv
formation_8_highest_light,26,75,104480.0,formation_8_highest_light_calibration.csv
formation_8_highest_light,26,80,111450.0,formation_8_highest_light_calibration.csv
formation_8_highest_light,26,85,118410.0,formation_8_highest_light_calibration.csv
formation_8_highest_light,26,90,125400.0,formation_8_highest_light_calibration.csv
formation_8_highest_light,26,95,132470.0,formation_8_highest_light_calibration.csv
formation_8_highest_light,26,100,139440.0,formation_8_highest_light_calibration.csv
formation_8_highest_light,27,10,13620.0,formation_8_highest_light_calibration.csv
formation_8_highest_light,27,15,21398.0,formation_8_highest_light_calibration.csv
formation_8_highest_light,27,20,28933.0,formation_8_highest_light_calibration.csv
formation_8_highest_light,27,25,36284.0,formation_8_highest_light_calibration.csv
formation_8_highest_light,27,30,43563.0,formation_8_highest_light_calibration.csv
formation_8_highest_light,27,35,50788.0,formation_8_highest_light_calibration.csv
formation_8_highest_light,27,40,58008.0,formation_8_highest_light_calibration.csv
formation_8_highest_light,27,45,65228.0,formation_8_highest_light_calibration.csv
formation_8_highest_light,27,50,72425.0,formation_8_highest_light_calibration.csv
formation_8_highest_light,27,55,79601.0,formation_8_highest_light_calibration.csv
formation_8_highest_light,27,60,86722.0,formation_8_highest_light_calibration.csv
formation_8_highest_light,27,65,93923.0,formation_8_highest_light_calibration.csv
formation_8_highest_light,27,70,101160.0,formation_8_highest_light_calibration.csv
formation_8_highest_light,27,75,108340.0,formation_8_highest_light_calibration.csv
formation_8_highest_light,27,80,115560.0,formation_8_highest_light_calibration.csv
formation_8_highest_light,27,85,122790.0,formation_8_highest_light_calibration.csv
formation_8_highest_light,27,90,130170.0,formation_8_highest_light_calibration.csv
formation_8_highest_light,27,95,137350.0,formation_8_highest_light_calibration.csv
formation_8_highest_light,27,100,144580.0,formation_8_highest_light_calibration.csv
formation_8_highest_light,28,10,13943.0,formation_8_highest_light_calibration.csv
formation_8_highest_light,28,15,21996.0,formation_8_highest_light_calibration.csv
formation_8_highest_light,28,20,29757.0,formation_8_highest_light_calibration.csv
formation_8_highest_light,28,25,37353.0,formation_8_highest_light_calibration.csv
formation_8_highest_light,28,30,44869.0,formation_8_highest_light_calibration.csv
formation_8_highest_light,28,35,52314.0,formation_8_highest_light_calibration.csv
formation_8_highest_light,28,40,59769.0,formation_8_highest_light_calibration.csv
formation_8_highest_light,28,45,67214.0,formation_8_highest_light_calibration.csv
formation_8_highest_light,28,50,74632.0,formation_8_highest_light_calibration.csv
formation_8_highest_light,28,55,82041.0,formation_8_highest_light_calibration.csv
formation_8_highest_light,28,60,89392.0,formation_8_highest_light_calibration.csv
formation_8_highest_light,28,65,96816.0,formation_8_highest_light_calibration.csv
formation_8_highest_light,28,70,104260.0,formation_8_highest_light_calibration.csv
formation_8_highest_light,28,75,111670.0,formation_8_highest_light_calibration.csv
formation_8_highest_light,28,80,119120.0,formation_8_highest_light_calibration.csv
formation_8_highest_light,28,85,126590.0,formation_8_highest_light_calibration.csv
formation_8_highest_light,28,90,134160.0,formation_8_highest_light_calibration.csv
formation_8_highest_light,28,95,141570.0,formation_8_highest_light_calibration.csv
formation_8_highest_light,28,100,149040.0,formation_8_highest_light_calibration.csv
formation_8_highest_light,29,10,14315.0,formation_8_highest_light_calibration.csv
formation_8_highest_light,29,15,22652.0,formation_8_highest_light_calibration.csv
formation_8_highest_light,29,20,30729.0,formation_8_highest_light_calibration.csv
formation_8_highest_light,29,25,38577.0,formation_8_highest_light_calibration.csv
formation_8_highest_light,29,30,46364.0,formation_8_highest_light_calibration.csv
formation_8_highest_light,29,35,54087.0,formation_8_highest_light_calibration.csv
formation_8_highest_light,29,40,61802.0,formation_8_highest_light_calibration.csv
formation_8_highest_light,29,45,69500.0,formation_8_highest_light_calibration.csv
formation_8_highest_light,29,50,77191.0,formation_8_highest_light_calibration.csv
formation_8_highest_light,29,55,84863.0,formation_8_highest_light_calibration.csv
formation_8_highest_light,29,60,92470.0,formation_8_highest_light_calibration.csv
formation_8_highest_light,29,65,100160.0,formation_8_highest_light_calibration.csv
formation_8_highest_light,29,70,107870.0,formation_8_highest_light_calibration.csv
formation_8_highest_light,29,75,115530.0,formation_8_highest_light_calibration.csv
formation_8_highest_light,29,80,123250.0,formation_8_highest_light_calibration.csv
formation_8_highest_light,29,85,131100.0,formation_8_highest_light_calibration.csv
formation_8_highest_light,29,90,138810.0,formation_8_highest_light_calibration.csv
formation_8_highest_light,29,95,146450.0,formation_8_highest_light_calibration.csv
formation_8_highest_light,29,100,154210.0,formation_8_highest_light_calibration.csv
formation_8_highest_light,30,10,14674.0,formation_8_highest_light_calibration.csv
formation_8_highest_light,30,15,23294.0,formation_8_highest_light_calibration.csv
formation_8_highest_light,30,20,31658.0,formation_8_highest_light_calibration.csv
formation_8_highest_light,30,25,39816.0,formation_8_highest_light_calibration.csv
formation_8_highest_light,30,30,47854.0,formation_8_highest_light_calibration.csv
formation_8_highest_light,30,35,55839.0,formation_8_highest_light_calibration.csv
formation_8_highest_light,30,40,63822.0,formation_8_highest_light_calibration.csv
formation_8_highest_light,30,45,71789.0,formation_8_highest_light_calibration.csv
formation_8_highest_light,30,50,79738.0,formation_8_highest_light_calibration.csv
formation_8_highest_light,30,55,87576.0,formation_8_highest_light_calibration.csv
formation_8_highest_light,30,60,95533.0,formation_8_highest_light_calibration.csv
formation_8_highest_light,30,65,103470.0,formation_8_highest_light_calibration.csv
formation_8_highest_light,30,70,111440.0,formation_8_highest_light_calibration.csv
formation_8_highest_light,30,75,119370.0,formation_8_highest_light_calibration.csv
formation_8_highest_light,30,80,127340.0,formation_8_highest_light_calibration.csv
formation_8_highest_light,30,85,135450.0,formation_8_highest_light_calibration.csv
formation_8_highest_light,30,90,143420.0,formation_8_highest_light_calibration.csv
formation_8_highest_light,30,95,151340.0,formation_8_highest_light_calibration.csv
formation_8_highest_light,30,100,159340.0,formation_8_highest_light_calibration.csv
formation_8_highest_light,31,10,15017.0,formation_8_highest_light_calibration.csv
formation_8_highest_light,31,15,23917.0,formation_8_highest_light_calibration.csv
formation_8_highest_light,31,20,32563.0,formation_8_highest_light_calibration.csv
formation_8_highest_light,31,25,41004.0,formation_8_highest_light_calibration.csv
formation_8_highest_light,31,30,49318.0,formation_8_highest_light_calibration.csv
formation_8_highest_light,31,35,57551.0,formation_8_highest_light_calibration.csv
formation_8_highest_light,31,40,65808.0,formation_8_highest_light_calibration.csv
formation_8_highest_light,31,45,74042.0,formation_8_highest_light_calibration.csv
formation_8_highest_light,31,50,82251.0,formation_8_highest_light_calibration.csv
formation_8_highest_light,31,55,90351.0,formation_8_highest_light_calibration.csv
formation_8_highest_light,31,60,98564.0,formation_8_highest_light_calibration.csv
formation_8_highest_light,31,65,106750.0,formation_8_highest_light_calibration.csv
formation_8_highest_light,31,70,114980.0,formation_8_highest_light_calibration.csv
formation_8_highest_light,31,75,123160.0,formation_8_highest_light_calibration.csv
formation_8_highest_light,31,80,131530.0,formation_8_highest_light_calibration.csv
formation_8_highest_light,31,85,139760.0,formation_8_highest_light_calibration.csv
formation_8_highest_light,31,90,147970.0,formation_8_highest_light_calibration.csv
formation_8_highest_light,31,95,156160.0,formation_8_highest_light_calibration.csv
formation_8_highest_light,31,100,164440.0,formation_8_highest_light_calibration.csv
formation_8_highest_light,32,10,15349.0,formation_8_highest_light_calibration.csv
formation_8_highest_light,32,15,24516.0,formation_8_highest_light_calibration.csv
formation_8_highest_light,32,20,33440.0,formation_8_highest_light_calibration.csv
formation_8_highest_light,32,25,42152.0,formation_8_highest_light_calibration.csv
formation_8_highest_light,32,30,50735.0,formation_8_highest_light_calibration.csv
formation_8_highest_light,32,35,59225.0,formation_8_highest_light_calibration.csv
formation_8_highest_light,32,40,67738.0,formation_8_highest_light_calibration.csv
formation_8_highest_light,32,45,76236.0,formation_8_highest_light_calibration.csv
formation_8_highest_light,32,50,84709.0,formation_8_highest_light_calibration.csv
formation_8_highest_light,32,55,93052.0,formation_8_highest_light_calibration.csv
formation_8_highest_light,32,60,101510.0,formation_8_highest_light_calibration.csv
formation_8_highest_light,32,65,109970.0,formation_8_highest_light_calibration.csv
formation_8_highest_light,32,70,118440.0,formation_8_highest_light_calibration.csv
formation_8_highest_light,32,75,126880.0,formation_8_highest_light_calibration.csv
formation_8_highest_light,32,80,135500.0,formation_8_highest_light_calibration.csv
formation_8_highest_light,32,85,143970.0,formation_8_highest_light_calibration.csv
formation_8_highest_light,32,90,152420.0,formation_8_highest_light_calibration.csv
formation_8_highest_light,32,95,160870.0,formation_8_highest_light_calibration.csv
formation_8_highest_light,32,100,169370.0,formation_8_highest_light_calibration.csv
formation_8_highest_light,33,10,15623.0,formation_8_highest_light_calibration.csv
formation_8_highest_light,33,15,25020.0,formation_8_highest_light_calibration.csv
formation_8_highest_light,33,20,34180.0,formation_8_highest_light_calibration.csv
formation_8_highest_light,33,25,43088.0,formation_8_highest_light_calibration.csv
formation_8_highest_light,33,30,51949.0,formation_8_highest_light_calibration.csv
formation_8_highest_light,33,35,60660.0,formation_8_highest_light_calibration.csv
formation_8_highest_light,33,40,69392.0,formation_8_highest_light_calibration.csv
formation_8_highest_light,33,45,78123.0,formation_8_highest_light_calibration.csv
formation_8_highest_light,33,50,86722.0,formation_8_highest_light_calibration.csv
formation_8_highest_light,33,55,95376.0,formation_8_highest_light_calibration.csv
formation_8_highest_light,33,60,104040.0,formation_8_highest_light_calibration.csv
formation_8_highest_light,33,65,112700.0,formation_8_highest_light_calibration.csv
formation_8_highest_light,33,70,121410.0,formation_8_highest_light_calibration.csv
formation_8_highest_light,33,75,130210.0,formation_8_highest_light_calibration.csv
formation_8_highest_light,33,80,138870.0,formation_8_highest_light_calibration.csv
formation_8_highest_light,33,85,147560.0,formation_8_highest_light_calibration.csv
formation_8_highest_light,33,90,156280.0,formation_8_highest_light_calibration.csv
formation_8_highest_light,33,95,164920.0,formation_8_highest_light_calibration.csv
formation_8_highest_light,33,100,173450.0,formation_8_highest_light_calibration.csv
formation_8_highest_light,34,10,15936.0,formation_8_highest_light_calibration.csv
formation_8_highest_light,34,15,25590.0,formation_8_highest_light_calibration.csv
formation_8_highest_light,34,20,34987.0,formation_8_highest_light_calibration.csv
formation_8_highest_light,34,25,44205.0,formation_8_highest_light_calibration.csv
formation_8_highest_light,34,30,53333.0,formation_8_highest_light_calibration.csv
formation_8_highest_light,34,35,62296.0,formation_8_highest_light_calibration.csv
formation_8_highest_light,34,40,71298.0,formation_8_highest_light_calibration.csv
formation_8_highest_light,34,45,80283.0,formation_8_highest_light_calibration.csv
formation_8_highest_light,34,50,89144.0,formation_8_highest_light_calibration.csv
formation_8_highest_light,34,55,98050.0,formation_8_highest_light_calibration.csv
formation_8_highest_light,34,60,106950.0,formation_8_highest_light_calibration.csv
formation_8_highest_light,34,65,115860.0,formation_8_highest_light_calibration.csv
formation_8_highest_light,34,70,124850.0,formation_8_highest_light_calibration.csv
formation_8_highest_light,34,75,133910.0,formation_8_highest_light_calibration.csv
formation_8_highest_light,34,80,142810.0,formation_8_highest_light_calibration.csv
formation_8_highest_light,34,85,151730.0,formation_8_highest_light_calibration.csv
formation_8_highest_light,34,90,160710.0,formation_8_highest_light_calibration.csv
formation_8_highest_light,34,95,169590.0,formation_8_highest_light_calibration.csv
formation_8_highest_light,34,100,178380.0,formation_8_highest_light_calibration.csv
formation_8_highest_light,35,10,16235.0,formation_8_highest_light_calibration.csv
formation_8_highest_light,35,15,26121.0,formation_8_highest_light_calibration.csv
formation_8_highest_light,35,20,35809.0,formation_8_highest_light_calibration.csv
formation_8_highest_light,35,25,45292.0,formation_8_highest_light_calibration.csv
formation_8_highest_light,35,30,54677.0,formation_8_highest_light_calibration.csv
formation_8_highest_light,35,35,63908.0,formation_8_highest_light_calibration.csv
formation_8_highest_light,35,40,73175.0,formation_8_highest_light_calibration.csv
formation_8_highest_light,35,45,82423.0,formation_8_highest_light_calibration.csv
formation_8_highest_light,35,50,91548.0,formation_8_highest_light_calibration.csv
formation_8_highest_light,35,55,100690.0,formation_8_highest_light_calibration.csv
formation_8_highest_light,35,60,109820.0,formation_8_highest_light_calibration.csv
formation_8_highest_light,35,65,119010.0,formation_8_highest_light_calibration.csv
formation_8_highest_light,35,70,128250.0,formation_8_highest_light_calibration.csv
formation_8_highest_light,35,75,137530.0,formation_8_highest_light_calibration.csv
formation_8_highest_light,35,80,146690.0,formation_8_highest_light_calibration.csv
formation_8_highest_light,35,85,155880.0,formation_8_highest_light_calibration.csv
formation_8_highest_light,35,90,165090.0,formation_8_highest_light_calibration.csv
formation_8_highest_light,35,95,174030.0,formation_8_highest_light_calibration.csv
formation_8_highest_light,35,100,183260.0,formation_8_highest_light_calibration.csv
formation_8_highest_light,36,10,16517.0,formation_8_highest_light_calibration.csv
formation_8_highest_light,36,15,26651.0,formation_8_highest_light_calibration.csv
formation_8_highest_light,36,20,36598.0,formation_8_highest_light_calibration.csv
formation_8_highest_light,36,25,46338.0,formation_8_highest_light_calibration.csv
formation_8_highest_light,36,30,55966.0,formation_8_highest_light_calibration.csv
formation_8_highest_light,36,35,65453.0,formation_8_highest_light_calibration.csv
formation_8_highest_light,36,40,74990.0,formation_8_highest_light_calibration.csv
formation_8_highest_light,36,45,84492.0,formation_8_highest_light_calibration.csv
formation_8_highest_light,36,50,93861.0,formation_8_highest_light_calibration.csv
formation_8_highest_light,36,55,103230.0,formation_8_highest_light_calibration.csv
formation_8_highest_light,36,60,112620.0,formation_8_highest_light_calibration.csv
formation_8_highest_light,36,65,122070.0,formation_8_highest_light_calibration.csv
formation_8_highest_light,36,70,131690.0,formation_8_highest_light_calibration.csv
formation_8_highest_light,36,75,141060.0,formation_8_highest_light_calibration.csv
formation_8_highest_light,36,80,150440.0,formation_8_highest_light_calibration.csv
formation_8_highest_light,36,85,159910.0,formation_8_highest_light_calibration.csv
formation_8_highest_light,36,90,169370.0,formation_8_highest_light_calibration.csv
formation_8_highest_light,36,95,178530.0,formation_8_highest_light_calibration.csv
formation_8_highest_light,36,100,188000.0,formation_8_highest_light_calibration.csv
formation_8_highest_light,37,10,16795.0,formation_8_highest_light_calibration.csv
formation_8_highest_light,37,15,27168.0,formation_8_highest_light_calibration.csv
formation_8_highest_light,37,20,37369.0,formation_8_highest_light_calibration.csv
formation_8_highest_light,37,25,47383.0,formation_8_highest_light_calibration.csv
formation_8_highest_light,37,30,57238.0,formation_8_highest_light_calibration.csv
formation_8_highest_light,37,35,66980.0,formation_8_highest_light_calibration.csv
formation_8_highest_light,37,40,76798.0,formation_8_highest_light_calibration.csv
formation_8_highest_light,37,45,86470.0,formation_8_highest_light_calibration.csv
formation_8_highest_light,37,50,96175.0,formation_8_highest_light_calibration.csv
formation_8_highest_light,37,55,105780.0,formation_8_highest_light_calibration.csv
formation_8_highest_light,37,60,115430.0,formation_8_highest_light_calibration.csv
formation_8_highest_light,37,65,125130.0,formation_8_highest_light_calibration.csv
formation_8_highest_light,37,70,135000.0,formation_8_highest_light_calibration.csv
formation_8_highest_light,37,75,144600.0,formation_8_highest_light_calibration.csv
formation_8_highest_light,37,80,154210.0,formation_8_highest_light_calibration.csv
formation_8_highest_light,37,85,163960.0,formation_8_highest_light_calibration.csv
formation_8_highest_light,37,90,173440.0,formation_8_highest_light_calibration.csv
formation_8_highest_light,37,95,183070.0,formation_8_highest_light_calibration.csv
formation_8_highest_light,37,100,192770.0,formation_8_highest_light_calibration.csv
formation_8_highest_light,38,10,17026.0,formation_8_highest_light_calibration.csv
formation_8_highest_light,38,15,27601.0,formation_8_highest_light_calibration.csv
formation_8_highest_light,38,20,38010.0,formation_8_highest_light_calibration.csv
formation_8_highest_light,38,25,48250.0,formation_8_highest_light_calibration.csv
formation_8_highest_light,38,30,58298.0,formation_8_highest_light_calibration.csv
formation_8_highest_light,38,35,68269.0,formation_8_highest_light_calibration.csv
formation_8_highest_light,38,40,78310.0,formation_8_highest_light_calibration.csv
formation_8_highest_light,38,45,88201.0,formation_8_highest_light_calibration.csv
formation_8_highest_light,38,50,98125.0,formation_8_highest_light_calibration.csv
formation_8_highest_light,38,55,107900.0,formation_8_highest_light_calibration.csv
formation_8_highest_light,38,60,117780.0,formation_8_highest_light_calibration.csv
formation_8_highest_light,38,65,127730.0,formation_8_highest_light_calibration.csv
formation_8_highest_light,38,70,137760.0,formation_8_highest_light_calibration.csv
formation_8_highest_light,38,75,147530.0,formation_8_highest_light_calibration.csv
formation_8_highest_light,38,80,157440.0,formation_8_highest_light_calibration.csv
formation_8_highest_light,38,85,167350.0,formation_8_highest_light_calibration.csv
formation_8_highest_light,38,90,177030.0,formation_8_highest_light_calibration.csv
formation_8_highest_light,38,95,186870.0,formation_8_highest_light_calibration.csv
formation_8_highest_light,38,100,196770.0,formation_8_highest_light_calibration.csv
formation_8_highest_light,39,10,17271.0,formation_8_highest_light_calibration.csv
formation_8_highest_light,39,15,28082.0,formation_8_highest_light_calibration.csv
formation_8_highest_light,39,20,38773.0,formation_8_highest_light_calibration.csv
formation_8_highest_light,39,25,49218.0,formation_8_highest_light_calibration.csv
formation_8_highest_light,39,30,59511.0,formation_8_highest_light_calibration.csv
formation_8_highest_light,39,35,69720.0,formation_8_highest_light_calibration.csv
formation_8_highest_light,39,40,80019.0,formation_8_highest_light_calibration.csv
formation_8_highest_light,39,45,90173.0,formation_8_highest_light_calibration.csv
formation_8_highest_light,39,50,100320.0,formation_8_highest_light_calibration.csv
formation_8_highest_light,39,55,110310.0,formation_8_highest_light_calibration.csv
formation_8_highest_light,39,60,120480.0,formation_8_highest_light_calibration.csv
formation_8_highest_light,39,65,130790.0,formation_8_highest_light_calibration.csv
formation_8_highest_light,39,70,140930.0,formation_8_highest_light_calibration.csv
formation_8_highest_light,39,75,150910.0,formation_8_highest_light_calibration.csv
formation_8_highest_light,39,80,161090.0,formation_8_highest_light_calibration.csv
formation_8_highest_light,39,85,171240.0,formation_8_highest_light_calibration.csv
formation_8_highest_light,39,90,181140.0,formation_8_highest_light_calibration.csv
formation_8_highest_light,39,95,191220.0,formation_8_highest_light_calibration.csv
formation_8_highest_light,39,100,201280.0,formation_8_highest_light_calibration.csv
formation_8_highest_light,40,10,17520.0,formation_8_highest_light_calibration.csv
formation_8_highest_light,40,15,28554.0,formation_8_highest_light_calibration.csv
formation_8_highest_light,40,20,39470.0,formation_8_highest_light_calibration.csv
formation_8_highest_light,40,25,50167.0,formation_8_highest_light_calibration.csv
formation_8_highest_light,40,30,60683.0,formation_8_highest_light_calibration.csv
formation_8_highest_light,40,35,71130.0,formation_8_highest_light_calibration.csv
formation_8_highest_light,40,40,81705.0,formation_8_highest_light_calibration.csv
formation_8_highest_light,40,45,92101.0,formation_8_highest_light_calibration.csv
formation_8_highest_light,40,50,102460.0,formation_8_highest_light_calibration.csv
formation_8_highest_light,40,55,112670.0,formation_8_highest_light_calibration.csv
formation_8_highest_light,40,60,123100.0,formation_8_highest_light_calibration.csv
formation_8_highest_light,40,65,133690.0,formation_8_highest_light_calibration.csv
formation_8_highest_light,40,70,144030.0,formation_8_highest_light_calibration.csv
formation_8_highest_light,40,75,154230.0,formation_8_highest_light_calibration.csv
formation_8_highest_light,40,80,164690.0,formation_8_highest_light_calibration.csv
formation_8_highest_light,40,85,174870.0,formation_8_highest_light_calibration.csv
formation_8_highest_light,40,90,185190.0,formation_8_highest_light_calibration.csv
formation_8_highest_light,40,95,195560.0,formation_8_highest_light_calibration.csv
formation_8_highest_light,40,100,205810.0,formation_8_highest_light_calibration.csv
formation_8_highest_light,41,10,17754.0,formation_8_highest_light_calibration.csv
formation_8_highest_light,41,15,28995.0,formation_8_highest_light_calibration.csv
formation_8_highest_light,41,20,40141.0,formation_8_highest_light_calibration.csv
formation_8_highest_light,41,25,51064.0,formation_8_highest_light_calibration.csv
formation_8_highest_light,41,30,61785.0,formation_8_highest_light_calibration.csv
formation_8_highest_light,41,35,72488.0,formation_8_highest_light_calibration.csv
formation_8_highest_light,41,40,83302.0,formation_8_highest_light_calibration.csv
formation_8_highest_light,41,45,93941.0,formation_8_highest_light_calibration.csv
formation_8_highest_light,41,50,104510.0,formation_8_highest_light_calibration.csv
formation_8_highest_light,41,55,114950.0,formation_8_highest_light_calibration.csv
formation_8_highest_light,41,60,125630.0,formation_8_highest_light_calibration.csv
formation_8_highest_light,41,65,136440.0,formation_8_highest_light_calibration.csv
formation_8_highest_light,41,70,146970.0,formation_8_highest_light_calibration.csv
formation_8_highest_light,41,75,157460.0,formation_8_highest_light_calibration.csv
formation_8_highest_light,41,80,168130.0,formation_8_highest_light_calibration.csv
formation_8_highest_light,41,85,178510.0,formation_8_highest_light_calibration.csv
formation_8_highest_light,41,90,189080.0,formation_8_highest_light_calibration.csv
formation_8_highest_light,41,95,199600.0,formation_8_highest_light_calibration.csv
formation_8_highest_light,41,100,210140.0,formation_8_highest_light_calibration.csv
formation_8_highest_light,42,10,17984.0,formation_8_highest_light_calibration.csv
formation_8_highest_light,42,15,29430.0,formation_8_highest_light_calibration.csv
formation_8_highest_light,42,20,40793.0,formation_8_highest_light_calibration.csv
formation_8_highest_light,42,25,51943.0,formation_8_highest_light_calibration.csv
formation_8_highest_light,42,30,62876.0,formation_8_highest_light_calibration.csv
formation_8_highest_light,42,35,73824.0,formation_8_highest_light_calibration.csv
formation_8_highest_light,42,40,84853.0,formation_8_highest_light_calibration.csv
formation_8_highest_light,42,45,95707.0,formation_8_highest_light_calibration.csv
formation_8_highest_light,42,50,106480.0,formation_8_highest_light_calibration.csv
formation_8_highest_light,42,55,117220.0,formation_8_highest_light_calibration.csv
formation_8_highest_light,42,60,128160.0,formation_8_highest_light_calibration.csv
formation_8_highest_light,42,65,139140.0,formation_8_highest_light_calibration.csv
formation_8_highest_light,42,70,149870.0,formation_8_highest_light_calibration.csv
formation_8_highest_light,42,75,160660.0,formation_8_highest_light_calibration.csv
formation_8_highest_light,42,80,171530.0,formation_8_highest_light_calibration.csv
formation_8_highest_light,42,85,182120.0,formation_8_highest_light_calibration.csv
formation_8_highest_light,42,90,192970.0,formation_8_highest_light_calibration.csv
formation_8_highest_light,42,95,203630.0,formation_8_highest_light_calibration.csv
formation_8_highest_light,42,100,214460.0,formation_8_highest_light_calibration.csv
formation_8_highest_light,43,10,18176.0,formation_8_highest_light_calibration.csv
formation_8_highest_light,43,15,29792.0,formation_8_highest_light_calibration.csv
formation_8_highest_light,43,20,41336.0,formation_8_highest_light_calibration.csv
formation_8_highest_light,43,25,52676.0,formation_8_highest_light_calibration.csv
formation_8_highest_light,43,30,63780.0,formation_8_highest_light_calibration.csv
formation_8_highest_light,43,35,74937.0,formation_8_highest_light_calibration.csv
formation_8_highest_light,43,40,86080.0,formation_8_highest_light_calibration.csv
formation_8_highest_light,43,45,97191.0,formation_8_highest_light_calibration.csv
formation_8_highest_light,43,50,108120.0,formation_8_highest_light_calibration.csv
formation_8_highest_light,43,55,119070.0,formation_8_highest_light_calibration.csv
formation_8_highest_light,43,60,130380.0,formation_8_highest_light_calibration.csv
formation_8_highest_light,43,65,141380.0,formation_8_highest_light_calibration.csv
formation_8_highest_light,43,70,152320.0,formation_8_highest_light_calibration.csv
formation_8_highest_light,43,75,163320.0,formation_8_highest_light_calibration.csv
formation_8_highest_light,43,80,174190.0,formation_8_highest_light_calibration.csv
formation_8_highest_light,43,85,185160.0,formation_8_highest_light_calibration.csv
formation_8_highest_light,43,90,196220.0,formation_8_highest_light_calibration.csv
formation_8_highest_light,43,95,207020.0,formation_8_highest_light_calibration.csv
formation_8_highest_light,43,100,218280.0,formation_8_highest_light_calibration.csv
formation_8_highest_light,44,10,18391.0,formation_8_highest_light_calibration.csv
formation_8_highest_light,44,15,30222.0,formation_8_highest_light_calibration.csv
formation_8_highest_light,44,20,41947.0,formation_8_highest_light_calibration.csv
formation_8_highest_light,44,25,53490.0,formation_8_highest_light_calibration.csv
formation_8_highest_light,44,30,64785.0,formation_8_highest_light_calibration.csv
formation_8_highest_light,44,35,76189.0,formation_8_highest_light_calibration.csv
formation_8_highest_light,44,40,87550.0,formation_8_highest_light_calibration.csv
formation_8_highest_light,44,45,98877.0,formation_8_highest_light_calibration.csv
formation_8_highest_light,44,50,109970.0,formation_8_highest_light_calibration.csv
formation_8_highest_light,44,55,121190.0,formation_8_highest_light_calibration.csv
formation_8_highest_light,44,60,132750.0,formation_8_highest_light_calibration.csv
formation_8_highest_light,44,65,143930.0,formation_8_highest_light_calibration.csv
formation_8_highest_light,44,70,155050.0,formation_8_highest_light_calibration.csv
formation_8_highest_light,44,75,166310.0,formation_8_highest_light_calibration.csv
formation_8_highest_light,44,80,177380.0,formation_8_highest_light_calibration.csv
formation_8_highest_light,44,85,188530.0,formation_8_highest_light_calibration.csv
formation_8_highest_light,44,90,199790.0,formation_8_highest_light_calibration.csv
formation_8_highest_light,44,95,210820.0,formation_8_highest_light_calibration.csv
formation_8_highest_light,44,100,222400.0,formation_8_highest_light_calibration.csv
formation_8_highest_light,45,10,18597.0,formation_8_highest_light_calibration.csv
formation_8_highest_light,45,15,30612.0,formation_8_highest_light_calibration.csv
formation_8_highest_light,45,20,42532.0,formation_8_highest_light_calibration.csv
formation_8_highest_light,45,25,54248.0,formation_8_highest_light_calibration.csv
formation_8_highest_light,45,30,65757.0,formation_8_highest_light_calibration.csv
formation_8_highest_light,45,35,77384.0,formation_8_highest_light_calibration.csv
formation_8_highest_light,45,40,88970.0,formation_8_highest_light_calibration.csv
formation_8_highest_light,45,45,100480.0,formation_8_highest_light_calibration.csv
formation_8_highest_light,45,50,111730.0,formation_8_highest_light_calibration.csv
formation_8_highest_light,45,55,123230.0,formation_8_highest_light_calibration.csv
formation_8_highest_light,45,60,135000.0,formation_8_highest_light_calibration.csv
formation_8_highest_light,45,65,146350.0,formation_8_highest_light_calibration.csv
formation_8_highest_light,45,70,157690.0,formation_8_highest_light_calibration.csv
formation_8_highest_light,45,75,169200.0,formation_8_highest_light_calibration.csv
formation_8_highest_light,45,80,180440.0,formation_8_highest_light_calibration.csv
formation_8_highest_light,45,85,191830.0,formation_8_highest_light_calibration.csv
formation_8_highest_light,45,90,203320.0,formation_8_highest_light_calibration.csv
formation_8_highest_light,45,95,214650.0,formation_8_highest_light_calibration.csv
formation_8_highest_light,45,100,226380.0,formation_8_highest_light_calibration.csv
formation_8_highest_light,46,10,18790.0,formation_8_highest_light_calibration.csv
formation_8_highest_light,46,15,30981.0,formation_8_highest_light_calibration.csv
formation_8_highest_light,46,20,43046.0,formation_8_highest_light_calibration.csv
formation_8_highest_light,46,25,54955.0,formation_8_highest_light_calibration.csv
formation_8_highest_light,46,30,66683.0,formation_8_highest_light_calibration.csv
formation_8_highest_light,46,35,78509.0,formation_8_highest_light_calibration.csv
formation_8_highest_light,46,40,90316.0,formation_8_highest_light_calibration.csv
formation_8_highest_light,46,45,102000.0,formation_8_highest_light_calibration.csv
formation_8_highest_light,46,50,113410.0,formation_8_highest_light_calibration.csv
formation_8_highest_light,46,55,125190.0,formation_8_highest_light_calibration.csv
formation_8_highest_light,46,60,137100.0,formation_8_highest_light_calibration.csv
formation_8_highest_light,46,65,148660.0,formation_8_highest_light_calibration.csv
formation_8_highest_light,46,70,160250.0,formation_8_highest_light_calibration.csv
formation_8_highest_light,46,75,171790.0,formation_8_highest_light_calibration.csv
formation_8_highest_light,46,80,183350.0,formation_8_highest_light_calibration.csv
formation_8_highest_light,46,85,194990.0,formation_8_highest_light_calibration.csv
formation_8_highest_light,46,90,206600.0,formation_8_highest_light_calibration.csv
formation_8_highest_light,46,95,218390.0,formation_8_highest_light_calibration.csv
formation_8_highest_light,46,100,230210.0,formation_8_highest_light_calibration.csv
formation_8_highest_light,47,10,18982.0,formation_8_highest_light_calibration.csv
formation_8_highest_light,47,15,31343.0,formation_8_highest_light_calibration.csv
formation_8_highest_light,47,20,43586.0,formation_8_highest_light_calibration.csv
formation_8_highest_light,47,25,55636.0,formation_8_highest_light_calibration.csv
formation_8_highest_light,47,30,67576.0,formation_8_highest_light_calibration.csv
formation_8_highest_light,47,35,79626.0,formation_8_highest_light_calibration.csv
formation_8_highest_light,47,40,91642.0,formation_8_highest_light_calibration.csv
formation_8_highest_light,47,45,103450.0,formation_8_highest_light_calibration.csv
formation_8_highest_light,47,50,115070.0,formation_8_highest_light_calibration.csv
formation_8_highest_light,47,55,127090.0,formation_8_highest_light_calibration.csv
formation_8_highest_light,47,60,139130.0,formation_8_highest_light_calibration.csv
formation_8_highest_light,47,65,150840.0,formation_8_highest_light_calibration.csv
formation_8_highest_light,47,70,162690.0,formation_8_highest_light_calibration.csv
formation_8_highest_light,47,75,174410.0,formation_8_highest_light_calibration.csv
formation_8_highest_light,47,80,186220.0,formation_8_highest_light_calibration.csv
formation_8_highest_light,47,85,198060.0,formation_8_highest_light_calibration.csv
formation_8_highest_light,47,90,209790.0,formation_8_highest_light_calibration.csv
formation_8_highest_light,47,95,221950.0,formation_8_highest_light_calibration.csv
formation_8_highest_light,47,100,233690.0,formation_8_highest_light_calibration.csv
formation_8_highest_light,48,10,19139.0,formation_8_highest_light_calibration.csv
formation_8_highest_light,48,15,31636.0,formation_8_highest_light_calibration.csv
formation_8_highest_light,48,20,44025.0,formation_8_highest_light_calibration.csv
formation_8_highest_light,48,25,56189.0,formation_8_highest_light_calibration.csv
formation_8_highest_light,48,30,68314.0,formation_8_highest_light_calibration.csv
formation_8_highest_light,48,35,80539.0,formation_8_highest_light_calibration.csv
formation_8_highest_light,48,40,92707.0,formation_8_highest_light_calibration.csv
formation_8_highest_light,48,45,104650.0,formation_8_highest_light_calibration.csv
formation_8_highest_light,48,50,116450.0,formation_8_highest_light_calibration.csv
formation_8_highest_light,48,55,128660.0,formation_8_highest_light_calibration.csv
formation_8_highest_light,48,60,140820.0,formation_8_highest_light_calibration.csv
formation_8_highest_light,48,65,152690.0,formation_8_highest_light_calibration.csv
formation_8_highest_light,48,70,164730.0,formation_8_highest_light_calibration.csv
formation_8_highest_light,48,75,176600.0,formation_8_highest_light_calibration.csv
formation_8_highest_light,48,80,188560.0,formation_8_highest_light_calibration.csv
formation_8_highest_light,48,85,200500.0,formation_8_highest_light_calibration.csv
formation_8_highest_light,48,90,212460.0,formation_8_highest_light_calibration.csv
formation_8_highest_light,48,95,224830.0,formation_8_highest_light_calibration.csv
formation_8_highest_light,48,100,236870.0,formation_8_highest_light_calibration.csv
formation_8_highest_light,49,10,19316.0,formation_8_highest_light_calibration.csv
formation_8_highest_light,49,15,31972.0,formation_8_highest_light_calibration.csv
formation_8_highest_light,49,20,44525.0,formation_8_highest_light_calibration.csv
formation_8_highest_light,49,25,56832.0,formation_8_highest_light_calibration.csv
formation_8_highest_light,49,30,69148.0,formation_8_highest_light_calibration.csv
formation_8_highest_light,49,35,81558.0,formation_8_highest_light_calibration.csv
formation_8_highest_light,49,40,93884.0,formation_8_highest_light_calibration.csv
formation_8_highest_light,49,45,105960.0,formation_8_highest_light_calibration.csv
formation_8_highest_light,49,50,117970.0,formation_8_highest_light_calibration.csv
formation_8_highest_light,49,55,130540.0,formation_8_highest_light_calibration.csv
formation_8_highest_light,49,60,142730.0,formation_8_highest_light_calibration.csv
formation_8_highest_light,49,65,154730.0,formation_8_highest_light_calibration.csv
formation_8_highest_light,49,70,167000.0,formation_8_highest_light_calibration.csv
formation_8_highest_light,49,75,179050.0,formation_8_highest_light_calibration.csv
formation_8_highest_light,49,80,191150.0,formation_8_highest_light_calibration.csv
formation_8_highest_light,49,85,203370.0,formation_8_highest_light_calibration.csv
formation_8_highest_light,49,90,215760.0,formation_8_highest_light_calibration.csv
formation_8_highest_light,49,95,228120.0,formation_8_highest_light_calibration.csv
formation_8_highest_light,49,100,240420.0,formation_8_highest_light_calibration.csv
formation_8_highest_light,50,10,19709.0,formation_8_highest_light_calibration.csv
formation_8_highest_light,50,15,32602.0,formation_8_highest_light_calibration.csv
formation_8_highest_light,50,20,45342.0,formation_8_highest_light_calibration.csv
formation_8_highest_light,50,25,57763.0,formation_8_highest_light_calibration.csv
formation_8_highest_light,50,30,70177.0,formation_8_highest_light_calibration.csv
formation_8_highest_light,50,35,82634.0,formation_8_highest_light_calibration.csv
formation_8_highest_light,50,40,94939.0,formation_8_highest_light_calibration.csv
formation_8_highest_light,50,45,107010.0,formation_8_highest_light_calibration.csv
formation_8_highest_light,50,50,119060.0,formation_8_highest_light_calibration.csv
formation_8_highest_light,50,55,131620.0,formation_8_highest_light_calibration.csv
formation_8_highest_light,50,60,143750.0,formation_8_highest_light_calibration.csv
formation_8_highest_light,50,65,155750.0,formation_8_highest_light_calibration.csv
formation_8_highest_light,50,70,167980.0,formation_8_highest_light_calibration.csv
formation_8_highest_light,50,75,179990.0,formation_8_highest_light_calibration.csv
formation_8_highest_light,50,80,192080.0,formation_8_highest_light_calibration.csv
formation_8_highest_light,50,85,204280.0,formation_8_highest_light_calibration.csv
formation_8_highest_light,50,90,216640.0,formation_8_highest_light_calibration.csv
formation_8_highest_light,50,95,228980.0,formation_8_highest_light_calibration.csv
formation_8_highest_light,50,100,241330.0,formation_8_highest_light_calibration.csv
headlight_all_leds,4,10,3706.0,headlight_all_leds_calibration.csv
headlight_all_leds,4,15,5586.8,headlight_all_leds_calibration.csv
headlight_all_leds,4,20,7450.3,headlight_all_leds_calibration.csv
headlight_all_leds,4,25,9283.4,headlight_all_leds_calibration.csv
headlight_all_leds,4,30,11129.0,headlight_all_leds_calibration.csv
headlight_all_leds,4,35,12976.0,headlight_all_leds_calibration.csv
headlight_all_leds,4,40,14820.0,headlight_all_leds_calibration.csv
headlight_all_leds,4,45,16665.0,headlight_all_leds_calibration.csv
headlight_all_leds,4,50,18486.0,headlight_all_leds_calibration.csv
headlight_all_leds,4,55,20322.0,headlight_all_leds_calibration.csv
headlight_all_leds,4,60,22187.0,headlight_all_leds_calibration.csv
headlight_all_leds,4,65,24028.0,headlight_all_leds_calibration.csv
headlight_all_leds,4,70,25849.0,headlight_all_leds_calibration.csv
headlight_all_leds,4,75,27683.0,headlight_all_leds_calibration.csv
headlight_all_leds,4,80,29523.0,headlight_all_leds_calibration.csv
headlight_all_leds,4,85,31393.0,headlight_all_leds_calibration.csv
headlight_all_leds,4,90,33233.0,headlight_all_leds_calibration.csv
headlight_all_leds,4,95,35032.0,headlight_all_leds_calibration.csv
headlight_all_leds,4,100,36870.0,headlight_all_leds_calibration.csv
headlight_all_leds,5,10,4629.7,headlight_all_leds_calibration.csv
headlight_all_leds,5,15,7022.7,headlight_all_leds_calibration.csv
headlight_all_leds,5,20,9373.5,headlight_all_leds_calibration.csv
headlight_all_leds,5,25,11717.0,headlight_all_leds_calibration.csv
headlight_all_leds,5,30,14066.0,headlight_all_leds_calibration.csv
headlight_all_leds,5,35,16390.0,headlight_all_leds_calibration.csv
headlight_all_leds,5,40,18704.0,headlight_all_leds_calibration.csv
headlight_all_leds,5,45,21033.0,headlight_all_leds_calibration.csv
headlight_all_leds,5,50,23383.0,headlight_all_leds_calibration.csv
headlight_all_leds,5,55,25710.0,headlight_all_leds_calibration.csv
headlight_all_leds,5,60,28019.0,headlight_all_leds_calibration.csv
headlight_all_leds,5,65,30377.0,headlight_all_leds_calibration.csv
headlight_all_leds,5,70,32706.0,headlight_all_leds_calibration.csv
headlight_all_leds,5,75,34995.0,headlight_all_leds_calibration.csv
headlight_all_leds,5,80,37321.0,headlight_all_leds_calibration.csv
headlight_all_leds,5,85,39686.0,headlight_all_leds_calibration.csv
headlight_all_leds,5,90,42010.0,headlight_all_leds_calibration.csv
headlight_all_leds,5,95,44312.0,headlight_all_leds_calibration.csv
headlight_all_leds,5,100,46639.0,headlight_all_leds_calibration.csv
headlight_all_leds,6,10,5572.7,headlight_all_leds_calibration.csv
headlight_all_leds,6,15,8468.7,headlight_all_leds_calibration.csv
headlight_all_leds,6,20,11320.0,headlight_all_leds_calibration.csv
headlight_all_leds,6,25,14169.0,headlight_all_leds_calibration.csv
headlight_all_leds,6,30,17000.0,headlight_all_leds_calibration.csv
headlight_all_leds,6,35,19794.0,headlight_all_leds_calibration.csv
headlight_all_leds,6,40,22633.0,headlight_all_leds_calibration.csv
headlight_all_leds,6,45,25457.0,headlight_all_leds_calibration.csv
headlight_all_leds,6,50,28252.0,headlight_all_leds_calibration.csv
headlight_all_leds,6,55,31083.0,headlight_all_leds_calibration.csv
headlight_all_leds,6,60,33907.0,headlight_all_leds_calibration.csv
headlight_all_leds,6,65,36696.0,headlight_all_leds_calibration.csv
headlight_all_leds,6,70,39542.0,headlight_all_leds_calibration.csv
headlight_all_leds,6,75,42350.0,headlight_all_leds_calibration.csv
headlight_all_leds,6,80,45145.0,headlight_all_leds_calibration.csv
headlight_all_leds,6,85,47961.0,headlight_all_leds_calibration.csv
headlight_all_leds,6,90,50779.0,headlight_all_leds_calibration.csv
headlight_all_leds,6,95,53579.0,headlight_all_leds_calibration.csv
headlight_all_leds,6,100,56392.0,headlight_all_leds_calibration.csv
headlight_all_leds,7,10,6526.7,headlight_all_leds_calibration.csv
headlight_all_leds,7,15,9914.3,headlight_all_leds_calibration.csv
headlight_all_leds,7,20,13281.0,headlight_all_leds_calibration.csv
headlight_all_leds,7,25,16611.0,headlight_all_leds_calibration.csv
headlight_all_leds,7,30,19919.0,headlight_all_leds_calibration.csv
headlight_all_leds,7,35,23235.0,headlight_all_leds_calibration.csv
headlight_all_leds,7,40,26531.0,headlight_all_leds_calibration.csv
headlight_all_leds,7,45,29841.0,headlight_all_leds_calibration.csv
headlight_all_leds,7,50,33170.0,headlight_all_leds_calibration.csv
headlight_all_leds,7,55,36431.0,headlight_all_leds_calibration.csv
headlight_all_leds,7,60,39774.0,headlight_all_leds_calibration.csv
headlight_all_leds,7,65,43040.0,headlight_all_leds_calibration.csv
headlight_all_leds,7,70,46369.0,headlight_all_leds_calibration.csv
headlight_all_leds,7,75,49651.0,headlight_all_leds_calibration.csv
headlight_all_leds,7,80,52949.0,headlight_all_leds_calibration.csv
headlight_all_leds,7,85,56255.0,headlight_all_leds_calibration.csv
headlight_all_leds,7,90,59553.0,headlight_all_leds_calibration.csv
headlight_all_leds,7,95,62836.0,headlight_all_leds_calibration.csv
headlight_all_leds,7,100,66142.0,headlight_all_leds_calibration.csv
headlight_all_leds,8,10,7514.5,headlight_all_leds_calibration.csv
headlight_all_leds,8,15,11421.0,headlight_all_leds_calibration.csv
headlight_all_leds,8,20,15301.0,headlight_all_leds_calibration.csv
headlight_all_leds,8,25,19125.0,headlight_all_leds_calibration.csv
headlight_all_leds,8,30,22974.0,headlight_all_leds_calibration.csv
headlight_all_leds,8,35,26762.0,headlight_all_leds_calibration.csv
headlight_all_leds,8,40,30616.0,headlight_all_leds_calibration.csv
headlight_all_leds,8,45,34399.0,headlight_all_leds_calibration.csv
headlight_all_leds,8,50,38205.0,headlight_all_leds_calibration.csv
headlight_all_leds,8,55,42038.0,headlight_all_leds_calibration.csv
headlight_all_leds,8,60,45832.0,headlight_all_leds_calibration.csv
headlight_all_leds,8,65,49646.0,headlight_all_leds_calibration.csv
headlight_all_leds,8,70,53454.0,headlight_all_leds_calibration.csv
headlight_all_leds,8,75,57240.0,headlight_all_leds_calibration.csv
headlight_all_leds,8,80,61041.0,headlight_all_leds_calibration.csv
headlight_all_leds,8,85,64851.0,headlight_all_leds_calibration.csv
headlight_all_leds,8,90,68648.0,headlight_all_leds_calibration.csv
headlight_all_leds,8,95,72437.0,headlight_all_leds_calibration.csv
headlight_all_leds,8,100,76238.0,headlight_all_leds_calibration.csv
headlight_all_leds,9,10,8458.7,headlight_all_leds_calibration.csv
headlight_all_leds,9,15,12865.0,headlight_all_leds_calibration.csv
headlight_all_leds,9,20,17223.0,headlight_all_leds_calibration.csv
headlight_all_leds,9,25,21566.0,headlight_all_leds_calibration.csv
headlight_all_leds,9,30,25862.0,headlight_all_leds_calibration.csv
headlight_all_leds,9,35,30187.0,headlight_all_leds_calibration.csv
headlight_all_leds,9,40,34460.0,headlight_all_leds_calibration.csv
headlight_all_leds,9,45,38794.0,headlight_all_leds_calibration.csv
headlight_all_leds,9,50,43048.0,headlight_all_leds_calibration.csv
headlight_all_leds,9,55,47350.0,headlight_all_leds_calibration.csv
headlight_all_leds,9,60,51656.0,headlight_all_leds_calibration.csv
headlight_all_leds,9,65,55948.0,headlight_all_leds_calibration.csv
headlight_all_leds,9,70,60241.0,headlight_all_leds_calibration.csv
headlight_all_leds,9,75,64507.0,headlight_all_leds_calibration.csv
headlight_all_leds,9,80,68794.0,headlight_all_leds_calibration.csv
headlight_all_leds,9,85,73076.0,headlight_all_leds_calibration.csv
headlight_all_leds,9,90,77365.0,headlight_all_leds_calibration.csv
headlight_all_leds,9,95,81628.0,headlight_all_leds_calibration.csv
headlight_all_leds,9,100,85841.0,headlight_all_leds_calibration.csv
headlight_all_leds,10,10,9387.2,headlight_all_leds_calibration.csv
headlight_all_leds,10,15,14324.0,headlight_all_leds_calibration.csv
headlight_all_leds,10,20,19158.0,headlight_all_leds_calibration.csv
headlight_all_leds,10,25,23988.0,headlight_all_leds_calibration.csv
headlight_all_leds,10,30,28776.0,headlight_all_leds_calibration.csv
headlight_all_leds,10,35,33573.0,headlight_all_leds_calibration.csv
headlight_all_leds,10,40,38335.0,headlight_all_leds_calibration.csv
headlight_all_leds,10,45,43119.0,headlight_all_leds_calibration.csv
headlight_all_leds,10,50,47915.0,headlight_all_leds_calibration.csv
headlight_all_leds,10,55,52681.0,headlight_all_leds_calibration.csv
headlight_all_leds,10,60,57467.0,headlight_all_leds_calibration.csv
headlight_all_leds,10,65,62240.0,headlight_all_leds_calibration.csv
headlight_all_leds,10,70,67017.0,headlight_all_leds_calibration.csv
headlight_all_leds,10,75,71757.0,headlight_all_leds_calibration.csv
headlight_all_leds,10,80,76529.0,headlight_all_leds_calibration.csv
headlight_all_leds,10,85,81302.0,headlight_all_leds_calibration.csv
headlight_all_leds,10,90,85988.0,headlight_all_leds_calibration.csv
headlight_all_leds,10,95,90736.0,headlight_all_leds_calibration.csv
headlight_all_leds,10,100,95500.0,headlight_all_leds_calibration.csv
headlight_all_leds,11,10,10308.0,headlight_all_leds_calibration.csv
headlight_all_leds,11,15,15754.0,headlight_all_leds_calibration.csv
headlight_all_leds,11,20,21075.0,headlight_all_leds_calibration.csv
headlight_all_leds,11,25,26372.0,headlight_all_leds_calibration.csv
headlight_all_leds,11,30,31682.0,headlight_all_leds_calibration.csv
headlight_all_leds,11,35,36900.0,headlight_all_leds_calibration.csv
headlight_all_leds,11,40,42207.0,headlight_all_leds_calibration.csv
headlight_all_leds,11,45,47455.0,headlight_all_leds_calibration.csv
headlight_all_leds,11,50,52718.0,headlight_all_leds_calibration.csv
headlight_all_leds,11,55,57957.0,headlight_all_leds_calibration.csv
headlight_all_leds,11,60,63212.0,headlight_all_leds_calibration.csv
headlight_all_leds,11,65,68470.0,headlight_all_leds_calibration.csv
headlight_all_leds,11,70,73718.0,headlight_all_leds_calibration.csv
headlight_all_leds,11,75,78941.0,headlight_all_leds_calibration.csv
headlight_all_leds,11,80,84179.0,headlight_all_leds_calibration.csv
headlight_all_leds,11,85,89347.0,headlight_all_leds_calibration.csv
headlight_all_leds,11,90,94595.0,headlight_all_leds_calibration.csv
headlight_all_leds,11,95,99814.0,headlight_all_leds_calibration.csv
headlight_all_leds,11,100,105040.0,headlight_all_leds_calibration.csv
headlight_all_leds,12,10,11219.0,headlight_all_leds_calibration.csv
headlight_all_leds,12,15,17175.0,headlight_all_leds_calibration.csv
headlight_all_leds,12,20,23008.0,headlight_all_leds_calibration.csv
headlight_all_leds,12,25,28762.0,headlight_all_leds_calibration.csv
headlight_all_leds,12,30,34523.0,headlight_all_leds_calibration.csv
headlight_all_leds,12,35,40282.0,headlight_all_leds_calibration.csv
headlight_all_leds,12,40,46008.0,headlight_all_leds_calibration.csv
headlight_all_leds,12,45,51759.0,headlight_all_leds_calibration.csv
headlight_all_leds,12,50,57493.0,headlight_all_leds_calibration.csv
headlight_all_leds,12,55,63201.0,headlight_all_leds_calibration.csv
headlight_all_leds,12,60,68939.0,headlight_all_leds_calibration.csv
headlight_all_leds,12,65,74667.0,headlight_all_leds_calibration.csv
headlight_all_leds,12,70,80392.0,headlight_all_leds_calibration.csv
headlight_all_leds,12,75,86001.0,headlight_all_leds_calibration.csv
headlight_all_leds,12,80,91709.0,headlight_all_leds_calibration.csv
headlight_all_leds,12,85,97439.0,headlight_all_leds_calibration.csv
headlight_all_leds,12,90,103150.0,headlight_all_leds_calibration.csv
headlight_all_leds,12,95,108840.0,headlight_all_leds_calibration.csv
headlight_all_leds,12,100,114540.0,headlight_all_leds_calibration.csv
headlight_all_leds,13,10,12059.0,headlight_all_leds_calibration.csv
headlight_all_leds,13,15,18326.0,headlight_all_leds_calibration.csv
headlight_all_leds,13,20,24484.0,headlight_all_leds_calibration.csv
headlight_all_leds,13,25,30564.0,headlight_all_leds_calibration.csv
headlight_all_leds,13,30,36604.0,headlight_all_leds_calibration.csv
headlight_all_leds,13,35,42670.0,headlight_all_leds_calibration.csv
headlight_all_leds,13,40,48722.0,headlight_all_leds_calibration.csv
headlight_all_leds,13,45,54787.0,headlight_all_leds_calibration.csv
headlight_all_leds,13,50,60828.0,headlight_all_leds_calibration.csv
headlight_all_leds,13,55,66861.0,headlight_all_leds_calibration.csv
headlight_all_leds,13,60,72914.0,headlight_all_leds_calibration.csv
headlight_all_leds,13,65,78964.0,headlight_all_leds_calibration.csv
headlight_all_leds,13,70,85009.0,headlight_all_leds_calibration.csv
headlight_all_leds,13,75,90927.0,headlight_all_leds_calibration.csv
headlight_all_leds,13,80,96970.0,headlight_all_leds_calibration.csv
headlight_all_leds,13,85,103010.0,headlight_all_leds_calibration.csv
headlight_all_leds,13,90,109040.0,headlight_all_leds_calibration.csv
headlight_all_leds,13,95,115040.0,headlight_all_leds_calibration.csv
headlight_all_leds,13,100,121090.0,headlight_all_leds_calibration.csv
headlight_all_leds,14,10,12883.0,headlight_all_leds_calibration.csv
headlight_all_leds,14,15,19633.0,headlight_all_leds_calibration.csv
headlight_all_leds,14,20,26227.0,headlight_all_leds_calibration.csv
headlight_all_leds,14,25,32789.0,headlight_all_leds_calibration.csv
headlight_all_leds,14,30,39300.0,headlight_all_leds_calibration.csv
headlight_all_leds,14,35,45765.0,headlight_all_leds_calibration.csv
headlight_all_leds,14,40,52285.0,headlight_all_leds_calibration.csv
headlight_all_leds,14,45,58781.0,headlight_all_leds_calibration.csv
headlight_all_leds,14,50,65271.0,headlight_all_leds_calibration.csv
headlight_all_leds,14,55,71744.0,headlight_all_leds_calibration.csv
headlight_all_leds,14,60,78238.0,headlight_all_leds_calibration.csv
headlight_all_leds,14,65,84738.0,headlight_all_leds_calibration.csv
headlight_all_leds,14,70,91128.0,headlight_all_leds_calibration.csv
headlight_all_leds,14,75,97580.0,headlight_all_leds_calibration.csv
headlight_all_leds,14,80,104050.0,headlight_all_leds_calibration.csv
headlight_all_leds,14,85,110540.0,headlight_all_leds_calibration.csv
headlight_all_leds,14,90,117010.0,headlight_all_leds_calibration.csv
headlight_all_leds,14,95,123470.0,headlight_all_leds_calibration.csv
headlight_all_leds,14,100,130070.0,headlight_all_leds_calibration.csv
headlight_all_leds,15,10,13780.0,headlight_all_leds_calibration.csv
headlight_all_leds,15,15,21042.0,headlight_all_leds_calibration.csv
headlight_all_leds,15,20,28144.0,headlight_all_leds_calibration.csv
headlight_all_leds,15,25,35154.0,headlight_all_leds_calibration.csv
headlight_all_leds,15,30,42188.0,headlight_all_leds_calibration.csv
headlight_all_leds,15,35,49139.0,headlight_all_leds_calibration.csv
headlight_all_leds,15,40,56125.0,headlight_all_leds_calibration.csv
headlight_all_leds,15,45,63107.0,headlight_all_leds_calibration.csv
headlight_all_leds,15,50,70076.0,headlight_all_leds_calibration.csv
headlight_all_leds,15,55,77017.0,headlight_all_leds_calibration.csv
headlight_all_leds,15,60,84001.0,headlight_all_leds_calibration.csv
headlight_all_leds,15,65,90878.0,headlight_all_leds_calibration.csv
headlight_all_leds,15,70,97834.0,headlight_all_leds_calibration.csv
headlight_all_leds,15,75,104760.0,headlight_all_leds_calibration.csv
headlight_all_leds,15,80,111720.0,headlight_all_leds_calibration.csv
headlight_all_leds,15,85,118660.0,headlight_all_leds_calibration.csv
headlight_all_leds,15,90,125630.0,headlight_all_leds_calibration.csv
headlight_all_leds,15,95,132690.0,headlight_all_leds_calibration.csv
headlight_all_leds,15,100,139640.0,headlight_all_leds_calibration.csv
headlight_all_leds,16,10,14643.0,headlight_all_leds_calibration.csv
headlight_all_leds,16,15,22449.0,headlight_all_leds_calibration.csv
headlight_all_leds,16,20,30026.0,headlight_all_leds_calibration.csv
headlight_all_leds,16,25,37524.0,headlight_all_leds_calibration.csv
headlight_all_leds,16,30,45024.0,headlight_all_leds_calibration.csv
headlight_all_leds,16,35,52459.0,headlight_all_leds_calibration.csv
headlight_all_leds,16,40,59926.0,headlight_all_leds_calibration.csv
headlight_all_leds,16,45,67378.0,headlight_all_leds_calibration.csv
headlight_all_leds,16,50,74814.0,headlight_all_leds_calibration.csv
headlight_all_leds,16,55,82238.0,headlight_all_leds_calibration.csv
headlight_all_leds,16,60,89597.0,headlight_all_leds_calibration.csv
headlight_all_leds,16,65,97033.0,headlight_all_leds_calibration.csv
headlight_all_leds,16,70,104470.0,headlight_all_leds_calibration.csv
headlight_all_leds,16,75,111850.0,headlight_all_leds_calibration.csv
headlight_all_leds,16,80,119280.0,headlight_all_leds_calibration.csv
headlight_all_leds,16,85,126720.0,headlight_all_leds_calibration.csv
headlight_all_leds,16,90,134280.0,headlight_all_leds_calibration.csv
headlight_all_leds,16,95,141670.0,headlight_all_leds_calibration.csv
headlight_all_leds,16,100,149100.0,headlight_all_leds_calibration.csv
headlight_all_leds,17,10,15430.0,headlight_all_leds_calibration.csv
headlight_all_leds,17,15,23723.0,headlight_all_leds_calibration.csv
headlight_all_leds,17,20,31794.0,headlight_all_leds_calibration.csv
headlight_all_leds,17,25,39751.0,headlight_all_leds_calibration.csv
headlight_all_leds,17,30,47656.0,headlight_all_leds_calibration.csv
headlight_all_leds,17,35,55542.0,headlight_all_leds_calibration.csv
headlight_all_leds,17,40,63446.0,headlight_all_leds_calibration.csv
headlight_all_leds,17,45,71333.0,headlight_all_leds_calibration.csv
headlight_all_leds,17,50,79216.0,headlight_all_leds_calibration.csv
headlight_all_leds,17,55,86986.0,headlight_all_leds_calibration.csv
headlight_all_leds,17,60,94861.0,headlight_all_leds_calibration.csv
headlight_all_leds,17,65,102730.0,headlight_all_leds_calibration.csv
headlight_all_leds,17,70,110600.0,headlight_all_leds_calibration.csv
headlight_all_leds,17,75,118430.0,headlight_all_leds_calibration.csv
headlight_all_leds,17,80,126290.0,headlight_all_leds_calibration.csv
headlight_all_leds,17,85,134310.0,headlight_all_leds_calibration.csv
headlight_all_leds,17,90,142190.0,headlight_all_leds_calibration.csv
headlight_all_leds,17,95,150030.0,headlight_all_leds_calibration.csv
headlight_all_leds,17,100,157890.0,headlight_all_leds_calibration.csv
headlight_all_leds,18,10,16258.0,headlight_all_leds_calibration.csv
headlight_all_leds,18,15,25073.0,headlight_all_leds_calibration.csv
headlight_all_leds,18,20,33643.0,headlight_all_leds_calibration.csv
headlight_all_leds,18,25,42079.0,headlight_all_leds_calibration.csv
headlight_all_leds,18,30,50468.0,headlight_all_leds_calibration.csv
headlight_all_leds,18,35,58816.0,headlight_all_leds_calibration.csv
headlight_all_leds,18,40,67177.0,headlight_all_leds_calibration.csv
headlight_all_leds,18,45,75544.0,headlight_all_leds_calibration.csv
headlight_all_leds,18,50,83888.0,headlight_all_leds_calibration.csv
headlight_all_leds,18,55,92111.0,headlight_all_leds_calibration.csv
headlight_all_leds,18,60,100450.0,headlight_all_leds_calibration.csv
headlight_all_leds,18,65,108790.0,headlight_all_leds_calibration.csv
headlight_all_leds,18,70,117130.0,headlight_all_leds_calibration.csv
headlight_all_leds,18,75,125420.0,headlight_all_leds_calibration.csv
headlight_all_leds,18,80,133880.0,headlight_all_leds_calibration.csv
headlight_all_leds,18,85,142240.0,headlight_all_leds_calibration.csv
headlight_all_leds,18,90,150580.0,headlight_all_leds_calibration.csv
headlight_all_leds,18,95,158880.0,headlight_all_leds_calibration.csv
headlight_all_leds,18,100,167210.0,headlight_all_leds_calibration.csv
headlight_all_leds,19,10,17017.0,headlight_all_leds_calibration.csv
headlight_all_leds,19,15,26297.0,headlight_all_leds_calibration.csv
headlight_all_leds,19,20,35323.0,headlight_all_leds_calibration.csv
headlight_all_leds,19,25,44201.0,headlight_all_leds_calibration.csv
headlight_all_leds,19,30,53083.0,headlight_all_leds_calibration.csv
headlight_all_leds,19,35,61853.0,headlight_all_leds_calibration.csv
headlight_all_leds,19,40,70664.0,headlight_all_leds_calibration.csv
headlight_all_leds,19,45,79458.0,headlight_all_leds_calibration.csv
headlight_all_leds,19,50,88138.0,headlight_all_leds_calibration.csv
headlight_all_leds,19,55,96886.0,headlight_all_leds_calibration.csv
headlight_all_leds,19,60,105660.0,headlight_all_leds_calibration.csv
headlight_all_leds,19,65,114430.0,headlight_all_leds_calibration.csv
headlight_all_leds,19,70,123200.0,headlight_all_leds_calibration.csv
headlight_all_leds,19,75,132060.0,headlight_all_leds_calibration.csv
headlight_all_leds,19,80,140820.0,headlight_all_leds_calibration.csv
headlight_all_leds,19,85,149620.0,headlight_all_leds_calibration.csv
headlight_all_leds,19,90,158410.0,headlight_all_leds_calibration.csv
headlight_all_leds,19,95,167110.0,headlight_all_leds_calibration.csv
headlight_all_leds,19,100,175720.0,headlight_all_leds_calibration.csv
headlight_all_leds,20,10,17798.0,headlight_all_leds_calibration.csv
headlight_all_leds,20,15,27620.0,headlight_all_leds_calibration.csv
headlight_all_leds,20,20,37141.0,headlight_all_leds_calibration.csv
headlight_all_leds,20,25,46535.0,headlight_all_leds_calibration.csv
headlight_all_leds,20,30,55865.0,headlight_all_leds_calibration.csv
headlight_all_leds,20,35,65107.0,headlight_all_leds_calibration.csv
headlight_all_leds,20,40,74384.0,headlight_all_leds_calibration.csv
headlight_all_leds,20,45,83642.0,headlight_all_leds_calibration.csv
headlight_all_leds,20,50,92789.0,headlight_all_leds_calibration.csv
headlight_all_leds,20,55,101980.0,headlight_all_leds_calibration.csv
headlight_all_leds,20,60,111230.0,headlight_all_leds_calibration.csv
headlight_all_leds,20,65,120470.0,headlight_all_leds_calibration.csv
headlight_all_leds,20,70,129820.0,headlight_all_leds_calibration.csv
headlight_all_leds,20,75,139020.0,headlight_all_leds_calibration.csv
headlight_all_leds,20,80,148250.0,headlight_all_leds_calibration.csv
headlight_all_leds,20,85,157510.0,headlight_all_leds_calibration.csv
headlight_all_leds,20,90,166750.0,headlight_all_leds_calibration.csv
headlight_all_leds,20,95,175760.0,headlight_all_leds_calibration.csv
headlight_all_leds,20,100,184970.0,headlight_all_leds_calibration.csv
headlight_all_leds,21,10,18571.0,headlight_all_leds_calibration.csv
headlight_all_leds,21,15,28902.0,headlight_all_leds_calibration.csv
headlight_all_leds,21,20,38961.0,headlight_all_leds_calibration.csv
headlight_all_leds,21,25,48794.0,headlight_all_leds_calibration.csv
headlight_all_leds,21,30,58592.0,headlight_all_leds_calibration.csv
headlight_all_leds,21,35,68300.0,headlight_all_leds_calibration.csv
headlight_all_leds,21,40,78029.0,headlight_all_leds_calibration.csv
headlight_all_leds,21,45,87660.0,headlight_all_leds_calibration.csv
headlight_all_leds,21,50,97345.0,headlight_all_leds_calibration.csv
headlight_all_leds,21,55,106980.0,headlight_all_leds_calibration.csv
headlight_all_leds,21,60,116700.0,headlight_all_leds_calibration.csv
headlight_all_leds,21,65,126400.0,headlight_all_leds_calibration.csv
headlight_all_leds,21,70,136220.0,headlight_all_leds_calibration.csv
headlight_all_leds,21,75,145870.0,headlight_all_leds_calibration.csv
headlight_all_leds,21,80,155570.0,headlight_all_leds_calibration.csv
headlight_all_leds,21,85,165260.0,headlight_all_leds_calibration.csv
headlight_all_leds,21,90,174790.0,headlight_all_leds_calibration.csv
headlight_all_leds,21,95,184410.0,headlight_all_leds_calibration.csv
headlight_all_leds,21,100,194080.0,headlight_all_leds_calibration.csv
headlight_all_leds,22,10,19281.0,headlight_all_leds_calibration.csv
headlight_all_leds,22,15,30125.0,headlight_all_leds_calibration.csv
headlight_all_leds,22,20,40616.0,headlight_all_leds_calibration.csv
headlight_all_leds,22,25,50902.0,headlight_all_leds_calibration.csv
headlight_all_leds,22,30,61142.0,headlight_all_leds_calibration.csv
headlight_all_leds,22,35,71269.0,headlight_all_leds_calibration.csv
headlight_all_leds,22,40,81437.0,headlight_all_leds_calibration.csv
headlight_all_leds,22,45,91501.0,headlight_all_leds_calibration.csv
headlight_all_leds,22,50,101580.0,headlight_all_leds_calibration.csv
headlight_all_leds,22,55,111670.0,headlight_all_leds_calibration.csv
headlight_all_leds,22,60,121810.0,headlight_all_leds_calibration.csv
headlight_all_leds,22,65,132060.0,headlight_all_leds_calibration.csv
headlight_all_leds,22,70,142190.0,headlight_all_leds_calibration.csv
headlight_all_leds,22,75,152260.0,headlight_all_leds_calibration.csv
headlight_all_leds,22,80,162380.0,headlight_all_leds_calibration.csv
headlight_all_leds,22,85,172350.0,headlight_all_leds_calibration.csv
headlight_all_leds,22,90,182470.0,headlight_all_leds_calibration.csv
headlight_all_leds,22,95,192500.0,headlight_all_leds_calibration.csv
headlight_all_leds,22,100,202600.0,headlight_all_leds_calibration.csv
headlight_all_leds,23,10,20020.0,headlight_all_leds_calibration.csv
headlight_all_leds,23,15,31375.0,headlight_all_leds_calibration.csv
headlight_all_leds,23,20,42357.0,headlight_all_leds_calibration.csv
headlight_all_leds,23,25,53136.0,headlight_all_leds_calibration.csv
headlight_all_leds,23,30,63824.0,headlight_all_leds_calibration.csv
headlight_all_leds,23,35,74423.0,headlight_all_leds_calibration.csv
headlight_all_leds,23,40,85052.0,headlight_all_leds_calibration.csv
headlight_all_leds,23,45,95548.0,headlight_all_leds_calibration.csv
headlight_all_leds,23,50,106100.0,headlight_all_leds_calibration.csv
headlight_all_leds,23,55,116630.0,headlight_all_leds_calibration.csv
headlight_all_leds,23,60,127220.0,headlight_all_leds_calibration.csv
headlight_all_leds,23,65,137940.0,headlight_all_leds_calibration.csv
headlight_all_leds,23,70,148520.0,headlight_all_leds_calibration.csv
headlight_all_leds,23,75,159040.0,headlight_all_leds_calibration.csv
headlight_all_leds,23,80,169600.0,headlight_all_leds_calibration.csv
headlight_all_leds,23,85,180020.0,headlight_all_leds_calibration.csv
headlight_all_leds,23,90,190570.0,headlight_all_leds_calibration.csv
headlight_all_leds,23,95,201070.0,headlight_all_leds_calibration.csv
headlight_all_leds,23,100,211630.0,headlight_all_leds_calibration.csv
headlight_all_leds,24,10,20694.0,headlight_all_leds_calibration.csv
headlight_all_leds,24,15,32521.0,headlight_all_leds_calibration.csv
headlight_all_leds,24,20,43931.0,headlight_all_leds_calibration.csv
headlight_all_leds,24,25,55189.0,headlight_all_leds_calibration.csv
headlight_all_leds,24,30,66318.0,headlight_all_leds_calibration.csv
headlight_all_leds,24,35,77347.0,headlight_all_leds_calibration.csv
headlight_all_leds,24,40,88298.0,headlight_all_leds_calibration.csv
headlight_all_leds,24,45,99300.0,headlight_all_leds_calibration.csv
headlight_all_leds,24,50,110280.0,headlight_all_leds_calibration.csv
headlight_all_leds,24,55,121230.0,headlight_all_leds_calibration.csv
headlight_all_leds,24,60,132380.0,headlight_all_leds_calibration.csv
headlight_all_leds,24,65,143380.0,headlight_all_leds_calibration.csv
headlight_all_leds,24,70,154390.0,headlight_all_leds_calibration.csv
headlight_all_leds,24,75,165340.0,headlight_all_leds_calibration.csv
headlight_all_leds,24,80,176160.0,headlight_all_leds_calibration.csv
headlight_all_leds,24,85,187130.0,headlight_all_leds_calibration.csv
headlight_all_leds,24,90,198100.0,headlight_all_leds_calibration.csv
headlight_all_leds,24,95,209030.0,headlight_all_leds_calibration.csv
headlight_all_leds,24,100,220220.0,headlight_all_leds_calibration.csv
headlight_all_leds,25,10,21602.0,headlight_all_leds_calibration.csv
headlight_all_leds,25,15,33737.0,headlight_all_leds_calibration.csv
headlight_all_leds,25,20,45404.0,headlight_all_leds_calibration.csv
headlight_all_leds,25,25,56849.0,headlight_all_leds_calibration.csv
headlight_all_leds,25,30,68164.0,headlight_all_leds_calibration.csv
headlight_all_leds,25,35,79345.0,headlight_all_leds_calibration.csv
headlight_all_leds,25,40,90455.0,headlight_all_leds_calibration.csv
headlight_all_leds,25,45,101600.0,headlight_all_leds_calibration.csv
headlight_all_leds,25,50,112730.0,headlight_all_leds_calibration.csv
headlight_all_leds,25,55,123840.0,headlight_all_leds_calibration.csv
headlight_all_leds,25,60,135130.0,headlight_all_leds_calibration.csv
headlight_all_leds,25,65,146300.0,headlight_all_leds_calibration.csv
headlight_all_leds,25,70,157470.0,headlight_all_leds_calibration.csv
headlight_all_leds,25,75,168570.0,headlight_all_leds_calibration.csv
headlight_all_leds,25,80,179560.0,headlight_all_leds_calibration.csv
headlight_all_leds,25,85,190710.0,headlight_all_leds_calibration.csv
headlight_all_leds,25,90,201850.0,headlight_all_leds_calibration.csv
headlight_all_leds,25,95,212940.0,headlight_all_leds_calibration.csv
headlight_all_leds,25,100,224320.0,headlight_all_leds_calibration.csv
headlight_all_leds,26,10,22283.0,headlight_all_leds_calibration.csv
headlight_all_leds,26,15,34893.0,headlight_all_leds_calibration.csv
headlight_all_leds,26,20,47088.0,headlight_all_leds_calibration.csv
headlight_all_leds,26,25,59005.0,headlight_all_leds_calibration.csv
headlight_all_leds,26,30,70775.0,headlight_all_leds_calibration.csv
headlight_all_leds,26,35,82423.0,headlight_all_leds_calibration.csv
headlight_all_leds,26,40,93982.0,headlight_all_leds_calibration.csv
headlight_all_leds,26,45,105570.0,headlight_all_leds_calibration.csv
headlight_all_leds,26,50,117160.0,headlight_all_leds_calibration.csv
headlight_all_leds,26,55,128720.0,headlight_all_leds_calibration.csv
headlight_all_leds,26,60,140470.0,headlight_all_leds_calibration.csv
headlight_all_leds,26,65,152090.0,headlight_all_leds_calibration.csv
headlight_all_leds,26,70,163680.0,headlight_all_leds_calibration.csv
headlight_all_leds,26,75,175070.0,headlight_all_leds_calibration.csv
headlight_all_leds,26,80,186650.0,headlight_all_leds_calibration.csv
headlight_all_leds,26,85,198250.0,headlight_all_leds_calibration.csv
headlight_all_leds,26,90,209840.0,headlight_all_leds_calibration.csv
headlight_all_leds,26,95,221620.0,headlight_all_leds_calibration.csv
headlight_all_leds,26,100,233190.0,headlight_all_leds_calibration.csv
headlight_all_leds,27,10,22934.0,headlight_all_leds_calibration.csv
headlight_all_leds,27,15,36038.0,headlight_all_leds_calibration.csv
headlight_all_leds,27,20,48725.0,headlight_all_leds_calibration.csv
headlight_all_leds,27,25,61098.0,headlight_all_leds_calibration.csv
headlight_all_leds,27,30,73332.0,headlight_all_leds_calibration.csv
headlight_all_leds,27,35,85425.0,headlight_all_leds_calibration.csv
headlight_all_leds,27,40,97408.0,headlight_all_leds_calibration.csv
headlight_all_leds,27,45,109470.0,headlight_all_leds_calibration.csv
headlight_all_leds,27,50,121490.0,headlight_all_leds_calibration.csv
headlight_all_leds,27,55,133600.0,headlight_all_leds_calibration.csv
headlight_all_leds,27,60,145670.0,headlight_all_leds_calibration.csv
headlight_all_leds,27,65,157720.0,headlight_all_leds_calibration.csv
headlight_all_leds,27,70,169750.0,headlight_all_leds_calibration.csv
headlight_all_leds,27,75,181570.0,headlight_all_leds_calibration.csv
headlight_all_leds,27,80,193580.0,headlight_all_leds_calibration.csv
headlight_all_leds,27,85,205630.0,headlight_all_leds_calibration.csv
headlight_all_leds,27,90,217890.0,headlight_all_leds_calibration.csv
headlight_all_leds,27,95,229870.0,headlight_all_leds_calibration.csv
headlight_all_leds,27,100,241870.0,headlight_all_leds_calibration.csv
headlight_all_leds,28,10,23492.0,headlight_all_leds_calibration.csv
headlight_all_leds,28,15,37011.0,headlight_all_leds_calibration.csv
headlight_all_leds,28,20,50124.0,headlight_all_leds_calibration.csv
headlight_all_leds,28,25,62897.0,headlight_all_leds_calibration.csv
headlight_all_leds,28,30,75537.0,headlight_all_leds_calibration.csv
headlight_all_leds,28,35,87919.0,headlight_all_leds_calibration.csv
headlight_all_leds,28,40,100370.0,headlight_all_leds_calibration.csv
headlight_all_leds,28,45,112820.0,headlight_all_leds_calibration.csv
headlight_all_leds,28,50,125210.0,headlight_all_leds_calibration.csv
headlight_all_leds,28,55,137720.0,headlight_all_leds_calibration.csv
headlight_all_leds,28,60,150170.0,headlight_all_leds_calibration.csv
headlight_all_leds,28,65,162600.0,headlight_all_leds_calibration.csv
headlight_all_leds,28,70,174850.0,headlight_all_leds_calibration.csv
headlight_all_leds,28,75,187210.0,headlight_all_leds_calibration.csv
headlight_all_leds,28,80,199590.0,headlight_all_leds_calibration.csv
headlight_all_leds,28,85,212020.0,headlight_all_leds_calibration.csv
headlight_all_leds,28,90,224660.0,headlight_all_leds_calibration.csv
headlight_all_leds,28,95,237000.0,headlight_all_leds_calibration.csv
headlight_all_leds,28,100,249380.0,headlight_all_leds_calibration.csv
headlight_all_leds,29,10,24116.0,headlight_all_leds_calibration.csv
headlight_all_leds,29,15,38126.0,headlight_all_leds_calibration.csv
headlight_all_leds,29,20,51725.0,headlight_all_leds_calibration.csv
headlight_all_leds,29,25,64988.0,headlight_all_leds_calibration.csv
headlight_all_leds,29,30,78080.0,headlight_all_leds_calibration.csv
headlight_all_leds,29,35,90925.0,headlight_all_leds_calibration.csv
headlight_all_leds,29,40,103820.0,headlight_all_leds_calibration.csv
headlight_all_leds,29,45,116700.0,headlight_all_leds_calibration.csv
headlight_all_leds,29,50,129690.0,headlight_all_leds_calibration.csv
headlight_all_leds,29,55,142500.0,headlight_all_leds_calibration.csv
headlight_all_leds,29,60,155390.0,headlight_all_leds_calibration.csv
headlight_all_leds,29,65,168260.0,headlight_all_leds_calibration.csv
headlight_all_leds,29,70,180940.0,headlight_all_leds_calibration.csv
headlight_all_leds,29,75,193710.0,headlight_all_leds_calibration.csv
headlight_all_leds,29,80,206550.0,headlight_all_leds_calibration.csv
headlight_all_leds,29,85,219640.0,headlight_all_leds_calibration.csv
headlight_all_leds,29,90,232460.0,headlight_all_leds_calibration.csv
headlight_all_leds,29,95,245220.0,headlight_all_leds_calibration.csv
headlight_all_leds,29,100,257830.0,headlight_all_leds_calibration.csv
headlight_all_leds,30,10,24726.0,headlight_all_leds_calibration.csv
headlight_all_leds,30,15,39250.0,headlight_all_leds_calibration.csv
headlight_all_leds,30,20,53308.0,headlight_all_leds_calibration.csv
headlight_all_leds,30,25,67035.0,headlight_all_leds_calibration.csv
headlight_all_leds,30,30,80595.0,headlight_all_leds_calibration.csv
headlight_all_leds,30,35,93888.0,headlight_all_leds_calibration.csv
headlight_all_leds,30,40,107230.0,headlight_all_leds_calibration.csv
headlight_all_leds,30,45,120560.0,headlight_all_leds_calibration.csv
headlight_all_leds,30,50,133990.0,headlight_all_leds_calibration.csv
headlight_all_leds,30,55,147250.0,headlight_all_leds_calibration.csv
headlight_all_leds,30,60,160590.0,headlight_all_leds_calibration.csv
headlight_all_leds,30,65,173720.0,headlight_all_leds_calibration.csv
headlight_all_leds,30,70,187000.0,headlight_all_leds_calibration.csv
headlight_all_leds,30,75,200200.0,headlight_all_leds_calibration.csv
headlight_all_leds,30,80,213500.0,headlight_all_leds_calibration.csv
headlight_all_leds,30,85,227000.0,headlight_all_leds_calibration.csv
headlight_all_leds,30,90,240270.0,headlight_all_leds_calibration.csv
headlight_all_leds,30,95,253460.0,headlight_all_leds_calibration.csv
headlight_all_leds,30,100,266500.0,headlight_all_leds_calibration.csv
headlight_all_leds,31,10,25259.0,headlight_all_leds_calibration.csv
headlight_all_leds,31,15,40245.0,headlight_all_leds_calibration.csv
headlight_all_leds,31,20,54848.0,headlight_all_leds_calibration.csv
headlight_all_leds,31,25,69042.0,headlight_all_leds_calibration.csv
headlight_all_leds,31,30,83080.0,headlight_all_leds_calibration.csv
headlight_all_leds,31,35,96783.0,headlight_all_leds_calibration.csv
headlight_all_leds,31,40,110600.0,headlight_all_leds_calibration.csv
headlight_all_leds,31,45,124380.0,headlight_all_leds_calibration.csv
headlight_all_leds,31,50,138230.0,headlight_all_leds_calibration.csv
headlight_all_leds,31,55,151940.0,headlight_all_leds_calibration.csv
headlight_all_leds,31,60,165700.0,headlight_all_leds_calibration.csv
headlight_all_leds,31,65,179250.0,headlight_all_leds_calibration.csv
headlight_all_leds,31,70,192960.0,headlight_all_leds_calibration.csv
headlight_all_leds,31,75,206620.0,headlight_all_leds_calibration.csv
headlight_all_leds,31,80,220560.0,headlight_all_leds_calibration.csv
headlight_all_leds,31,85,234270.0,headlight_all_leds_calibration.csv
headlight_all_leds,31,90,247940.0,headlight_all_leds_calibration.csv
headlight_all_leds,31,95,261330.0,headlight_all_leds_calibration.csv
headlight_all_leds,31,100,275080.0,headlight_all_leds_calibration.csv
headlight_all_leds,32,10,25816.0,headlight_all_leds_calibration.csv
headlight_all_leds,32,15,41269.0,headlight_all_leds_calibration.csv
headlight_all_leds,32,20,56336.0,headlight_all_leds_calibration.csv
headlight_all_leds,32,25,71007.0,headlight_all_leds_calibration.csv
headlight_all_leds,32,30,85488.0,headlight_all_leds_calibration.csv
headlight_all_leds,32,35,99636.0,headlight_all_leds_calibration.csv
headlight_all_leds,32,40,113900.0,headlight_all_leds_calibration.csv
headlight_all_leds,32,45,128090.0,headlight_all_leds_calibration.csv
headlight_all_leds,32,50,142410.0,headlight_all_leds_calibration.csv
headlight_all_leds,32,55,156560.0,headlight_all_leds_calibration.csv
headlight_all_leds,32,60,170720.0,headlight_all_leds_calibration.csv
headlight_all_leds,32,65,184720.0,headlight_all_leds_calibration.csv
headlight_all_leds,32,70,198840.0,headlight_all_leds_calibration.csv
headlight_all_leds,32,75,212940.0,headlight_all_leds_calibration.csv
headlight_all_leds,32,80,227290.0,headlight_all_leds_calibration.csv
headlight_all_leds,32,85,241420.0,headlight_all_leds_calibration.csv
headlight_all_leds,32,90,255520.0,headlight_all_leds_calibration.csv
headlight_all_leds,32,95,269370.0,headlight_all_leds_calibration.csv
headlight_all_leds,32,100,283500.0,headlight_all_leds_calibration.csv
headlight_all_leds,33,10,26288.0,headlight_all_leds_calibration.csv
headlight_all_leds,33,15,42119.0,headlight_all_leds_calibration.csv
headlight_all_leds,33,20,57599.0,headlight_all_leds_calibration.csv
headlight_all_leds,33,25,72666.0,headlight_all_leds_calibration.csv
headlight_all_leds,33,30,87455.0,headlight_all_leds_calibration.csv
headlight_all_leds,33,35,102070.0,headlight_all_leds_calibration.csv
headlight_all_leds,33,40,116690.0,headlight_all_leds_calibration.csv
headlight_all_leds,33,45,131430.0,headlight_all_leds_calibration.csv
headlight_all_leds,33,50,146000.0,headlight_all_leds_calibration.csv
headlight_all_leds,33,55,160500.0,headlight_all_leds_calibration.csv
headlight_all_leds,33,60,174880.0,headlight_all_leds_calibration.csv
headlight_all_leds,33,65,189380.0,headlight_all_leds_calibration.csv
headlight_all_leds,33,70,203890.0,headlight_all_leds_calibration.csv
headlight_all_leds,33,75,218550.0,headlight_all_leds_calibration.csv
headlight_all_leds,33,80,233030.0,headlight_all_leds_calibration.csv
headlight_all_leds,33,85,247520.0,headlight_all_leds_calibration.csv
headlight_all_leds,33,90,261770.0,headlight_all_leds_calibration.csv
headlight_all_leds,33,95,276220.0,headlight_all_leds_calibration.csv
headlight_all_leds,33,100,290690.0,headlight_all_leds_calibration.csv
headlight_all_leds,34,10,26810.0,headlight_all_leds_calibration.csv
headlight_all_leds,34,15,43135.0,headlight_all_leds_calibration.csv
headlight_all_leds,34,20,59035.0,headlight_all_leds_calibration.csv
headlight_all_leds,34,25,74560.0,headlight_all_leds_calibration.csv
headlight_all_leds,34,30,89824.0,headlight_all_leds_calibration.csv
headlight_all_leds,34,35,104880.0,headlight_all_leds_calibration.csv
headlight_all_leds,34,40,119930.0,headlight_all_leds_calibration.csv
headlight_all_leds,34,45,135100.0,headlight_all_leds_calibration.csv
headlight_all_leds,34,50,150090.0,headlight_all_leds_calibration.csv
headlight_all_leds,34,55,165080.0,headlight_all_leds_calibration.csv
headlight_all_leds,34,60,179840.0,headlight_all_leds_calibration.csv
headlight_all_leds,34,65,194750.0,headlight_all_leds_calibration.csv
headlight_all_leds,34,70,209720.0,headlight_all_leds_calibration.csv
headlight_all_leds,34,75,224820.0,headlight_all_leds_calibration.csv
headlight_all_leds,34,80,239710.0,headlight_all_leds_calibration.csv
headlight_all_leds,34,85,254570.0,headlight_all_leds_calibration.csv
headlight_all_leds,34,90,269320.0,headlight_all_leds_calibration.csv
headlight_all_leds,34,95,284140.0,headlight_all_leds_calibration.csv
headlight_all_leds,34,100,299070.0,headlight_all_leds_calibration.csv
headlight_all_leds,35,10,27319.0,headlight_all_leds_calibration.csv
headlight_all_leds,35,15,44078.0,headlight_all_leds_calibration.csv
headlight_all_leds,35,20,60423.0,headlight_all_leds_calibration.csv
headlight_all_leds,35,25,76423.0,headlight_all_leds_calibration.csv
headlight_all_leds,35,30,92111.0,headlight_all_leds_calibration.csv
headlight_all_leds,35,35,107600.0,headlight_all_leds_calibration.csv
headlight_all_leds,35,40,123130.0,headlight_all_leds_calibration.csv
headlight_all_leds,35,45,138740.0,headlight_all_leds_calibration.csv
headlight_all_leds,35,50,154190.0,headlight_all_leds_calibration.csv
headlight_all_leds,35,55,169540.0,headlight_all_leds_calibration.csv
headlight_all_leds,35,60,184700.0,headlight_all_leds_calibration.csv
headlight_all_leds,35,65,200090.0,headlight_all_leds_calibration.csv
headlight_all_leds,35,70,215690.0,headlight_all_leds_calibration.csv
headlight_all_leds,35,75,231000.0,headlight_all_leds_calibration.csv
headlight_all_leds,35,80,246250.0,headlight_all_leds_calibration.csv
headlight_all_leds,35,85,261380.0,headlight_all_leds_calibration.csv
headlight_all_leds,35,90,276750.0,headlight_all_leds_calibration.csv
headlight_all_leds,35,95,292000.0,headlight_all_leds_calibration.csv
headlight_all_leds,35,100,307590.0,headlight_all_leds_calibration.csv
headlight_all_leds,36,10,27803.0,headlight_all_leds_calibration.csv
headlight_all_leds,36,15,44970.0,headlight_all_leds_calibration.csv
headlight_all_leds,36,20,61764.0,headlight_all_leds_calibration.csv
headlight_all_leds,36,25,78201.0,headlight_all_leds_calibration.csv
headlight_all_leds,36,30,94294.0,headlight_all_leds_calibration.csv
headlight_all_leds,36,35,110250.0,headlight_all_leds_calibration.csv
headlight_all_leds,36,40,126220.0,headlight_all_leds_calibration.csv
headlight_all_leds,36,45,142260.0,headlight_all_leds_calibration.csv
headlight_all_leds,36,50,158140.0,headlight_all_leds_calibration.csv
headlight_all_leds,36,55,173720.0,headlight_all_leds_calibration.csv
headlight_all_leds,36,60,189470.0,headlight_all_leds_calibration.csv
headlight_all_leds,36,65,205280.0,headlight_all_leds_calibration.csv
headlight_all_leds,36,70,221310.0,headlight_all_leds_calibration.csv
headlight_all_leds,36,75,237000.0,headlight_all_leds_calibration.csv
headlight_all_leds,36,80,252660.0,headlight_all_leds_calibration.csv
headlight_all_leds,36,85,268210.0,headlight_all_leds_calibration.csv
headlight_all_leds,36,90,283960.0,headlight_all_leds_calibration.csv
headlight_all_leds,36,95,299600.0,headlight_all_leds_calibration.csv
headlight_all_leds,36,100,315590.0,headlight_all_leds_calibration.csv
headlight_all_leds,37,10,28275.0,headlight_all_leds_calibration.csv
headlight_all_leds,37,15,45857.0,headlight_all_leds_calibration.csv
headlight_all_leds,37,20,63084.0,headlight_all_leds_calibration.csv
headlight_all_leds,37,25,79959.0,headlight_all_leds_calibration.csv
headlight_all_leds,37,30,96468.0,headlight_all_leds_calibration.csv
headlight_all_leds,37,35,112850.0,headlight_all_leds_calibration.csv
headlight_all_leds,37,40,129410.0,headlight_all_leds_calibration.csv
headlight_all_leds,37,45,145790.0,headlight_all_leds_calibration.csv
headlight_all_leds,37,50,162070.0,headlight_all_leds_calibration.csv
headlight_all_leds,37,55,178030.0,headlight_all_leds_calibration.csv
headlight_all_leds,37,60,194250.0,headlight_all_leds_calibration.csv
headlight_all_leds,37,65,210480.0,headlight_all_leds_calibration.csv
headlight_all_leds,37,70,226960.0,headlight_all_leds_calibration.csv
headlight_all_leds,37,75,243000.0,headlight_all_leds_calibration.csv
headlight_all_leds,37,80,258830.0,headlight_all_leds_calibration.csv
headlight_all_leds,37,85,275070.0,headlight_all_leds_calibration.csv
headlight_all_leds,37,90,291250.0,headlight_all_leds_calibration.csv
headlight_all_leds,37,95,307550.0,headlight_all_leds_calibration.csv
headlight_all_leds,37,100,323750.0,headlight_all_leds_calibration.csv
headlight_all_leds,38,10,28657.0,headlight_all_leds_calibration.csv
headlight_all_leds,38,15,46587.0,headlight_all_leds_calibration.csv
headlight_all_leds,38,20,64166.0,headlight_all_leds_calibration.csv
headlight_all_leds,38,25,81429.0,headlight_all_leds_calibration.csv
headlight_all_leds,38,30,98267.0,headlight_all_leds_calibration.csv
headlight_all_leds,38,35,115040.0,headlight_all_leds_calibration.csv
headlight_all_leds,38,40,131980.0,headlight_all_leds_calibration.csv
headlight_all_leds,38,45,148720.0,headlight_all_leds_calibration.csv
headlight_all_leds,38,50,165390.0,headlight_all_leds_calibration.csv
headlight_all_leds,38,55,181670.0,headlight_all_leds_calibration.csv
headlight_all_leds,38,60,198220.0,headlight_all_leds_calibration.csv
headlight_all_leds,38,65,215080.0,headlight_all_leds_calibration.csv
headlight_all_leds,38,70,231690.0,headlight_all_leds_calibration.csv
headlight_all_leds,38,75,248000.0,headlight_all_leds_calibration.csv
headlight_all_leds,38,80,264260.0,headlight_all_leds_calibration.csv
headlight_all_leds,38,85,280880.0,headlight_all_leds_calibration.csv
headlight_all_leds,38,90,297320.0,headlight_all_leds_calibration.csv
headlight_all_leds,38,95,314030.0,headlight_all_leds_calibration.csv
headlight_all_leds,38,100,330530.0,headlight_all_leds_calibration.csv
headlight_all_leds,39,10,29101.0,headlight_all_leds_calibration.csv
headlight_all_leds,39,15,47410.0,headlight_all_leds_calibration.csv
headlight_all_leds,39,20,65412.0,headlight_all_leds_calibration.csv
headlight_all_leds,39,25,83089.0,headlight_all_leds_calibration.csv
headlight_all_leds,39,30,100330.0,headlight_all_leds_calibration.csv
headlight_all_leds,39,35,117530.0,headlight_all_leds_calibration.csv
headlight_all_leds,39,40,134910.0,headlight_all_leds_calibration.csv
headlight_all_leds,39,45,152100.0,headlight_all_leds_calibration.csv
headlight_all_leds,39,50,169160.0,headlight_all_leds_calibration.csv
headlight_all_leds,39,55,185780.0,headlight_all_leds_calibration.csv
headlight_all_leds,39,60,202830.0,headlight_all_leds_calibration.csv
headlight_all_leds,39,65,220130.0,headlight_all_leds_calibration.csv
headlight_all_leds,39,70,237080.0,headlight_all_leds_calibration.csv
headlight_all_leds,39,75,253770.0,headlight_all_leds_calibration.csv
headlight_all_leds,39,80,270520.0,headlight_all_leds_calibration.csv
headlight_all_leds,39,85,287490.0,headlight_all_leds_calibration.csv
headlight_all_leds,39,90,304630.0,headlight_all_leds_calibration.csv
headlight_all_leds,39,95,321460.0,headlight_all_leds_calibration.csv
headlight_all_leds,39,100,338330.0,headlight_all_leds_calibration.csv
headlight_all_leds,40,10,29520.0,headlight_all_leds_calibration.csv
headlight_all_leds,40,15,48208.0,headlight_all_leds_calibration.csv
headlight_all_leds,40,20,66605.0,headlight_all_leds_calibration.csv
headlight_all_leds,40,25,84691.0,headlight_all_leds_calibration.csv
headlight_all_leds,40,30,102350.0,headlight_all_leds_calibration.csv
headlight_all_leds,40,35,119950.0,headlight_all_leds_calibration.csv
headlight_all_leds,40,40,137760.0,headlight_all_leds_calibration.csv
headlight_all_leds,40,45,155400.0,headlight_all_leds_calibration.csv
headlight_all_leds,40,50,172630.0,headlight_all_leds_calibration.csv
headlight_all_leds,40,55,189830.0,headlight_all_leds_calibration.csv
headlight_all_leds,40,60,207330.0,headlight_all_leds_calibration.csv
headlight_all_leds,40,65,225040.0,headlight_all_leds_calibration.csv
headlight_all_leds,40,70,242380.0,headlight_all_leds_calibration.csv
headlight_all_leds,40,75,259210.0,headlight_all_leds_calibration.csv
headlight_all_leds,40,80,276630.0,headlight_all_leds_calibration.csv
headlight_all_leds,40,85,294000.0,headlight_all_leds_calibration.csv
headlight_all_leds,40,90,311520.0,headlight_all_leds_calibration.csv
headlight_all_leds,40,95,328820.0,headlight_all_leds_calibration.csv
headlight_all_leds,40,100,345750.0,headlight_all_leds_calibration.csv
headlight_all_leds,41,10,29916.0,headlight_all_leds_calibration.csv
headlight_all_leds,41,15,48960.0,headlight_all_leds_calibration.csv
headlight_all_leds,41,20,67726.0,headlight_all_leds_calibration.csv
headlight_all_leds,41,25,86142.0,headlight_all_leds_calibration.csv
headlight_all_leds,41,30,104230.0,headlight_all_leds_calibration.csv
headlight_all_leds,41,35,122250.0,headlight_all_leds_calibration.csv
headlight_all_leds,41,40,140500.0,headlight_all_leds_calibration.csv
headlight_all_leds,41,45,158510.0,headlight_all_leds_calibration.csv
headlight_all_leds,41,50,176120.0,headlight_all_leds_calibration.csv
headlight_all_leds,41,55,193700.0,headlight_all_leds_calibration.csv
headlight_all_leds,41,60,211630.0,headlight_all_leds_calibration.csv
headlight_all_leds,41,65,229750.0,headlight_all_leds_calibration.csv
headlight_all_leds,41,70,247390.0,headlight_all_leds_calibration.csv
headlight_all_leds,41,75,264690.0,headlight_all_leds_calibration.csv
headlight_all_leds,41,80,282500.0,headlight_all_leds_calibration.csv
headlight_all_leds,41,85,300200.0,headlight_all_leds_calibration.csv
headlight_all_leds,41,90,318140.0,headlight_all_leds_calibration.csv
headlight_all_leds,41,95,335710.0,headlight_all_leds_calibration.csv
headlight_all_leds,41,100,353140.0,headlight_all_leds_calibration.csv
headlight_all_leds,42,10,30307.0,headlight_all_leds_calibration.csv
headlight_all_leds,42,15,49693.0,headlight_all_leds_calibration.csv
headlight_all_leds,42,20,68847.0,headlight_all_leds_calibration.csv
headlight_all_leds,42,25,87628.0,headlight_all_leds_calibration.csv
headlight_all_leds,42,30,106090.0,headlight_all_leds_calibration.csv
headlight_all_leds,42,35,124530.0,headlight_all_leds_calibration.csv
headlight_all_leds,42,40,143140.0,headlight_all_leds_calibration.csv
headlight_all_leds,42,45,161590.0,headlight_all_leds_calibration.csv
headlight_all_leds,42,50,179520.0,headlight_all_leds_calibration.csv
headlight_all_leds,42,55,197560.0,headlight_all_leds_calibration.csv
headlight_all_leds,42,60,216130.0,headlight_all_leds_calibration.csv
headlight_all_leds,42,65,234380.0,headlight_all_leds_calibration.csv
headlight_all_leds,42,70,252330.0,headlight_all_leds_calibration.csv
headlight_all_leds,42,75,270100.0,headlight_all_leds_calibration.csv
headlight_all_leds,42,80,288320.0,headlight_all_leds_calibration.csv
headlight_all_leds,42,85,306630.0,headlight_all_leds_calibration.csv
headlight_all_leds,42,90,324710.0,headlight_all_leds_calibration.csv
headlight_all_leds,42,95,342660.0,headlight_all_leds_calibration.csv
headlight_all_leds,42,100,360460.0,headlight_all_leds_calibration.csv
headlight_all_leds,43,10,30633.0,headlight_all_leds_calibration.csv
headlight_all_leds,43,15,50307.0,headlight_all_leds_calibration.csv
headlight_all_leds,43,20,69767.0,headlight_all_leds_calibration.csv
headlight_all_leds,43,25,88865.0,headlight_all_leds_calibration.csv
headlight_all_leds,43,30,107630.0,headlight_all_leds_calibration.csv
headlight_all_leds,43,35,126400.0,headlight_all_leds_calibration.csv
headlight_all_leds,43,40,145370.0,headlight_all_leds_calibration.csv
headlight_all_leds,43,45,164110.0,headlight_all_leds_calibration.csv
headlight_all_leds,43,50,182330.0,headlight_all_leds_calibration.csv
headlight_all_leds,43,55,200720.0,headlight_all_leds_calibration.csv
headlight_all_leds,43,60,219690.0,headlight_all_leds_calibration.csv
headlight_all_leds,43,65,238210.0,headlight_all_leds_calibration.csv
headlight_all_leds,43,70,256460.0,headlight_all_leds_calibration.csv
headlight_all_leds,43,75,274640.0,headlight_all_leds_calibration.csv
headlight_all_leds,43,80,293140.0,headlight_all_leds_calibration.csv
headlight_all_leds,43,85,311820.0,headlight_all_leds_calibration.csv
headlight_all_leds,43,90,330320.0,headlight_all_leds_calibration.csv
headlight_all_leds,43,95,348200.0,headlight_all_leds_calibration.csv
headlight_all_leds,43,100,366820.0,headlight_all_leds_calibration.csv
headlight_all_leds,44,10,30987.0,headlight_all_leds_calibration.csv
headlight_all_leds,44,15,51003.0,headlight_all_leds_calibration.csv
headlight_all_leds,44,20,70798.0,headlight_all_leds_calibration.csv
headlight_all_leds,44,25,90253.0,headlight_all_leds_calibration.csv
headlight_all_leds,44,30,109350.0,headlight_all_leds_calibration.csv
headlight_all_leds,44,35,128530.0,headlight_all_leds_calibration.csv
headlight_all_leds,44,40,147910.0,headlight_all_leds_calibration.csv
headlight_all_leds,44,45,166950.0,headlight_all_leds_calibration.csv
headlight_all_leds,44,50,185470.0,headlight_all_leds_calibration.csv
headlight_all_leds,44,55,204330.0,headlight_all_leds_calibration.csv
headlight_all_leds,44,60,223710.0,headlight_all_leds_calibration.csv
headlight_all_leds,44,65,242500.0,headlight_all_leds_calibration.csv
headlight_all_leds,44,70,260890.0,headlight_all_leds_calibration.csv
headlight_all_leds,44,75,279750.0,headlight_all_leds_calibration.csv
headlight_all_leds,44,80,298620.0,headlight_all_leds_calibration.csv
headlight_all_leds,44,85,317600.0,headlight_all_leds_calibration.csv
headlight_all_leds,44,90,336400.0,headlight_all_leds_calibration.csv
headlight_all_leds,44,95,354890.0,headlight_all_leds_calibration.csv
headlight_all_leds,44,100,373800.0,headlight_all_leds_calibration.csv
headlight_all_leds,45,10,31344.0,headlight_all_leds_calibration.csv
headlight_all_leds,45,15,51657.0,headlight_all_leds_calibration.csv
headlight_all_leds,45,20,71798.0,headlight_all_leds_calibration.csv
headlight_all_leds,45,25,91548.0,headlight_all_leds_calibration.csv
headlight_all_leds,45,30,111010.0,headlight_all_leds_calibration.csv
headlight_all_leds,45,35,130690.0,headlight_all_leds_calibration.csv
headlight_all_leds,45,40,150310.0,headlight_all_leds_calibration.csv
headlight_all_leds,45,45,169660.0,headlight_all_leds_calibration.csv
headlight_all_leds,45,50,188500.0,headlight_all_leds_calibration.csv
headlight_all_leds,45,55,207770.0,headlight_all_leds_calibration.csv
headlight_all_leds,45,60,227620.0,headlight_all_leds_calibration.csv
headlight_all_leds,45,65,246680.0,headlight_all_leds_calibration.csv
headlight_all_leds,45,70,265450.0,headlight_all_leds_calibration.csv
headlight_all_leds,45,75,284690.0,headlight_all_leds_calibration.csv
headlight_all_leds,45,80,304090.0,headlight_all_leds_calibration.csv
headlight_all_leds,45,85,323250.0,headlight_all_leds_calibration.csv
headlight_all_leds,45,90,342390.0,headlight_all_leds_calibration.csv
headlight_all_leds,45,95,361300.0,headlight_all_leds_calibration.csv
headlight_all_leds,45,100,380440.0,headlight_all_leds_calibration.csv
headlight_all_leds,46,10,31669.0,headlight_all_leds_calibration.csv
headlight_all_leds,46,15,52283.0,headlight_all_leds_calibration.csv
headlight_all_leds,46,20,72738.0,headlight_all_leds_calibration.csv
headlight_all_leds,46,25,92740.0,headlight_all_leds_calibration.csv
headlight_all_leds,46,30,112580.0,headlight_all_leds_calibration.csv
headlight_all_leds,46,35,132600.0,headlight_all_leds_calibration.csv
headlight_all_leds,46,40,152590.0,headlight_all_leds_calibration.csv
headlight_all_leds,46,45,172080.0,headlight_all_leds_calibration.csv
headlight_all_leds,46,50,191340.0,headlight_all_leds_calibration.csv
headlight_all_leds,46,55,211110.0,headlight_all_leds_calibration.csv
headlight_all_leds,46,60,231230.0,headlight_all_leds_calibration.csv
headlight_all_leds,46,65,250580.0,headlight_all_leds_calibration.csv
headlight_all_leds,46,70,269770.0,headlight_all_leds_calibration.csv
headlight_all_leds,46,75,289380.0,headlight_all_leds_calibration.csv
headlight_all_leds,46,80,309080.0,headlight_all_leds_calibration.csv
headlight_all_leds,46,85,328620.0,headlight_all_leds_calibration.csv
headlight_all_leds,46,90,347820.0,headlight_all_leds_calibration.csv
headlight_all_leds,46,95,367750.0,headlight_all_leds_calibration.csv
headlight_all_leds,46,100,387500.0,headlight_all_leds_calibration.csv
headlight_all_leds,47,10,31990.0,headlight_all_leds_calibration.csv
headlight_all_leds,47,15,52896.0,headlight_all_leds_calibration.csv
headlight_all_leds,47,20,73648.0,headlight_all_leds_calibration.csv
headlight_all_leds,47,25,93908.0,headlight_all_leds_calibration.csv
headlight_all_leds,47,30,114090.0,headlight_all_leds_calibration.csv
headlight_all_leds,47,35,134470.0,headlight_all_leds_calibration.csv
headlight_all_leds,47,40,154840.0,headlight_all_leds_calibration.csv
headlight_all_leds,47,45,174570.0,headlight_all_leds_calibration.csv
headlight_all_leds,47,50,194160.0,headlight_all_leds_calibration.csv
headlight_all_leds,47,55,214360.0,headlight_all_leds_calibration.csv
headlight_all_leds,47,60,234710.0,headlight_all_leds_calibration.csv
headlight_all_leds,47,65,254370.0,headlight_all_leds_calibration.csv
headlight_all_leds,47,70,273950.0,headlight_all_leds_calibration.csv
headlight_all_leds,47,75,293940.0,headlight_all_leds_calibration.csv
headlight_all_leds,47,80,314000.0,headlight_all_leds_calibration.csv
headlight_all_leds,47,85,333830.0,headlight_all_leds_calibration.csv
headlight_all_leds,47,90,353570.0,headlight_all_leds_calibration.csv
headlight_all_leds,47,95,373530.0,headlight_all_leds_calibration.csv
headlight_all_leds,47,100,393750.0,headlight_all_leds_calibration.csv
headlight_all_leds,48,10,32256.0,headlight_all_leds_calibration.csv
headlight_all_leds,48,15,53391.0,headlight_all_leds_calibration.csv
headlight_all_leds,48,20,74408.0,headlight_all_leds_calibration.csv
headlight_all_leds,48,25,94857.0,headlight_all_leds_calibration.csv
headlight_all_leds,48,30,115350.0,headlight_all_leds_calibration.csv
headlight_all_leds,48,35,136020.0,headlight_all_leds_calibration.csv
headlight_all_leds,48,40,156660.0,headlight_all_leds_calibration.csv
headlight_all_leds,48,45,176590.0,headlight_all_leds_calibration.csv
headlight_all_leds,48,50,196530.0,headlight_all_leds_calibration.csv
headlight_all_leds,48,55,217230.0,headlight_all_leds_calibration.csv
headlight_all_leds,48,60,237580.0,headlight_all_leds_calibration.csv
headlight_all_leds,48,65,257460.0,headlight_all_leds_calibration.csv
headlight_all_leds,48,70,277440.0,headlight_all_leds_calibration.csv
headlight_all_leds,48,75,297690.0,headlight_all_leds_calibration.csv
headlight_all_leds,48,80,317960.0,headlight_all_leds_calibration.csv
headlight_all_leds,48,85,338030.0,headlight_all_leds_calibration.csv
headlight_all_leds,48,90,358130.0,headlight_all_leds_calibration.csv
headlight_all_leds,48,95,378920.0,headlight_all_leds_calibration.csv
headlight_all_leds,48,100,399320.0,headlight_all_leds_calibration.csv
headlight_all_leds,49,10,32557.0,headlight_all_leds_calibration.csv
headlight_all_leds,49,15,53958.0,headlight_all_leds_calibration.csv
headlight_all_leds,49,20,75259.0,headlight_all_leds_calibration.csv
headlight_all_leds,49,25,95939.0,headlight_all_leds_calibration.csv
headlight_all_leds,49,30,116780.0,headlight_all_leds_calibration.csv
headlight_all_leds,49,35,137750.0,headlight_all_leds_calibration.csv
headlight_all_leds,49,40,158740.0,headlight_all_leds_calibration.csv
headlight_all_leds,49,45,178890.0,headlight_all_leds_calibration.csv
headlight_all_leds,49,50,199120.0,headlight_all_leds_calibration.csv
headlight_all_leds,49,55,220280.0,headlight_all_leds_calibration.csv
headlight_all_leds,49,60,240820.0,headlight_all_leds_calibration.csv
headlight_all_leds,49,65,260710.0,headlight_all_leds_calibration.csv
headlight_all_leds,49,70,281320.0,headlight_all_leds_calibration.csv
headlight_all_leds,49,75,302070.0,headlight_all_leds_calibration.csv
headlight_all_leds,49,80,322510.0,headlight_all_leds_calibration.csv
headlight_all_leds,49,85,342890.0,headlight_all_leds_calibration.csv
headlight_all_leds,49,90,363380.0,headlight_all_leds_calibration.csv
headlight_all_leds,49,95,384000.0,headlight_all_leds_calibration.csv
headlight_all_leds,49,100,405750.0,headlight_all_leds_calibration.csv
headlight_all_leds,50,10,33217.0,headlight_all_leds_calibration.csv
headlight_all_leds,50,15,55029.0,headlight_all_leds_calibration.csv
headlight_all_leds,50,20,76623.0,headlight_all_leds_calibration.csv
headlight_all_leds,50,25,97529.0,headlight_all_leds_calibration.csv
headlight_all_leds,50,30,118500.0,headlight_all_leds_calibration.csv
headlight_all_leds,50,35,139570.0,headlight_all_leds_calibration.csv
headlight_all_leds,50,40,160520.0,headlight_all_leds_calibration.csv
headlight_all_leds,50,45,180690.0,headlight_all_leds_calibration.csv
headlight_all_leds,50,50,200940.0,headlight_all_leds_calibration.csv
headlight_all_leds,50,55,222060.0,headlight_all_leds_calibration.csv
headlight_all_leds,50,60,242450.0,headlight_all_leds_calibration.csv
headlight_all_leds,50,65,262380.0,headlight_all_leds_calibration.csv
headlight_all_leds,50,70,282940.0,headlight_all_leds_calibration.csv
headlight_all_leds,50,75,303630.0,headlight_all_leds_calibration.csv
headlight_all_leds,50,80,324010.0,headlight_all_leds_calibration.csv
headlight_all_leds,50,85,344080.0,headlight_all_leds_calibration.csv
headlight_all_leds,50,90,364820.0,headlight_all_leds_calibration.csv
headlight_all_leds,50,95,385380.0,headlight_all_leds_calibration.csv
headlight_all_leds,50,100,407000.0,headlight_all_leds_calibration.csv
headlight_formation_lowest,4,10,0.896,headlight_formation_1_calibration.csv
headlight_formation_lowest,4,15,1.295,headlight_formation_1_calibration.csv
headlight_formation_lowest,4,20,1.854,headlight_formation_1_calibration.csv
headlight_formation_lowest,4,25,2.443,headlight_formation_1_calibration.csv
headlight_formation_lowest,4,30,3.037,headlight_formation_1_calibration.csv
headlight_formation_lowest,4,35,4.44,headlight_formation_1_calibration.csv
headlight_formation_lowest,4,40,6.383,headlight_formation_1_calibration.csv
headlight_formation_lowest,4,45,8.344,headlight_formation_1_calibration.csv
headlight_formation_lowest,4,50,10.332,headlight_formation_1_calibration.csv
headlight_formation_lowest,4,55,12.389,headlight_formation_1_calibration.csv
headlight_formation_lowest,4,60,14.416,headlight_formation_1_calibration.csv
headlight_formation_lowest,4,65,16.606,headlight_formation_1_calibration.csv
headlight_formation_lowest,4,70,19.439,headlight_formation_1_calibration.csv
headlight_formation_lowest,4,75,22.254,headlight_formation_1_calibration.csv
headlight_formation_lowest,4,80,25.074,headlight_formation_1_calibration.csv
headlight_formation_lowest,4,85,27.928,headlight_formation_1_calibration.csv
headlight_formation_lowest,4,90,30.745,headlight_formation_1_calibration.csv
headlight_formation_lowest,4,95,33.586,headlight_formation_1_calibration.csv
headlight_formation_lowest,4,100,36.515,headlight_formation_1_calibration.csv
headlight_formation_lowest,5,10,0.885,headlight_formation_1_calibration.csv
headlight_formation_lowest,5,15,1.454,headlight_formation_1_calibration.csv
headlight_formation_lowest,5,20,2.078,headlight_formation_1_calibration.csv
headlight_formation_lowest,5,25,2.73,headlight_formation_1_calibration.csv
headlight_formation_lowest,5,30,3.383,headlight_formation_1_calibration.csv
headlight_formation_lowest,5,35,5.03,headlight_formation_1_calibration.csv
headlight_formation_lowest,5,40,7.37,headlight_formation_1_calibration.csv
headlight_formation_lowest,5,45,9.6682,headlight_formation_1_calibration.csv
headlight_formation_lowest,5,50,12.049,headlight_formation_1_calibration.csv
headlight_formation_lowest,5,55,14.472,headlight_formation_1_calibration.csv
headlight_formation_lowest,5,60,16.878,headlight_formation_1_calibration.csv
headlight_formation_lowest,5,65,19.528,headlight_formation_1_calibration.csv
headlight_formation_lowest,5,70,23.149,headlight_formation_1_calibration.csv
headlight_formation_lowest,5,75,26.751,headlight_formation_1_calibration.csv
headlight_formation_lowest,5,80,30.367,headlight_formation_1_calibration.csv
headlight_formation_lowest,5,85,33.98,headlight_formation_1_calibration.csv
headlight_formation_lowest,5,90,37.626,headlight_formation_1_calibration.csv
headlight_formation_lowest,5,95,41.245,headlight_formation_1_calibration.csv
headlight_formation_lowest,5,100,45.141,headlight_formation_1_calibration.csv
headlight_formation_lowest,6,10,962.3,headlight_formation_1_calibration.csv
headlight_formation_lowest,6,15,1.585,headlight_formation_1_calibration.csv
headlight_formation_lowest,6,20,2.264,headlight_formation_1_calibration.csv
headlight_formation_lowest,6,25,2.97,headlight_formation_1_calibration.csv
headlight_formation_lowest,6,30,3.688,headlight_formation_1_calibration.csv
headlight_formation_lowest,6,35,5.553,headlight_formation_1_calibration.csv
headlight_formation_lowest,6,40,8.185,headlight_formation_1_calibration.csv
headlight_formation_lowest,6,45,10.845,headlight_formation_1_calibration.csv
headlight_formation_lowest,6,50,13.53,headlight_formation_1_calibration.csv
headlight_formation_lowest,6,55,16.266,headlight_formation_1_calibration.csv
headlight_formation_lowest,6,60,19.023,headlight_formation_1_calibration.csv
headlight_formation_lowest,6,65,22.076,headlight_formation_1_calibration.csv
headlight_formation_lowest,6,70,26.407,headlight_formation_1_calibration.csv
headlight_formation_lowest,6,75,30.735,headlight_formation_1_calibration.csv
headlight_formation_lowest,6,80,35.057,headlight_formation_1_calibration.csv
headlight_formation_lowest,6,85,39.399,headlight_formation_1_calibration.csv
headlight_formation_lowest,6,90,43.802,headlight_formation_1_calibration.csv
headlight_formation_lowest,6,95,48.145,headlight_formation_1_calibration.csv
headlight_formation_lowest,6,100,52.934,headlight_formation_1_calibration.csv
headlight_formation_lowest,7,10,1.043,headlight_formation_1_calibration.csv
headlight_formation_lowest,7,15,1.71,headlight_formation_1_calibration.csv
headlight_formation_lowest,7,20,2.428,headlight_formation_1_calibration.csv
headlight_formation_lowest,7,25,3.192,headlight_formation_1_calibration.csv
headlight_formation_lowest,7,30,3.954,headlight_formation_1_calibration.csv
headlight_formation_lowest,7,35,6.008,headlight_formation_1_calibration.csv
headlight_formation_lowest,7,40,8.973,headlight_formation_1_calibration.csv
headlight_formation_lowest,7,45,11.889,headlight_formation_1_calibration.csv
headlight_formation_lowest,7,50,14.852,headlight_formation_1_calibration.csv
headlight_formation_lowest,7,55,43634.0,headlight_formation_1_calibration.csv
headlight_formation_lowest,7,60,43542.0,headlight_formation_1_calibration.csv
headlight_formation_lowest,7,65,43478.0,headlight_formation_1_calibration.csv
headlight_formation_lowest,7,70,43405.0,headlight_formation_1_calibration.csv
headlight_formation_lowest,7,75,34.54,headlight_formation_1_calibration.csv
headlight_formation_lowest,7,80,39.582,headlight_formation_1_calibration.csv
headlight_formation_lowest,7,85,44.596,headlight_formation_1_calibration.csv
headlight_formation_lowest,7,90,49.592,headlight_formation_1_calibration.csv
headlight_formation_lowest,7,95,54.6,headlight_formation_1_calibration.csv
headlight_formation_lowest,7,100,60.273,headlight_formation_1_calibration.csv
headlight_formation_lowest,8,10,1.338,headlight_formation_1_calibration.csv
headlight_formation_lowest,8,15,2.04,headlight_formation_1_calibration.csv
headlight_formation_lowest,8,20,2.821,headlight_formation_1_calibration.csv
headlight_formation_lowest,8,25,3.613,headlight_formation_1_calibration.csv
headlight_formation_lowest,8,30,4.435,headlight_formation_1_calibration.csv
headlight_formation_lowest,8,35,6.672,headlight_formation_1_calibration.csv
headlight_formation_lowest,8,40,9.8557,headlight_formation_1_calibration.csv
headlight_formation_lowest,8,45,13.073,headlight_formation_1_calibration.csv
headlight_formation_lowest,8,50,16.326,headlight_formation_1_calibration.csv
headlight_formation_lowest,8,55,19.622,headlight_formation_1_calibration.csv
headlight_formation_lowest,8,60,22.921,headlight_formation_1_calibration.csv
headlight_formation_lowest,8,65,26.701,headlight_formation_1_calibration.csv
headlight_formation_lowest,8,70,32.295,headlight_formation_1_calibration.csv
headlight_formation_lowest,8,75,37.917,headlight_formation_1_calibration.csv
headlight_formation_lowest,8,80,43.58,headlight_formation_1_calibration.csv
headlight_formation_lowest,8,85,49.214,headlight_formation_1_calibration.csv
headlight_formation_lowest,8,90,54.827,headlight_formation_1_calibration.csv
headlight_formation_lowest,8,95,60.506,headlight_formation_1_calibration.csv
headlight_formation_lowest,8,100,67.017,headlight_formation_1_calibration.csv
headlight_formation_lowest,9,10,1.377,headlight_formation_1_calibration.csv
headlight_formation_lowest,9,15,2.137,headlight_formation_1_calibration.csv
headlight_formation_lowest,9,20,2.957,headlight_formation_1_calibration.csv
headlight_formation_lowest,9,25,3.789,headlight_formation_1_calibration.csv
headlight_formation_lowest,9,30,4.633,headlight_formation_1_calibration.csv
headlight_formation_lowest,9,35,7.038,headlight_formation_1_calibration.csv
headlight_formation_lowest,9,40,10.458,headlight_formation_1_calibration.csv
headlight_formation_lowest,9,45,13.901,headlight_formation_1_calibration.csv
headlight_formation_lowest,9,50,17.401,headlight_formation_1_calibration.csv
headlight_formation_lowest,9,55,20.957,headlight_formation_1_calibration.csv
headlight_formation_lowest,9,60,24.492,headlight_formation_1_calibration.csv
headlight_formation_lowest,9,65,28.569,headlight_formation_1_calibration.csv
headlight_formation_lowest,9,70,34.735,headlight_formation_1_calibration.csv
headlight_formation_lowest,9,75,40.913,headlight_formation_1_calibration.csv
headlight_formation_lowest,9,80,47.104,headlight_formation_1_calibration.csv
headlight_formation_lowest,9,85,53.308,headlight_formation_1_calibration.csv
headlight_formation_lowest,9,90,59.528,headlight_formation_1_calibration.csv
headlight_formation_lowest,9,95,65.707,headlight_formation_1_calibration.csv
headlight_formation_lowest,9,100,73.052,headlight_formation_1_calibration.csv
headlight_formation_lowest,10,10,1.454,headlight_formation_1_calibration.csv
headlight_formation_lowest,10,15,2.216,headlight_formation_1_calibration.csv
headlight_formation_lowest,10,20,3.086,headlight_formation_1_calibration.csv
headlight_formation_lowest,10,25,3.943,headlight_formation_1_calibration.csv
headlight_formation_lowest,10,30,4.822,headlight_formation_1_calibration.csv
headlight_formation_lowest,10,35,7.374,headlight_formation_1_calibration.csv
headlight_formation_lowest,10,40,11.036,headlight_formation_1_calibration.csv
headlight_formation_lowest,10,45,14.691,headlight_formation_1_calibration.csv
headlight_formation_lowest,10,50,18.401,headlight_formation_1_calibration.csv
headlight_formation_lowest,10,55,22.178,headlight_formation_1_calibration.csv
headlight_formation_lowest,10,60,25.995,headlight_formation_1_calibration.csv
headlight_formation_lowest,10,65,30.302,headlight_formation_1_calibration.csv
headlight_formation_lowest,10,70,37.008,headlight_formation_1_calibration.csv
headlight_formation_lowest,10,75,43.905,headlight_formation_1_calibration.csv
headlight_formation_lowest,10,80,50.523,headlight_formation_1_calibration.csv
headlight_formation_lowest,10,85,57.316,headlight_formation_1_calibration.csv
headlight_formation_lowest,10,90,64.048,headlight_formation_1_calibration.csv
headlight_formation_lowest,10,95,70.765,headlight_formation_1_calibration.csv
headlight_formation_lowest,10,100,78.886,headlight_formation_1_calibration.csv
headlight_formation_lowest,11,10,1.686,headlight_formation_1_calibration.csv
headlight_formation_lowest,11,15,2.495,headlight_formation_1_calibration.csv
headlight_formation_lowest,11,20,3.371,headlight_formation_1_calibration.csv
headlight_formation_lowest,11,25,4.271,headlight_formation_1_calibration.csv
headlight_formation_lowest,11,30,5.177,headlight_formation_1_calibration.csv
headlight_formation_lowest,11,35,7.861,headlight_formation_1_calibration.csv
headlight_formation_lowest,11,40,11.718,headlight_formation_1_calibration.csv
headlight_formation_lowest,11,45,15.594,headlight_formation_1_calibration.csv
headlight_formation_lowest,11,50,19.515,headlight_formation_1_calibration.csv
headlight_formation_lowest,11,55,23.501,headlight_formation_1_calibration.csv
headlight_formation_lowest,11,60,27.474,headlight_formation_1_calibration.csv
headlight_formation_lowest,11,65,32.102,headlight_formation_1_calibration.csv
headlight_formation_lowest,11,70,39.258,headlight_formation_1_calibration.csv
headlight_formation_lowest,11,75,46.463,headlight_formation_1_calibration.csv
headlight_formation_lowest,11,80,53.651,headlight_formation_1_calibration.csv
headlight_formation_lowest,11,85,60.846,headlight_formation_1_calibration.csv
headlight_formation_lowest,11,90,68.042,headlight_formation_1_calibration.csv
headlight_formation_lowest,11,95,75.263,headlight_formation_1_calibration.csv
headlight_formation_lowest,11,100,84.093,headlight_formation_1_calibration.csv
headlight_formation_lowest,12,10,1.728,headlight_formation_1_calibration.csv
headlight_formation_lowest,12,15,2.563,headlight_formation_1_calibration.csv
headlight_formation_lowest,12,20,3.47,headlight_formation_1_calibration.csv
headlight_formation_lowest,12,25,4.407,headlight_formation_1_calibration.csv
headlight_formation_lowest,12,30,5.357,headlight_formation_1_calibration.csv
headlight_formation_lowest,12,35,8.159,headlight_formation_1_calibration.csv
headlight_formation_lowest,12,40,12.197,headlight_formation_1_calibration.csv
headlight_formation_lowest,12,45,16.278,headlight_formation_1_calibration.csv
headlight_formation_lowest,12,50,20.39,headlight_formation_1_calibration.csv
headlight_formation_lowest,12,55,24.565,headlight_formation_1_calibration.csv
headlight_formation_lowest,12,60,28.754,headlight_formation_1_calibration.csv
headlight_formation_lowest,12,65,33.584,headlight_formation_1_calibration.csv
headlight_formation_lowest,12,70,41.212,headlight_formation_1_calibration.csv
headlight_formation_lowest,12,75,48.933,headlight_formation_1_calibration.csv
headlight_formation_lowest,12,80,56.516,headlight_formation_1_calibration.csv
headlight_formation_lowest,12,85,64.185,headlight_formation_1_calibration.csv
headlight_formation_lowest,12,90,71.871,headlight_formation_1_calibration.csv
headlight_formation_lowest,12,95,79.509,headlight_formation_1_calibration.csv
headlight_formation_lowest,12,100,88.968,headlight_formation_1_calibration.csv
headlight_formation_lowest,13,10,1.805,headlight_formation_1_calibration.csv
headlight_formation_lowest,13,15,2.694,headlight_formation_1_calibration.csv
headlight_formation_lowest,13,20,3.658,headlight_formation_1_calibration.csv
headlight_formation_lowest,13,25,4.643,headlight_formation_1_calibration.csv
headlight_formation_lowest,13,30,5.646,headlight_formation_1_calibration.csv
headlight_formation_lowest,13,35,8.662,headlight_formation_1_calibration.csv
headlight_formation_lowest,13,40,13.005,headlight_formation_1_calibration.csv
headlight_formation_lowest,13,45,17.376,headlight_formation_1_calibration.csv
headlight_formation_lowest,13,50,21.791,headlight_formation_1_calibration.csv
headlight_formation_lowest,13,55,26.275,headlight_formation_1_calibration.csv
headlight_formation_lowest,13,60,30.728,headlight_formation_1_calibration.csv
headlight_formation_lowest,13,65,35.962,headlight_formation_1_calibration.csv
headlight_formation_lowest,13,70,44.213,headlight_formation_1_calibration.csv
headlight_formation_lowest,13,75,52.405,headlight_formation_1_calibration.csv
headlight_formation_lowest,13,80,60.607,headlight_formation_1_calibration.csv
headlight_formation_lowest,13,85,68.849,headlight_formation_1_calibration.csv
headlight_formation_lowest,13,90,77.046,headlight_formation_1_calibration.csv
headlight_formation_lowest,13,95,85.255,headlight_formation_1_calibration.csv
headlight_formation_lowest,13,100,95.412,headlight_formation_1_calibration.csv
headlight_formation_lowest,14,10,1.836,headlight_formation_1_calibration.csv
headlight_formation_lowest,14,15,2.744,headlight_formation_1_calibration.csv
headlight_formation_lowest,14,20,3.745,headlight_formation_1_calibration.csv
headlight_formation_lowest,14,25,4.749,headlight_formation_1_calibration.csv
headlight_formation_lowest,14,30,5.759,headlight_formation_1_calibration.csv
headlight_formation_lowest,14,35,8.867,headlight_formation_1_calibration.csv
headlight_formation_lowest,14,40,13.357,headlight_formation_1_calibration.csv
headlight_formation_lowest,14,45,17.876,headlight_formation_1_calibration.csv
headlight_formation_lowest,14,50,22.44,headlight_formation_1_calibration.csv
headlight_formation_lowest,14,55,27.053,headlight_formation_1_calibration.csv
headlight_formation_lowest,14,60,31.679,headlight_formation_1_calibration.csv
headlight_formation_lowest,14,65,37.099,headlight_formation_1_calibration.csv
headlight_formation_lowest,14,70,45.69,headlight_formation_1_calibration.csv
headlight_formation_lowest,14,75,54.238,headlight_formation_1_calibration.csv
headlight_formation_lowest,14,80,62.799,headlight_formation_1_calibration.csv
headlight_formation_lowest,14,85,71.363,headlight_formation_1_calibration.csv
headlight_formation_lowest,14,90,79.943,headlight_formation_1_calibration.csv
headlight_formation_lowest,14,95,88.431,headlight_formation_1_calibration.csv
headlight_formation_lowest,14,100,146.35,headlight_formation_1_calibration.csv
headlight_formation_lowest,15,10,1.888,headlight_formation_1_calibration.csv
headlight_formation_lowest,15,15,2.581,headlight_formation_1_calibration.csv
headlight_formation_lowest,15,20,3.604,headlight_formation_1_calibration.csv
headlight_formation_lowest,15,25,5.001,headlight_formation_1_calibration.csv
headlight_formation_lowest,15,30,6.035,headlight_formation_1_calibration.csv
headlight_formation_lowest,15,35,9.238,headlight_formation_1_calibration.csv
headlight_formation_lowest,15,40,13.88,headlight_formation_1_calibration.csv
headlight_formation_lowest,15,45,18.53,headlight_formation_1_calibration.csv
headlight_formation_lowest,15,50,23.246,headlight_formation_1_calibration.csv
headlight_formation_lowest,15,55,28.004,headlight_formation_1_calibration.csv
headlight_formation_lowest,15,60,32.772,headlight_formation_1_calibration.csv
headlight_formation_lowest,15,65,38.372,headlight_formation_1_calibration.csv
headlight_formation_lowest,15,70,47.337,headlight_formation_1_calibration.csv
headlight_formation_lowest,15,75,56.245,headlight_formation_1_calibration.csv
headlight_formation_lowest,15,80,65.166,headlight_formation_1_calibration.csv
headlight_formation_lowest,15,85,74.103,headlight_formation_1_calibration.csv
headlight_formation_lowest,15,90,83.054,headlight_formation_1_calibration.csv
headlight_formation_lowest,15,95,91.877,headlight_formation_1_calibration.csv
headlight_formation_lowest,15,100,103.28,headlight_formation_1_calibration.csv
headlight_formation_lowest,16,10,2.065,headlight_formation_1_calibration.csv
headlight_formation_lowest,16,15,3.0,headlight_formation_1_calibration.csv
headlight_formation_lowest,16,20,4.028,headlight_formation_1_calibration.csv
headlight_formation_lowest,16,25,5.085,headlight_formation_1_calibration.csv
headlight_formation_lowest,16,30,6.145,headlight_formation_1_calibration.csv
headlight_formation_lowest,16,35,9.421,headlight_formation_1_calibration.csv
headlight_formation_lowest,16,40,14.22,headlight_formation_1_calibration.csv
headlight_formation_lowest,16,45,19.02,headlight_formation_1_calibration.csv
headlight_formation_lowest,16,50,23.85,headlight_formation_1_calibration.csv
headlight_formation_lowest,16,55,28.765,headlight_formation_1_calibration.csv
headlight_formation_lowest,16,60,33.666,headlight_formation_1_calibration.csv
headlight_formation_lowest,16,65,39.442,headlight_formation_1_calibration.csv
headlight_formation_lowest,16,70,48.752,headlight_formation_1_calibration.csv
headlight_formation_lowest,16,75,58.028,headlight_formation_1_calibration.csv
headlight_formation_lowest,16,80,67.277,headlight_formation_1_calibration.csv
headlight_formation_lowest,16,85,76.568,headlight_formation_1_calibration.csv
headlight_formation_lowest,16,90,85.834,headlight_formation_1_calibration.csv
headlight_formation_lowest,16,95,94.99,headlight_formation_1_calibration.csv
headlight_formation_lowest,16,100,106.95,headlight_formation_1_calibration.csv
headlight_formation_lowest,17,10,2.139,headlight_formation_1_calibration.csv
headlight_formation_lowest,17,15,3.077,headlight_formation_1_calibration.csv
headlight_formation_lowest,17,20,4.123,headlight_formation_1_calibration.csv
headlight_formation_lowest,17,25,26.259,headlight_formation_1_calibration.csv
headlight_formation_lowest,17,30,6.197,headlight_formation_1_calibration.csv
headlight_formation_lowest,17,35,9.326,headlight_formation_1_calibration.csv
headlight_formation_lowest,17,40,14.222,headlight_formation_1_calibration.csv
headlight_formation_lowest,17,45,19.236,headlight_formation_1_calibration.csv
headlight_formation_lowest,17,50,24.216,headlight_formation_1_calibration.csv
headlight_formation_lowest,17,55,29.23,headlight_formation_1_calibration.csv
headlight_formation_lowest,17,60,34.309,headlight_formation_1_calibration.csv
headlight_formation_lowest,17,65,40.22,headlight_formation_1_calibration.csv
headlight_formation_lowest,17,70,49.806,headlight_formation_1_calibration.csv
headlight_formation_lowest,17,75,59.362,headlight_formation_1_calibration.csv
headlight_formation_lowest,17,80,68.933,headlight_formation_1_calibration.csv
headlight_formation_lowest,17,85,78.484,headlight_formation_1_calibration.csv
headlight_formation_lowest,17,90,88.001,headlight_formation_1_calibration.csv
headlight_formation_lowest,17,95,97.566,headlight_formation_1_calibration.csv
headlight_formation_lowest,17,100,109.99,headlight_formation_1_calibration.csv
headlight_formation_lowest,18,10,1.972,headlight_formation_1_calibration.csv
headlight_formation_lowest,18,15,2.947,headlight_formation_1_calibration.csv
headlight_formation_lowest,18,20,4.415,headlight_formation_1_calibration.csv
headlight_formation_lowest,18,25,5.12,headlight_formation_1_calibration.csv
headlight_formation_lowest,18,30,6.45,headlight_formation_1_calibration.csv
headlight_formation_lowest,18,35,50.157,headlight_formation_1_calibration.csv
headlight_formation_lowest,18,40,18.256,headlight_formation_1_calibration.csv
headlight_formation_lowest,18,45,227.67,headlight_formation_1_calibration.csv
headlight_formation_lowest,18,50,25.263,headlight_formation_1_calibration.csv
headlight_formation_lowest,18,55,30.321,headlight_formation_1_calibration.csv
headlight_formation_lowest,18,60,35.511,headlight_formation_1_calibration.csv
headlight_formation_lowest,18,65,41.584,headlight_formation_1_calibration.csv
headlight_formation_lowest,18,70,51.483,headlight_formation_1_calibration.csv
headlight_formation_lowest,18,75,61.377,headlight_formation_1_calibration.csv
headlight_formation_lowest,18,80,71.248,headlight_formation_1_calibration.csv
headlight_formation_lowest,18,85,81.107,headlight_formation_1_calibration.csv
headlight_formation_lowest,18,90,90.892,headlight_formation_1_calibration.csv
headlight_formation_lowest,18,95,100.75,headlight_formation_1_calibration.csv
headlight_formation_lowest,18,100,113.69,headlight_formation_1_calibration.csv
headlight_formation_lowest,19,10,2.434,headlight_formation_1_calibration.csv
headlight_formation_lowest,19,15,3.416,headlight_formation_1_calibration.csv
headlight_formation_lowest,19,20,4.492,headlight_formation_1_calibration.csv
headlight_formation_lowest,19,25,5.574,headlight_formation_1_calibration.csv
headlight_formation_lowest,19,30,6.672,headlight_formation_1_calibration.csv
headlight_formation_lowest,19,35,10.186,headlight_formation_1_calibration.csv
headlight_formation_lowest,19,40,15.317,headlight_formation_1_calibration.csv
headlight_formation_lowest,19,45,20.454,headlight_formation_1_calibration.csv
headlight_formation_lowest,19,50,25.665,headlight_formation_1_calibration.csv
headlight_formation_lowest,19,55,30.931,headlight_formation_1_calibration.csv
headlight_formation_lowest,19,60,36.198,headlight_formation_1_calibration.csv
headlight_formation_lowest,19,65,42.429,headlight_formation_1_calibration.csv
headlight_formation_lowest,19,70,52.619,headlight_formation_1_calibration.csv
headlight_formation_lowest,19,75,62.724,headlight_formation_1_calibration.csv
headlight_formation_lowest,19,80,72.861,headlight_formation_1_calibration.csv
headlight_formation_lowest,19,85,83.035,headlight_formation_1_calibration.csv
headlight_formation_lowest,19,90,93.105,headlight_formation_1_calibration.csv
headlight_formation_lowest,19,95,103.22,headlight_formation_1_calibration.csv
headlight_formation_lowest,19,100,116.61,headlight_formation_1_calibration.csv
headlight_formation_lowest,20,10,2.429,headlight_formation_1_calibration.csv
headlight_formation_lowest,20,15,8.392,headlight_formation_1_calibration.csv
headlight_formation_lowest,20,20,4.52,headlight_formation_1_calibration.csv
headlight_formation_lowest,20,25,5.611,headlight_formation_1_calibration.csv
headlight_formation_lowest,20,30,6.745,headlight_formation_1_calibration.csv
headlight_formation_lowest,20,35,10.352,headlight_formation_1_calibration.csv
headlight_formation_lowest,20,40,15.563,headlight_formation_1_calibration.csv
headlight_formation_lowest,20,45,20.84,headlight_formation_1_calibration.csv
headlight_formation_lowest,20,50,26.179,headlight_formation_1_calibration.csv
headlight_formation_lowest,20,55,31.537,headlight_formation_1_calibration.csv
headlight_formation_lowest,20,60,36.908,headlight_formation_1_calibration.csv
headlight_formation_lowest,20,65,43.343,headlight_formation_1_calibration.csv
headlight_formation_lowest,20,70,53.765,headlight_formation_1_calibration.csv
headlight_formation_lowest,20,75,64.16,headlight_formation_1_calibration.csv
headlight_formation_lowest,20,80,74.597,headlight_formation_1_calibration.csv
headlight_formation_lowest,20,85,85.019,headlight_formation_1_calibration.csv
headlight_formation_lowest,20,90,95.337,headlight_formation_1_calibration.csv
headlight_formation_lowest,20,95,105.79,headlight_formation_1_calibration.csv
headlight_formation_lowest,20,100,119.6,headlight_formation_1_calibration.csv
headlight_formation_lowest,21,10,2.455,headlight_formation_1_calibration.csv
headlight_formation_lowest,21,15,3.459,headlight_formation_1_calibration.csv
headlight_formation_lowest,21,20,4.579,headlight_formation_1_calibration.csv
headlight_formation_lowest,21,25,5.699,headlight_formation_1_calibration.csv
headlight_formation_lowest,21,30,6.844,headlight_formation_1_calibration.csv
headlight_formation_lowest,21,35,10.504,headlight_formation_1_calibration.csv
headlight_formation_lowest,21,40,15.849,headlight_formation_1_calibration.csv
headlight_formation_lowest,21,45,21.217,headlight_formation_1_calibration.csv
headlight_formation_lowest,21,50,26.607,headlight_formation_1_calibration.csv
headlight_formation_lowest,21,55,32.116,headlight_formation_1_calibration.csv
headlight_formation_lowest,21,60,37.62,headlight_formation_1_calibration.csv
headlight_formation_lowest,21,65,44.175,headlight_formation_1_calibration.csv
headlight_formation_lowest,21,70,54.845,headlight_formation_1_calibration.csv
headlight_formation_lowest,21,75,65.519,headlight_formation_1_calibration.csv
headlight_formation_lowest,21,80,76.195,headlight_formation_1_calibration.csv
headlight_formation_lowest,21,85,86.808,headlight_formation_1_calibration.csv
headlight_formation_lowest,21,90,97.496,headlight_formation_1_calibration.csv
headlight_formation_lowest,21,95,108.17,headlight_formation_1_calibration.csv
headlight_formation_lowest,21,100,122.42,headlight_formation_1_calibration.csv
headlight_formation_lowest,22,10,2.488,headlight_formation_1_calibration.csv
headlight_formation_lowest,22,15,3.514,headlight_formation_1_calibration.csv
headlight_formation_lowest,22,20,4.63,headlight_formation_1_calibration.csv
headlight_formation_lowest,22,25,5.777,headlight_formation_1_calibration.csv
headlight_formation_lowest,22,30,6.889,headlight_formation_1_calibration.csv
headlight_formation_lowest,22,35,10.569,headlight_formation_1_calibration.csv
headlight_formation_lowest,22,40,16.076,headlight_formation_1_calibration.csv
headlight_formation_lowest,22,45,21.506,headlight_formation_1_calibration.csv
headlight_formation_lowest,22,50,26.982,headlight_formation_1_calibration.csv
headlight_formation_lowest,22,55,32.661,headlight_formation_1_calibration.csv
headlight_formation_lowest,22,60,38.204,headlight_formation_1_calibration.csv
headlight_formation_lowest,22,65,44.855,headlight_formation_1_calibration.csv
headlight_formation_lowest,22,70,55.769,headlight_formation_1_calibration.csv
headlight_formation_lowest,22,75,66.75,headlight_formation_1_calibration.csv
headlight_formation_lowest,22,80,77.632,headlight_formation_1_calibration.csv
headlight_formation_lowest,22,85,88.507,headlight_formation_1_calibration.csv
headlight_formation_lowest,22,90,99.417,headlight_formation_1_calibration.csv
headlight_formation_lowest,22,95,110.34,headlight_formation_1_calibration.csv
headlight_formation_lowest,22,100,125.0,headlight_formation_1_calibration.csv
headlight_formation_lowest,23,10,2.518,headlight_formation_1_calibration.csv
headlight_formation_lowest,23,15,3.544,headlight_formation_1_calibration.csv
headlight_formation_lowest,23,20,4.67,headlight_formation_1_calibration.csv
headlight_formation_lowest,23,25,5.819,headlight_formation_1_calibration.csv
headlight_formation_lowest,23,30,6.987,headlight_formation_1_calibration.csv
headlight_formation_lowest,23,35,10.763,headlight_formation_1_calibration.csv
headlight_formation_lowest,23,40,16.303,headlight_formation_1_calibration.csv
headlight_formation_lowest,23,45,21.881,headlight_formation_1_calibration.csv
headlight_formation_lowest,23,50,27.49,headlight_formation_1_calibration.csv
headlight_formation_lowest,23,55,33.156,headlight_formation_1_calibration.csv
headlight_formation_lowest,23,60,38.843,headlight_formation_1_calibration.csv
headlight_formation_lowest,23,65,45.674,headlight_formation_1_calibration.csv
headlight_formation_lowest,23,70,56.824,headlight_formation_1_calibration.csv
headlight_formation_lowest,23,75,67.966,headlight_formation_1_calibration.csv
headlight_formation_lowest,23,80,79.125,headlight_formation_1_calibration.csv
headlight_formation_lowest,23,85,90.181,headlight_formation_1_calibration.csv
headlight_formation_lowest,23,90,101.37,headlight_formation_1_calibration.csv
headlight_formation_lowest,23,95,112.58,headlight_formation_1_calibration.csv
headlight_formation_lowest,23,100,127.56,headlight_formation_1_calibration.csv
headlight_formation_lowest,24,10,2.523,headlight_formation_1_calibration.csv
headlight_formation_lowest,24,15,3.582,headlight_formation_1_calibration.csv
headlight_formation_lowest,24,20,4.71,headlight_formation_1_calibration.csv
headlight_formation_lowest,24,25,5.874,headlight_formation_1_calibration.csv
headlight_formation_lowest,24,30,7.049,headlight_formation_1_calibration.csv
headlight_formation_lowest,24,35,10.9,headlight_formation_1_calibration.csv
headlight_formation_lowest,24,40,16.519,headlight_formation_1_calibration.csv
headlight_formation_lowest,24,45,22.175,headlight_formation_1_calibration.csv
headlight_formation_lowest,24,50,27.86,headlight_formation_1_calibration.csv
headlight_formation_lowest,24,55,33.629,headlight_formation_1_calibration.csv
headlight_formation_lowest,24,60,39.417,headlight_formation_1_calibration.csv
headlight_formation_lowest,24,65,46.341,headlight_formation_1_calibration.csv
headlight_formation_lowest,24,70,57.691,headlight_formation_1_calibration.csv
headlight_formation_lowest,24,75,69.089,headlight_formation_1_calibration.csv
headlight_formation_lowest,24,80,80.455,headlight_formation_1_calibration.csv
headlight_formation_lowest,24,85,91.75,headlight_formation_1_calibration.csv
headlight_formation_lowest,24,90,103.13,headlight_formation_1_calibration.csv
headlight_formation_lowest,24,95,114.52,headlight_formation_1_calibration.csv
headlight_formation_lowest,24,100,130.08,headlight_formation_1_calibration.csv
headlight_formation_lowest,25,10,2.586,headlight_formation_1_calibration.csv
headlight_formation_lowest,25,15,3.672,headlight_formation_1_calibration.csv
headlight_formation_lowest,25,20,4.853,headlight_formation_1_calibration.csv
headlight_formation_lowest,25,25,6.04,headlight_formation_1_calibration.csv
headlight_formation_lowest,25,30,7.249,headlight_formation_1_calibration.csv
headlight_formation_lowest,25,35,11.236,headlight_formation_1_calibration.csv
headlight_formation_lowest,25,40,17.081,headlight_formation_1_calibration.csv
headlight_formation_lowest,25,45,22.944,headlight_formation_1_calibration.csv
headlight_formation_lowest,25,50,28.844,headlight_formation_1_calibration.csv
headlight_formation_lowest,25,55,34.842,headlight_formation_1_calibration.csv
headlight_formation_lowest,25,60,40.816,headlight_formation_1_calibration.csv
headlight_formation_lowest,25,65,48.017,headlight_formation_1_calibration.csv
headlight_formation_lowest,25,70,59.826,headlight_formation_1_calibration.csv
headlight_formation_lowest,25,75,71.626,headlight_formation_1_calibration.csv
headlight_formation_lowest,25,80,83.427,headlight_formation_1_calibration.csv
headlight_formation_lowest,25,85,95.224,headlight_formation_1_calibration.csv
headlight_formation_lowest,25,90,106.99,headlight_formation_1_calibration.csv
headlight_formation_lowest,25,95,118.8,headlight_formation_1_calibration.csv
headlight_formation_lowest,25,100,134.92,headlight_formation_1_calibration.csv
headlight_formation_lowest,26,10,2.614,headlight_formation_1_calibration.csv
headlight_formation_lowest,26,15,3.705,headlight_formation_1_calibration.csv
headlight_formation_lowest,26,20,4.89,headlight_formation_1_calibration.csv
headlight_formation_lowest,26,25,6.09,headlight_formation_1_calibration.csv
headlight_formation_lowest,26,30,7.319,headlight_formation_1_calibration.csv
headlight_formation_lowest,26,35,11.322,headlight_formation_1_calibration.csv
headlight_formation_lowest,26,40,17.281,headlight_formation_1_calibration.csv
headlight_formation_lowest,26,45,23.188,headlight_formation_1_calibration.csv
headlight_formation_lowest,26,50,29.194,headlight_formation_1_calibration.csv
headlight_formation_lowest,26,55,35.25,headlight_formation_1_calibration.csv
headlight_formation_lowest,26,60,41.28,headlight_formation_1_calibration.csv
headlight_formation_lowest,26,65,48.585,headlight_formation_1_calibration.csv
headlight_formation_lowest,26,70,60.577,headlight_formation_1_calibration.csv
headlight_formation_lowest,26,75,72.578,headlight_formation_1_calibration.csv
headlight_formation_lowest,26,80,84.615,headlight_formation_1_calibration.csv
headlight_formation_lowest,26,85,96.548,headlight_formation_1_calibration.csv
headlight_formation_lowest,26,90,108.54,headlight_formation_1_calibration.csv
headlight_formation_lowest,26,95,120.59,headlight_formation_1_calibration.csv
headlight_formation_lowest,26,100,136.9,headlight_formation_1_calibration.csv
headlight_formation_lowest,27,10,2.63,headlight_formation_1_calibration.csv
headlight_formation_lowest,27,15,3.738,headlight_formation_1_calibration.csv
headlight_formation_lowest,27,20,4.919,headlight_formation_1_calibration.csv
headlight_formation_lowest,27,25,6.123,headlight_formation_1_calibration.csv
headlight_formation_lowest,27,30,7.359,headlight_formation_1_calibration.csv
headlight_formation_lowest,27,35,11.446,headlight_formation_1_calibration.csv
headlight_formation_lowest,27,40,17.424,headlight_formation_1_calibration.csv
headlight_formation_lowest,27,45,23.43,headlight_formation_1_calibration.csv
headlight_formation_lowest,27,50,29.484,headlight_formation_1_calibration.csv
headlight_formation_lowest,27,55,35.6,headlight_formation_1_calibration.csv
headlight_formation_lowest,27,60,41.739,headlight_formation_1_calibration.csv
headlight_formation_lowest,27,65,49.132,headlight_formation_1_calibration.csv
headlight_formation_lowest,27,70,61.304,headlight_formation_1_calibration.csv
headlight_formation_lowest,27,75,73.503,headlight_formation_1_calibration.csv
headlight_formation_lowest,27,80,85.669,headlight_formation_1_calibration.csv
headlight_formation_lowest,27,85,97.757,headlight_formation_1_calibration.csv
headlight_formation_lowest,27,90,109.94,headlight_formation_1_calibration.csv
headlight_formation_lowest,27,95,122.14,headlight_formation_1_calibration.csv
headlight_formation_lowest,27,100,138.82,headlight_formation_1_calibration.csv
headlight_formation_lowest,28,10,2.645,headlight_formation_1_calibration.csv
headlight_formation_lowest,28,15,3.745,headlight_formation_1_calibration.csv
headlight_formation_lowest,28,20,4.938,headlight_formation_1_calibration.csv
headlight_formation_lowest,28,25,6.168,headlight_formation_1_calibration.csv
headlight_formation_lowest,28,30,7.395,headlight_formation_1_calibration.csv
headlight_formation_lowest,28,35,11.5,headlight_formation_1_calibration.csv
headlight_formation_lowest,28,40,17.55,headlight_formation_1_calibration.csv
headlight_formation_lowest,28,45,23.623,headlight_formation_1_calibration.csv
headlight_formation_lowest,28,50,29.735,headlight_formation_1_calibration.csv
headlight_formation_lowest,28,55,35.873,headlight_formation_1_calibration.csv
headlight_formation_lowest,28,60,42.079,headlight_formation_1_calibration.csv
headlight_formation_lowest,28,65,49.56,headlight_formation_1_calibration.csv
headlight_formation_lowest,28,70,61.919,headlight_formation_1_calibration.csv
headlight_formation_lowest,28,75,74.199,headlight_formation_1_calibration.csv
headlight_formation_lowest,28,80,86.429,headlight_formation_1_calibration.csv
headlight_formation_lowest,28,85,98.806,headlight_formation_1_calibration.csv
headlight_formation_lowest,28,90,111.09,headlight_formation_1_calibration.csv
headlight_formation_lowest,28,95,123.42,headlight_formation_1_calibration.csv
headlight_formation_lowest,28,100,140.36,headlight_formation_1_calibration.csv
headlight_formation_lowest,29,10,2.651,headlight_formation_1_calibration.csv
headlight_formation_lowest,29,15,3.764,headlight_formation_1_calibration.csv
headlight_formation_lowest,29,20,4.977,headlight_formation_1_calibration.csv
headlight_formation_lowest,29,25,6.196,headlight_formation_1_calibration.csv
headlight_formation_lowest,29,30,7.435,headlight_formation_1_calibration.csv
headlight_formation_lowest,29,35,11.597,headlight_formation_1_calibration.csv
headlight_formation_lowest,29,40,17.695,headlight_formation_1_calibration.csv
headlight_formation_lowest,29,45,23.839,headlight_formation_1_calibration.csv
headlight_formation_lowest,29,50,30.017,headlight_formation_1_calibration.csv
headlight_formation_lowest,29,55,36.243,headlight_formation_1_calibration.csv
headlight_formation_lowest,29,60,42.504,headlight_formation_1_calibration.csv
headlight_formation_lowest,29,65,50.066,headlight_formation_1_calibration.csv
headlight_formation_lowest,29,70,62.545,headlight_formation_1_calibration.csv
headlight_formation_lowest,29,75,75.041,headlight_formation_1_calibration.csv
headlight_formation_lowest,29,80,87.443,headlight_formation_1_calibration.csv
headlight_formation_lowest,29,85,99.937,headlight_formation_1_calibration.csv
headlight_formation_lowest,29,90,112.45,headlight_formation_1_calibration.csv
headlight_formation_lowest,29,95,124.99,headlight_formation_1_calibration.csv
headlight_formation_lowest,29,100,142.16,headlight_formation_1_calibration.csv
headlight_formation_lowest,30,10,2.656,headlight_formation_1_calibration.csv
headlight_formation_lowest,30,15,3.79,headlight_formation_1_calibration.csv
headlight_formation_lowest,30,20,4.995,headlight_formation_1_calibration.csv
headlight_formation_lowest,30,25,6.226,headlight_formation_1_calibration.csv
headlight_formation_lowest,30,30,7.479,headlight_formation_1_calibration.csv
headlight_formation_lowest,30,35,11.684,headlight_formation_1_calibration.csv
headlight_formation_lowest,30,40,17.856,headlight_formation_1_calibration.csv
headlight_formation_lowest,30,45,24.056,headlight_formation_1_calibration.csv
headlight_formation_lowest,30,50,30.296,headlight_formation_1_calibration.csv
headlight_formation_lowest,30,55,36.603,headlight_formation_1_calibration.csv
headlight_formation_lowest,30,60,42.949,headlight_formation_1_calibration.csv
headlight_formation_lowest,30,65,50.547,headlight_formation_1_calibration.csv
headlight_formation_lowest,30,70,63.208,headlight_formation_1_calibration.csv
headlight_formation_lowest,30,75,75.759,headlight_formation_1_calibration.csv
headlight_formation_lowest,30,80,88.347,headlight_formation_1_calibration.csv
headlight_formation_lowest,30,85,100.25,headlight_formation_1_calibration.csv
headlight_formation_lowest,30,90,112.97,headlight_formation_1_calibration.csv
headlight_formation_lowest,30,95,125.59,headlight_formation_1_calibration.csv
headlight_formation_lowest,30,100,143.09,headlight_formation_1_calibration.csv
headlight_formation_lowest,31,10,1.862,headlight_formation_1_calibration.csv
headlight_formation_lowest,31,15,2.998,headlight_formation_1_calibration.csv
headlight_formation_lowest,31,20,4.512,headlight_formation_1_calibration.csv
headlight_formation_lowest,31,25,5.615,headlight_formation_1_calibration.csv
headlight_formation_lowest,31,30,6.93,headlight_formation_1_calibration.csv
headlight_formation_lowest,31,35,10.935,headlight_formation_1_calibration.csv
headlight_formation_lowest,31,40,17.148,headlight_formation_1_calibration.csv
headlight_formation_lowest,31,45,23.407,headlight_formation_1_calibration.csv
headlight_formation_lowest,31,50,29.817,headlight_formation_1_calibration.csv
headlight_formation_lowest,31,55,36.165,headlight_formation_1_calibration.csv
headlight_formation_lowest,31,60,42.492,headlight_formation_1_calibration.csv
headlight_formation_lowest,31,65,50.215,headlight_formation_1_calibration.csv
headlight_formation_lowest,31,70,63.127,headlight_formation_1_calibration.csv
headlight_formation_lowest,31,75,75.793,headlight_formation_1_calibration.csv
headlight_formation_lowest,31,80,88.533,headlight_formation_1_calibration.csv
headlight_formation_lowest,31,85,101.39,headlight_formation_1_calibration.csv
headlight_formation_lowest,31,90,114.2,headlight_formation_1_calibration.csv
headlight_formation_lowest,31,95,127.0,headlight_formation_1_calibration.csv
headlight_formation_lowest,31,100,144.81,headlight_formation_1_calibration.csv
headlight_formation_lowest,32,10,1.877,headlight_formation_1_calibration.csv
headlight_formation_lowest,32,15,3.1,headlight_formation_1_calibration.csv
headlight_formation_lowest,32,20,4.224,headlight_formation_1_calibration.csv
headlight_formation_lowest,32,25,5.514,headlight_formation_1_calibration.csv
headlight_formation_lowest,32,30,6.734,headlight_formation_1_calibration.csv
headlight_formation_lowest,32,35,11.008,headlight_formation_1_calibration.csv
headlight_formation_lowest,32,40,17.297,headlight_formation_1_calibration.csv
headlight_formation_lowest,32,45,23.61,headlight_formation_1_calibration.csv
headlight_formation_lowest,32,50,29.977,headlight_formation_1_calibration.csv
headlight_formation_lowest,32,55,36.398,headlight_formation_1_calibration.csv
headlight_formation_lowest,32,60,42.852,headlight_formation_1_calibration.csv
headlight_formation_lowest,32,65,50.649,headlight_formation_1_calibration.csv
headlight_formation_lowest,32,70,63.614,headlight_formation_1_calibration.csv
headlight_formation_lowest,32,75,76.582,headlight_formation_1_calibration.csv
headlight_formation_lowest,32,80,89.47,headlight_formation_1_calibration.csv
headlight_formation_lowest,32,85,102.41,headlight_formation_1_calibration.csv
headlight_formation_lowest,32,90,115.37,headlight_formation_1_calibration.csv
headlight_formation_lowest,32,95,128.42,headlight_formation_1_calibration.csv
headlight_formation_lowest,32,100,146.34,headlight_formation_1_calibration.csv
headlight_formation_lowest,33,10,1.863,headlight_formation_1_calibration.csv
headlight_formation_lowest,33,15,3.013,headlight_formation_1_calibration.csv
headlight_formation_lowest,33,20,4.239,headlight_formation_1_calibration.csv
headlight_formation_lowest,33,25,5.49,headlight_formation_1_calibration.csv
headlight_formation_lowest,33,30,6.767,headlight_formation_1_calibration.csv
headlight_formation_lowest,33,35,11.084,headlight_formation_1_calibration.csv
headlight_formation_lowest,33,40,17.412,headlight_formation_1_calibration.csv
headlight_formation_lowest,33,45,23.778,headlight_formation_1_calibration.csv
headlight_formation_lowest,33,50,30.179,headlight_formation_1_calibration.csv
headlight_formation_lowest,33,55,36.661,headlight_formation_1_calibration.csv
headlight_formation_lowest,33,60,43.21,headlight_formation_1_calibration.csv
headlight_formation_lowest,33,65,51.004,headlight_formation_1_calibration.csv
headlight_formation_lowest,33,70,64.093,headlight_formation_1_calibration.csv
headlight_formation_lowest,33,75,77.21,headlight_formation_1_calibration.csv
headlight_formation_lowest,33,80,90.175,headlight_formation_1_calibration.csv
headlight_formation_lowest,33,85,103.28,headlight_formation_1_calibration.csv
headlight_formation_lowest,33,90,116.43,headlight_formation_1_calibration.csv
headlight_formation_lowest,33,95,129.62,headlight_formation_1_calibration.csv
headlight_formation_lowest,33,100,147.67,headlight_formation_1_calibration.csv
headlight_formation_lowest,34,10,1.88,headlight_formation_1_calibration.csv
headlight_formation_lowest,34,15,3.03,headlight_formation_1_calibration.csv
headlight_formation_lowest,34,20,4.256,headlight_formation_1_calibration.csv
headlight_formation_lowest,34,25,5.535,headlight_formation_1_calibration.csv
headlight_formation_lowest,34,30,6.79,headlight_formation_1_calibration.csv
headlight_formation_lowest,34,35,11.133,headlight_formation_1_calibration.csv
headlight_formation_lowest,34,40,17.547,headlight_formation_1_calibration.csv
headlight_formation_lowest,34,45,23.953,headlight_formation_1_calibration.csv
headlight_formation_lowest,34,50,30.425,headlight_formation_1_calibration.csv
headlight_formation_lowest,34,55,36.97,headlight_formation_1_calibration.csv
headlight_formation_lowest,34,60,43.554,headlight_formation_1_calibration.csv
headlight_formation_lowest,34,65,51.433,headlight_formation_1_calibration.csv
headlight_formation_lowest,34,70,64.677,headlight_formation_1_calibration.csv
headlight_formation_lowest,34,75,77.882,headlight_formation_1_calibration.csv
headlight_formation_lowest,34,80,90.996,headlight_formation_1_calibration.csv
headlight_formation_lowest,34,85,104.3,headlight_formation_1_calibration.csv
headlight_formation_lowest,34,90,117.55,headlight_formation_1_calibration.csv
headlight_formation_lowest,34,95,130.89,headlight_formation_1_calibration.csv
headlight_formation_lowest,34,100,149.2,headlight_formation_1_calibration.csv
headlight_formation_lowest,35,10,1.9,headlight_formation_1_calibration.csv
headlight_formation_lowest,35,15,3.047,headlight_formation_1_calibration.csv
headlight_formation_lowest,35,20,4.276,headlight_formation_1_calibration.csv
headlight_formation_lowest,35,25,5.557,headlight_formation_1_calibration.csv
headlight_formation_lowest,35,30,6.842,headlight_formation_1_calibration.csv
headlight_formation_lowest,35,35,11.219,headlight_formation_1_calibration.csv
headlight_formation_lowest,35,40,17.651,headlight_formation_1_calibration.csv
headlight_formation_lowest,35,45,24.133,headlight_formation_1_calibration.csv
headlight_formation_lowest,35,50,30.664,headlight_formation_1_calibration.csv
headlight_formation_lowest,35,55,37.244,headlight_formation_1_calibration.csv
headlight_formation_lowest,35,60,43.904,headlight_formation_1_calibration.csv
headlight_formation_lowest,35,65,51.856,headlight_formation_1_calibration.csv
headlight_formation_lowest,35,70,65.203,headlight_formation_1_calibration.csv
headlight_formation_lowest,35,75,78.578,headlight_formation_1_calibration.csv
headlight_formation_lowest,35,80,91.847,headlight_formation_1_calibration.csv
headlight_formation_lowest,35,85,105.18,headlight_formation_1_calibration.csv
headlight_formation_lowest,35,90,118.62,headlight_formation_1_calibration.csv
headlight_formation_lowest,35,95,132.17,headlight_formation_1_calibration.csv
headlight_formation_lowest,35,100,150.61,headlight_formation_1_calibration.csv
headlight_formation_lowest,36,10,1.902,headlight_formation_1_calibration.csv
headlight_formation_lowest,36,15,3.068,headlight_formation_1_calibration.csv
headlight_formation_lowest,36,20,4.319,headlight_formation_1_calibration.csv
headlight_formation_lowest,36,25,5.578,headlight_formation_1_calibration.csv
headlight_formation_lowest,36,30,6.876,headlight_formation_1_calibration.csv
headlight_formation_lowest,36,35,11.284,headlight_formation_1_calibration.csv
headlight_formation_lowest,36,40,17.79,headlight_formation_1_calibration.csv
headlight_formation_lowest,36,45,24.309,headlight_formation_1_calibration.csv
headlight_formation_lowest,36,50,30.856,headlight_formation_1_calibration.csv
headlight_formation_lowest,36,55,37.523,headlight_formation_1_calibration.csv
headlight_formation_lowest,36,60,44.22,headlight_formation_1_calibration.csv
headlight_formation_lowest,36,65,52.239,headlight_formation_1_calibration.csv
headlight_formation_lowest,36,70,65.73,headlight_formation_1_calibration.csv
headlight_formation_lowest,36,75,79.257,headlight_formation_1_calibration.csv
headlight_formation_lowest,36,80,92.652,headlight_formation_1_calibration.csv
headlight_formation_lowest,36,85,106.14,headlight_formation_1_calibration.csv
headlight_formation_lowest,36,90,119.66,headlight_formation_1_calibration.csv
headlight_formation_lowest,36,95,133.31,headlight_formation_1_calibration.csv
headlight_formation_lowest,36,100,151.94,headlight_formation_1_calibration.csv
headlight_formation_lowest,37,10,1.911,headlight_formation_1_calibration.csv
headlight_formation_lowest,37,15,3.076,headlight_formation_1_calibration.csv
headlight_formation_lowest,37,20,4.333,headlight_formation_1_calibration.csv
headlight_formation_lowest,37,25,5.623,headlight_formation_1_calibration.csv
headlight_formation_lowest,37,30,6.898,headlight_formation_1_calibration.csv
headlight_formation_lowest,37,35,11.356,headlight_formation_1_calibration.csv
headlight_formation_lowest,37,40,17.92,headlight_formation_1_calibration.csv
headlight_formation_lowest,37,45,24.46,headlight_formation_1_calibration.csv
headlight_formation_lowest,37,50,31.1,headlight_formation_1_calibration.csv
headlight_formation_lowest,37,55,37.804,headlight_formation_1_calibration.csv
headlight_formation_lowest,37,60,44.524,headlight_formation_1_calibration.csv
headlight_formation_lowest,37,65,52.613,headlight_formation_1_calibration.csv
headlight_formation_lowest,37,70,66.271,headlight_formation_1_calibration.csv
headlight_formation_lowest,37,75,79.88,headlight_formation_1_calibration.csv
headlight_formation_lowest,37,80,93.396,headlight_formation_1_calibration.csv
headlight_formation_lowest,37,85,107.08,headlight_formation_1_calibration.csv
headlight_formation_lowest,37,90,120.69,headlight_formation_1_calibration.csv
headlight_formation_lowest,37,95,134.49,headlight_formation_1_calibration.csv
headlight_formation_lowest,37,100,153.42,headlight_formation_1_calibration.csv
headlight_formation_lowest,38,10,1.924,headlight_formation_1_calibration.csv
headlight_formation_lowest,38,15,3.081,headlight_formation_1_calibration.csv
headlight_formation_lowest,38,20,4.353,headlight_formation_1_calibration.csv
headlight_formation_lowest,38,25,5.648,headlight_formation_1_calibration.csv
headlight_formation_lowest,38,30,6.926,headlight_formation_1_calibration.csv
headlight_formation_lowest,38,35,11.418,headlight_formation_1_calibration.csv
headlight_formation_lowest,38,40,18.005,headlight_formation_1_calibration.csv
headlight_formation_lowest,38,45,24.605,headlight_formation_1_calibration.csv
headlight_formation_lowest,38,50,31.271,headlight_formation_1_calibration.csv
headlight_formation_lowest,38,55,38.007,headlight_formation_1_calibration.csv
headlight_formation_lowest,38,60,44.806,headlight_formation_1_calibration.csv
headlight_formation_lowest,38,65,52.958,headlight_formation_1_calibration.csv
headlight_formation_lowest,38,70,66.718,headlight_formation_1_calibration.csv
headlight_formation_lowest,38,75,80.417,headlight_formation_1_calibration.csv
headlight_formation_lowest,38,80,94.072,headlight_formation_1_calibration.csv
headlight_formation_lowest,38,85,107.8,headlight_formation_1_calibration.csv
headlight_formation_lowest,38,90,121.56,headlight_formation_1_calibration.csv
headlight_formation_lowest,38,95,135.5,headlight_formation_1_calibration.csv
headlight_formation_lowest,38,100,154.53,headlight_formation_1_calibration.csv
headlight_formation_lowest,39,10,1.938,headlight_formation_1_calibration.csv
headlight_formation_lowest,39,15,3.11,headlight_formation_1_calibration.csv
headlight_formation_lowest,39,20,4.375,headlight_formation_1_calibration.csv
headlight_formation_lowest,39,25,5.667,headlight_formation_1_calibration.csv
headlight_formation_lowest,39,30,6.97,headlight_formation_1_calibration.csv
headlight_formation_lowest,39,35,11.464,headlight_formation_1_calibration.csv
headlight_formation_lowest,39,40,18.115,headlight_formation_1_calibration.csv
headlight_formation_lowest,39,45,24.779,headlight_formation_1_calibration.csv
headlight_formation_lowest,39,50,31.462,headlight_formation_1_calibration.csv
headlight_formation_lowest,39,55,38.277,headlight_formation_1_calibration.csv
headlight_formation_lowest,39,60,45.109,headlight_formation_1_calibration.csv
headlight_formation_lowest,39,65,53.297,headlight_formation_1_calibration.csv
headlight_formation_lowest,39,70,67.183,headlight_formation_1_calibration.csv
headlight_formation_lowest,39,75,81.072,headlight_formation_1_calibration.csv
headlight_formation_lowest,39,80,94.804,headlight_formation_1_calibration.csv
headlight_formation_lowest,39,85,108.65,headlight_formation_1_calibration.csv
headlight_formation_lowest,39,90,122.54,headlight_formation_1_calibration.csv
headlight_formation_lowest,39,95,136.52,headlight_formation_1_calibration.csv
headlight_formation_lowest,39,100,155.8,headlight_formation_1_calibration.csv
headlight_formation_lowest,40,10,1.946,headlight_formation_1_calibration.csv
headlight_formation_lowest,40,15,3.122,headlight_formation_1_calibration.csv
headlight_formation_lowest,40,20,4.399,headlight_formation_1_calibration.csv
headlight_formation_lowest,40,25,5.695,headlight_formation_1_calibration.csv
headlight_formation_lowest,40,30,6.991,headlight_formation_1_calibration.csv
headlight_formation_lowest,40,35,11.529,headlight_formation_1_calibration.csv
headlight_formation_lowest,40,40,18.211,headlight_formation_1_calibration.csv
headlight_formation_lowest,40,45,24.93,headlight_formation_1_calibration.csv
headlight_formation_lowest,40,50,31.684,headlight_formation_1_calibration.csv
headlight_formation_lowest,40,55,38.524,headlight_formation_1_calibration.csv
headlight_formation_lowest,40,60,45.414,headlight_formation_1_calibration.csv
headlight_formation_lowest,40,65,53.676,headlight_formation_1_calibration.csv
headlight_formation_lowest,40,70,67.662,headlight_formation_1_calibration.csv
headlight_formation_lowest,40,75,81.611,headlight_formation_1_calibration.csv
headlight_formation_lowest,40,80,95.5,headlight_formation_1_calibration.csv
headlight_formation_lowest,40,85,109.53,headlight_formation_1_calibration.csv
headlight_formation_lowest,40,90,123.49,headlight_formation_1_calibration.csv
headlight_formation_lowest,40,95,137.61,headlight_formation_1_calibration.csv
headlight_formation_lowest,40,100,157.1,headlight_formation_1_calibration.csv
headlight_formation_lowest,41,10,1.956,headlight_formation_1_calibration.csv
headlight_formation_lowest,41,15,3.14,headlight_formation_1_calibration.csv
headlight_formation_lowest,41,20,4.414,headlight_formation_1_calibration.csv
headlight_formation_lowest,41,25,5.725,headlight_formation_1_calibration.csv
headlight_formation_lowest,41,30,7.025,headlight_formation_1_calibration.csv
headlight_formation_lowest,41,35,11.584,headlight_formation_1_calibration.csv
headlight_formation_lowest,41,40,18.334,headlight_formation_1_calibration.csv
headlight_formation_lowest,41,45,25.059,headlight_formation_1_calibration.csv
headlight_formation_lowest,41,50,31.884,headlight_formation_1_calibration.csv
headlight_formation_lowest,41,55,38.746,headlight_formation_1_calibration.csv
headlight_formation_lowest,41,60,45.668,headlight_formation_1_calibration.csv
headlight_formation_lowest,41,65,54.014,headlight_formation_1_calibration.csv
headlight_formation_lowest,41,70,68.095,headlight_formation_1_calibration.csv
headlight_formation_lowest,41,75,82.193,headlight_formation_1_calibration.csv
headlight_formation_lowest,41,80,96.212,headlight_formation_1_calibration.csv
headlight_formation_lowest,41,85,110.36,headlight_formation_1_calibration.csv
headlight_formation_lowest,41,90,124.41,headlight_formation_1_calibration.csv
headlight_formation_lowest,41,95,138.68,headlight_formation_1_calibration.csv
headlight_formation_lowest,41,100,158.32,headlight_formation_1_calibration.csv
headlight_formation_lowest,42,10,1.96,headlight_formation_1_calibration.csv
headlight_formation_lowest,42,15,3.15,headlight_formation_1_calibration.csv
headlight_formation_lowest,42,20,4.435,headlight_formation_1_calibration.csv
headlight_formation_lowest,42,25,5.742,headlight_formation_1_calibration.csv
headlight_formation_lowest,42,30,7.057,headlight_formation_1_calibration.csv
headlight_formation_lowest,42,35,11.65,headlight_formation_1_calibration.csv
headlight_formation_lowest,42,40,18.412,headlight_formation_1_calibration.csv
headlight_formation_lowest,42,45,25.217,headlight_formation_1_calibration.csv
headlight_formation_lowest,42,50,32.034,headlight_formation_1_calibration.csv
headlight_formation_lowest,42,55,38.975,headlight_formation_1_calibration.csv
headlight_formation_lowest,42,60,45.995,headlight_formation_1_calibration.csv
headlight_formation_lowest,42,65,54.314,headlight_formation_1_calibration.csv
headlight_formation_lowest,42,70,68.519,headlight_formation_1_calibration.csv
headlight_formation_lowest,42,75,82.75,headlight_formation_1_calibration.csv
headlight_formation_lowest,42,80,96.875,headlight_formation_1_calibration.csv
headlight_formation_lowest,42,85,111.09,headlight_formation_1_calibration.csv
headlight_formation_lowest,42,90,125.33,headlight_formation_1_calibration.csv
headlight_formation_lowest,42,95,139.65,headlight_formation_1_calibration.csv
headlight_formation_lowest,42,100,159.5,headlight_formation_1_calibration.csv
headlight_formation_lowest,43,10,1.968,headlight_formation_1_calibration.csv
headlight_formation_lowest,43,15,3.16,headlight_formation_1_calibration.csv
headlight_formation_lowest,43,20,4.447,headlight_formation_1_calibration.csv
headlight_formation_lowest,43,25,5.772,headlight_formation_1_calibration.csv
headlight_formation_lowest,43,30,7.084,headlight_formation_1_calibration.csv
headlight_formation_lowest,43,35,11.687,headlight_formation_1_calibration.csv
headlight_formation_lowest,43,40,18.508,headlight_formation_1_calibration.csv
headlight_formation_lowest,43,45,25.316,headlight_formation_1_calibration.csv
headlight_formation_lowest,43,50,32.213,headlight_formation_1_calibration.csv
headlight_formation_lowest,43,55,39.204,headlight_formation_1_calibration.csv
headlight_formation_lowest,43,60,46.17,headlight_formation_1_calibration.csv
headlight_formation_lowest,43,65,54.583,headlight_formation_1_calibration.csv
headlight_formation_lowest,43,70,69.001,headlight_formation_1_calibration.csv
headlight_formation_lowest,43,75,83.244,headlight_formation_1_calibration.csv
headlight_formation_lowest,43,80,97.439,headlight_formation_1_calibration.csv
headlight_formation_lowest,43,85,111.79,headlight_formation_1_calibration.csv
headlight_formation_lowest,43,90,126.07,headlight_formation_1_calibration.csv
headlight_formation_lowest,43,95,140.5,headlight_formation_1_calibration.csv
headlight_formation_lowest,43,100,160.46,headlight_formation_1_calibration.csv
headlight_formation_lowest,44,10,1.982,headlight_formation_1_calibration.csv
headlight_formation_lowest,44,15,3.155,headlight_formation_1_calibration.csv
headlight_formation_lowest,44,20,4.459,headlight_formation_1_calibration.csv
headlight_formation_lowest,44,25,5.776,headlight_formation_1_calibration.csv
headlight_formation_lowest,44,30,7.104,headlight_formation_1_calibration.csv
headlight_formation_lowest,44,35,11.735,headlight_formation_1_calibration.csv
headlight_formation_lowest,44,40,18.593,headlight_formation_1_calibration.csv
headlight_formation_lowest,44,45,25.466,headlight_formation_1_calibration.csv
headlight_formation_lowest,44,50,32.395,headlight_formation_1_calibration.csv
headlight_formation_lowest,44,55,39.391,headlight_formation_1_calibration.csv
headlight_formation_lowest,44,60,46.437,headlight_formation_1_calibration.csv
headlight_formation_lowest,44,65,54.943,headlight_formation_1_calibration.csv
headlight_formation_lowest,44,70,69.333,headlight_formation_1_calibration.csv
headlight_formation_lowest,44,75,83.767,headlight_formation_1_calibration.csv
headlight_formation_lowest,44,80,98.083,headlight_formation_1_calibration.csv
headlight_formation_lowest,44,85,112.5,headlight_formation_1_calibration.csv
headlight_formation_lowest,44,90,126.89,headlight_formation_1_calibration.csv
headlight_formation_lowest,44,95,141.51,headlight_formation_1_calibration.csv
headlight_formation_lowest,44,100,161.65,headlight_formation_1_calibration.csv
headlight_formation_lowest,45,10,1.984,headlight_formation_1_calibration.csv
headlight_formation_lowest,45,15,3.195,headlight_formation_1_calibration.csv
headlight_formation_lowest,45,20,4.481,headlight_formation_1_calibration.csv
headlight_formation_lowest,45,25,5.795,headlight_formation_1_calibration.csv
headlight_formation_lowest,45,30,7.138,headlight_formation_1_calibration.csv
headlight_formation_lowest,45,35,11.792,headlight_formation_1_calibration.csv
headlight_formation_lowest,45,40,18.692,headlight_formation_1_calibration.csv
headlight_formation_lowest,45,45,25.604,headlight_formation_1_calibration.csv
headlight_formation_lowest,45,50,32.571,headlight_formation_1_calibration.csv
headlight_formation_lowest,45,55,39.61,headlight_formation_1_calibration.csv
headlight_formation_lowest,45,60,46.726,headlight_formation_1_calibration.csv
headlight_formation_lowest,45,65,55.257,headlight_formation_1_calibration.csv
headlight_formation_lowest,45,70,69.8,headlight_formation_1_calibration.csv
headlight_formation_lowest,45,75,84.296,headlight_formation_1_calibration.csv
headlight_formation_lowest,45,80,98.697,headlight_formation_1_calibration.csv
headlight_formation_lowest,45,85,113.26,headlight_formation_1_calibration.csv
headlight_formation_lowest,45,90,127.8,headlight_formation_1_calibration.csv
headlight_formation_lowest,45,95,142.44,headlight_formation_1_calibration.csv
headlight_formation_lowest,45,100,162.69,headlight_formation_1_calibration.csv
headlight_formation_lowest,46,10,1.984,headlight_formation_1_calibration.csv
headlight_formation_lowest,46,15,3.192,headlight_formation_1_calibration.csv
headlight_formation_lowest,46,20,4.499,headlight_formation_1_calibration.csv
headlight_formation_lowest,46,25,5.833,headlight_formation_1_calibration.csv
headlight_formation_lowest,46,30,7.151,headlight_formation_1_calibration.csv
headlight_formation_lowest,46,35,11.849,headlight_formation_1_calibration.csv
headlight_formation_lowest,46,40,18.802,headlight_formation_1_calibration.csv
headlight_formation_lowest,46,45,25.731,headlight_formation_1_calibration.csv
headlight_formation_lowest,46,50,32.749,headlight_formation_1_calibration.csv
headlight_formation_lowest,46,55,39.835,headlight_formation_1_calibration.csv
headlight_formation_lowest,46,60,46.944,headlight_formation_1_calibration.csv
headlight_formation_lowest,46,65,55.571,headlight_formation_1_calibration.csv
headlight_formation_lowest,46,70,70.222,headlight_formation_1_calibration.csv
headlight_formation_lowest,46,75,84.806,headlight_formation_1_calibration.csv
headlight_formation_lowest,46,80,99.271,headlight_formation_1_calibration.csv
headlight_formation_lowest,46,85,113.98,headlight_formation_1_calibration.csv
headlight_formation_lowest,46,90,128.6,headlight_formation_1_calibration.csv
headlight_formation_lowest,46,95,143.35,headlight_formation_1_calibration.csv
headlight_formation_lowest,46,100,163.87,headlight_formation_1_calibration.csv
headlight_formation_lowest,47,10,1.998,headlight_formation_1_calibration.csv
headlight_formation_lowest,47,15,3.214,headlight_formation_1_calibration.csv
headlight_formation_lowest,47,20,4.502,headlight_formation_1_calibration.csv
headlight_formation_lowest,47,25,5.859,headlight_formation_1_calibration.csv
headlight_formation_lowest,47,30,7.188,headlight_formation_1_calibration.csv
headlight_formation_lowest,47,35,11.901,headlight_formation_1_calibration.csv
headlight_formation_lowest,47,40,18.879,headlight_formation_1_calibration.csv
headlight_formation_lowest,47,45,25.855,headlight_formation_1_calibration.csv
headlight_formation_lowest,47,50,32.918,headlight_formation_1_calibration.csv
headlight_formation_lowest,47,55,40.034,headlight_formation_1_calibration.csv
headlight_formation_lowest,47,60,47.207,headlight_formation_1_calibration.csv
headlight_formation_lowest,47,65,55.857,headlight_formation_1_calibration.csv
headlight_formation_lowest,47,70,70.582,headlight_formation_1_calibration.csv
headlight_formation_lowest,47,75,85.304,headlight_formation_1_calibration.csv
headlight_formation_lowest,47,80,99.953,headlight_formation_1_calibration.csv
headlight_formation_lowest,47,85,114.66,headlight_formation_1_calibration.csv
headlight_formation_lowest,47,90,129.53,headlight_formation_1_calibration.csv
headlight_formation_lowest,47,95,144.3,headlight_formation_1_calibration.csv
headlight_formation_lowest,47,100,164.87,headlight_formation_1_calibration.csv
headlight_formation_lowest,48,10,1.999,headlight_formation_1_calibration.csv
headlight_formation_lowest,48,15,3.219,headlight_formation_1_calibration.csv
headlight_formation_lowest,48,20,4.52,headlight_formation_1_calibration.csv
headlight_formation_lowest,48,25,5.867,headlight_formation_1_calibration.csv
headlight_formation_lowest,48,30,7.215,headlight_formation_1_calibration.csv
headlight_formation_lowest,48,35,11.947,headlight_formation_1_calibration.csv
headlight_formation_lowest,48,40,18.949,headlight_formation_1_calibration.csv
headlight_formation_lowest,48,45,25.973,headlight_formation_1_calibration.csv
headlight_formation_lowest,48,50,33.044,headlight_formation_1_calibration.csv
headlight_formation_lowest,48,55,40.196,headlight_formation_1_calibration.csv
headlight_formation_lowest,48,60,47.444,headlight_formation_1_calibration.csv
headlight_formation_lowest,48,65,56.107,headlight_formation_1_calibration.csv
headlight_formation_lowest,48,70,70.931,headlight_formation_1_calibration.csv
headlight_formation_lowest,48,75,85.753,headlight_formation_1_calibration.csv
headlight_formation_lowest,48,80,100.45,headlight_formation_1_calibration.csv
headlight_formation_lowest,48,85,115.27,headlight_formation_1_calibration.csv
headlight_formation_lowest,48,90,130.21,headlight_formation_1_calibration.csv
headlight_formation_lowest,48,95,145.0,headlight_formation_1_calibration.csv
headlight_formation_lowest,48,100,165.77,headlight_formation_1_calibration.csv
headlight_formation_lowest,49,10,2.007,headlight_formation_1_calibration.csv
headlight_formation_lowest,49,15,3.225,headlight_formation_1_calibration.csv
headlight_formation_lowest,49,20,4.901,headlight_formation_1_calibration.csv
headlight_formation_lowest,49,25,5.886,headlight_formation_1_calibration.csv
headlight_formation_lowest,49,30,7.313,headlight_formation_1_calibration.csv
headlight_formation_lowest,49,35,12.01,headlight_formation_1_calibration.csv
headlight_formation_lowest,49,40,19.041,headlight_formation_1_calibration.csv
headlight_formation_lowest,49,45,26.07,headlight_formation_1_calibration.csv
headlight_formation_lowest,49,50,33.191,headlight_formation_1_calibration.csv
headlight_formation_lowest,49,55,40.414,headlight_formation_1_calibration.csv
headlight_formation_lowest,49,60,47.653,headlight_formation_1_calibration.csv
headlight_formation_lowest,49,65,56.413,headlight_formation_1_calibration.csv
headlight_formation_lowest,49,70,71.291,headlight_formation_1_calibration.csv
headlight_formation_lowest,49,75,86.119,headlight_formation_1_calibration.csv
headlight_formation_lowest,49,80,100.96,headlight_formation_1_calibration.csv
headlight_formation_lowest,49,85,115.92,headlight_formation_1_calibration.csv
headlight_formation_lowest,49,90,130.94,headlight_formation_1_calibration.csv
headlight_formation_lowest,49,95,145.87,headlight_formation_1_calibration.csv
headlight_formation_lowest,49,100,166.79,headlight_formation_1_calibration.csv
headlight_formation_lowest,50,10,2.017,headlight_formation_1_calibration.csv
headlight_formation_lowest,50,15,3.237,headlight_formation_1_calibration.csv
headlight_formation_lowest,50,20,4.557,headlight_formation_1_calibration.csv
headlight_formation_lowest,50,25,5.915,headlight_formation_1_calibration.csv
headlight_formation_lowest,50,30,7.209,headlight_formation_1_calibration.csv
headlight_formation_lowest,50,35,12.088,headlight_formation_1_calibration.csv
headlight_formation_lowest,50,40,19.203,headlight_formation_1_calibration.csv
headlight_formation_lowest,50,45,26.339,headlight_formation_1_calibration.csv
headlight_formation_lowest,50,50,33.549,headlight_formation_1_calibration.csv
headlight_formation_lowest,50,55,40.796,headlight_formation_1_calibration.csv
headlight_formation_lowest,50,60,48.137,headlight_formation_1_calibration.csv
headlight_formation_lowest,50,65,57.035,headlight_formation_1_calibration.csv
headlight_formation_lowest,50,70,72.083,headlight_formation_1_calibration.csv
headlight_formation_lowest,50,75,87.101,headlight_formation_1_calibration.csv
headlight_formation_lowest,50,80,102.15,headlight_formation_1_calibration.csv
headlight_formation_lowest,50,85,117.22,headlight_formation_1_calibration.csv
headlight_formation_lowest,50,90,132.48,headlight_formation_1_calibration.csv
headlight_formation_lowest,50,95,147.64,headlight_formation_1_calibration.csv
headlight_formation_lowest,50,100,168.76,headlight_formation_1_calibration.csv
