target_mlux,formation_name,current_ma,pwm_percent,estimated_mlux,error_mlux,lower_measured_mlux,lower_pwm_percent,upper_measured_mlux,upper_pwm_percent,method
0,headlight_formation_lowest,0,0,0,0,0,0,0,0,interpolated
1,headlight_formation_lowest,5,11,0.999,0.001,0.885,10,1.454,15,interpolated
2,headlight_formation_lowest,48,10,1.999,0.001,1.999,10,3.219,15,interpolated
3,headlight_formation_lowest,16,15,3.0,0.0,2.065,10,3.0,15,interpolated
4,headlight_formation_lowest,48,18,4.0,0.0,3.219,15,4.52,20,interpolated
5,headlight_formation_lowest,15,25,5.001,0.001,3.604,20,5.001,25,interpolated
6,formation_3_midlow_light,37,14,6.0,0.0,4.028,10,6.493,15,interpolated
7,headlight_formation_lowest,14,32,7.002,0.002,5.759,30,8.867,35,interpolated
8,headlight_formation_lowest,43,31,8.005,0.005,7.084,30,11.687,35,interpolated
9,formation_4_mid_light,23,13,9.0,0.0,6.567,10,10.622,15,interpolated
10,headlight_formation_lowest,30,33,10.002,0.002,7.479,30,11.684,35,interpolated
11,headlight_formation_lowest,48,34,11.001,0.001,7.215,30,11.947,35,interpolated
12,formation_5_midhigh_light,17,12,11.999,0.001,9.588,10,15.615,15,interpolated
13,formation_4_mid_light,38,16,13.001,0.001,12.017,15,16.935,20,interpolated
14,formation_4_mid_light,7,27,13.998,0.002,12.774,25,15.833,30,interpolated
15,formation_3_midlow_light,44,30,14.996,0.004,14.996,30,24.907,35,interpolated
16,headlight_formation_lowest,9,48,16.001,0.001,13.901,45,17.401,50,interpolated
17,formation_4_mid_light,28,21,17.0,0.0,16.046,20,20.814,25,interpolated
18,headlight_formation_lowest,7,54,18.002,0.002,14.852,50,34.54,75,interpolated
19,headlight_formation_lowest,5,64,18.998,0.002,16.878,60,19.528,65,interpolated
20,headlight_formation_lowest,4,71,20.002,0.002,19.439,70,22.254,75,interpolated
21,formation_6_high_light,38,10,20.993,0.007,20.993,10,33.845,15,interpolated
22,formation_4_mid_light,50,24,22.002,0.002,17.829,20,23.045,25,interpolated
23,headlight_formation_lowest,23,46,23.003,0.003,21.881,45,27.49,50,interpolated
24,formation_4_mid_light,23,30,24.007,0.007,19.509,25,24.007,30,interpolated
25,formation_3_midlow_light,45,35,25.003,0.003,15.056,30,25.003,35,interpolated
26,formation_6_high_light,4,23,26.0,0.0,17.169,15,28.208,25,interpolated
27,formation_6_high_light,46,12,27.0,0.0,21.718,10,34.924,15,interpolated
28,formation_3_midlow_light,6,49,28.001,0.001,23.348,45,29.164,50,interpolated
29,formation_3_midlow_light,8,46,29.003,0.003,27.597,45,34.626,50,interpolated
30,formation_3_midlow_light,39,37,30.002,0.002,24.332,35,38.506,40,interpolated
31,formation_7_higher_light,45,10,30.998,0.002,30.998,10,49.784,15,interpolated
32,formation_6_high_light,23,16,32.003,0.003,29.554,15,41.8,20,interpolated
33,formation_5_midhigh_light,35,24,33.003,0.003,26.649,20,34.591,25,interpolated
34,formation_3_midlow_light,46,38,34.0,0.0,25.116,35,39.922,40,interpolated
35,headlight_formation_lowest,50,51,34.998,0.002,33.549,50,40.796,55,interpolated
36,formation_5_midhigh_light,46,25,36.0,0.0,27.788,20,36.0,25,interpolated
37,headlight_formation_lowest,46,53,37.001,0.001,32.749,50,39.835,55,interpolated
38,formation_7_higher_light,41,12,37.998,0.002,30.569,10,49.142,15,interpolated
39,formation_6_high_light,11,23,39.005,0.005,32.94,20,43.048,25,interpolated
40,headlight_formation_lowest,29,58,40.0,0.0,36.243,55,42.504,60,interpolated
41,formation_7_higher_light,21,15,41.0,0.0,25.252,10,41.0,15,interpolated
42,formation_3_midlow_light,19,45,42.008,0.008,30.97,40,42.008,45,interpolated
43,formation_6_high_light,43,18,43.005,0.005,34.543,15,48.646,20,interpolated
44,formation_3_midlow_light,13,49,44.002,0.002,36.374,45,45.909,50,interpolated
45,formation_3_midlow_light,42,42,45.002,0.002,39.173,40,53.746,45,interpolated
46,headlight_formation_lowest,42,60,45.995,0.005,45.995,60,54.314,65,interpolated
47,formation_7_higher_light,32,15,46.998,0.002,46.998,15,66.199,20,interpolated
48,formation_4_mid_light,17,38,48.008,0.008,35.965,35,56.036,40,interpolated
49,formation_4_mid_light,6,47,48.998,0.002,44.534,45,55.695,50,interpolated
50,formation_3_midlow_light,50,43,49.996,0.004,40.833,40,56.105,45,interpolated
51,headlight_formation_lowest,33,65,51.004,0.004,43.21,60,51.004,65,interpolated
52,formation_3_midlow_light,4,78,51.988,0.012,48.293,75,54.452,80,interpolated
53,formation_5_midhigh_light,13,35,52.99,0.01,52.99,35,82.132,40,interpolated
54,headlight_formation_lowest,27,67,54.001,0.001,49.132,65,61.304,70,interpolated
55,headlight_formation_lowest,12,79,54.999,0.001,48.933,75,56.516,80,interpolated
56,formation_6_high_light,37,23,56.001,0.001,47.559,20,61.629,25,interpolated
57,formation_3_midlow_light,23,50,57.007,0.007,44.988,45,57.007,50,interpolated
58,formation_5_midhigh_light,9,38,58.001,0.001,44.196,35,67.205,40,interpolated
59,formation_6_high_light,38,24,59.0,0.0,47.733,20,61.817,25,interpolated
60,headlight_formation_lowest,20,73,60.002,0.002,53.765,70,64.16,75,interpolated
61,formation_3_midlow_light,10,63,61.0,0.0,55.39,60,64.74,65,interpolated
62,headlight_formation_lowest,9,92,62.0,0.0,59.528,90,65.707,95,interpolated
63,formation_3_midlow_light,15,57,63.0,0.0,58.893,55,69.16,60,interpolated
64,formation_3_midlow_light,17,56,64.0,0.0,61.841,55,72.636,60,interpolated
65,formation_4_mid_light,11,46,64.999,0.001,61.774,45,77.898,50,interpolated
66,formation_4_mid_light,7,52,65.999,0.001,60.975,50,73.535,55,interpolated
67,formation_4_mid_light,14,44,67.007,0.007,52.221,40,70.703,45,interpolated
68,formation_7_higher_light,37,20,67.994,0.006,67.994,20,87.918,25,interpolated
69,headlight_formation_lowest,43,70,69.001,0.001,54.583,65,69.001,70,interpolated
70,formation_3_midlow_light,33,52,70.017,0.017,64.472,50,78.335,55,interpolated
71,headlight_formation_lowest,16,82,70.993,0.007,67.277,80,76.568,85,interpolated
72,formation_3_midlow_light,6,78,72.01,0.01,66.396,75,75.753,80,interpolated
73,formation_4_mid_light,41,40,73.001,0.001,45.734,35,73.001,40,interpolated
74,formation_3_midlow_light,23,57,74.007,0.007,69.14,55,81.308,60,interpolated
75,headlight_formation_lowest,26,76,74.985,0.015,72.578,75,84.615,80,interpolated
76,formation_6_high_light,38,30,75.99,0.01,75.99,30,128.57,35,interpolated
77,formation_7_higher_light,23,25,77.005,0.005,59.304,20,77.005,25,interpolated
78,headlight_formation_lowest,44,73,77.993,0.007,69.333,70,83.767,75,interpolated
79,formation_4_mid_light,9,53,78.989,0.011,70.218,50,84.837,55,interpolated
80,formation_3_midlow_light,20,61,80.002,0.002,77.292,60,90.841,65,interpolated
81,headlight_formation_lowest,19,84,81.0,0.0,72.861,80,83.035,85,interpolated
82,headlight_formation_lowest,22,82,81.982,0.018,77.632,80,88.507,85,interpolated
83,formation_4_mid_light,39,42,83.016,0.016,72.257,40,99.154,45,interpolated
84,formation_3_midlow_light,38,56,84.004,0.004,81.138,55,95.47,60,interpolated
85,headlight_formation_lowest,41,76,84.997,0.003,82.193,75,96.212,80,interpolated
86,formation_4_mid_light,7,60,85.998,0.002,85.998,60,100.01,65,interpolated
87,headlight_formation_lowest,26,81,87.002,0.002,84.615,80,96.548,85,interpolated
88,headlight_formation_lowest,17,90,88.001,0.001,78.484,85,88.001,90,interpolated
89,formation_4_mid_light,25,45,88.996,0.004,88.996,45,113.03,50,interpolated
90,formation_7_higher_light,25,27,90.012,0.012,82.466,25,101.33,30,interpolated
91,headlight_formation_lowest,34,80,90.996,0.004,90.996,80,104.3,85,interpolated
92,formation_4_mid_light,47,43,91.988,0.012,75.125,40,103.23,45,interpolated
93,formation_5_midhigh_light,46,37,92.999,0.001,74.845,35,120.23,40,interpolated
94,formation_7_higher_light,33,27,93.999,0.001,86.111,25,105.83,30,interpolated
95,headlight_formation_lowest,16,95,94.99,0.01,94.99,95,106.95,100,interpolated
96,formation_4_mid_light,34,45,95.998,0.002,95.998,45,122.17,50,interpolated
97,formation_6_high_light,38,32,97.022,0.022,75.99,30,128.57,35,interpolated
98,formation_4_mid_light,37,45,98.003,0.003,71.484,40,98.003,45,interpolated
99,formation_3_midlow_light,10,77,99.004,0.004,93.294,75,107.57,80,interpolated
100,formation_3_midlow_light,15,70,99.998,0.002,99.998,70,118.99,75,interpolated
101,headlight_formation_lowest,15,99,100.999,0.001,91.877,95,103.28,100,interpolated
102,formation_7_higher_light,26,30,102.0,0.0,83.031,25,102.0,30,interpolated
103,formation_3_midlow_light,39,62,103.018,0.018,96.037,60,113.49,65,interpolated
104,formation_6_high_light,13,36,104.002,0.002,93.548,35,145.82,40,interpolated
105,headlight_formation_lowest,32,86,105.002,0.002,102.41,85,115.37,90,interpolated
106,formation_6_high_light,35,33,106.008,0.008,75.091,30,126.62,35,interpolated
107,headlight_formation_lowest,25,90,106.99,0.01,106.99,90,118.8,95,interpolated
108,formation_4_mid_light,45,46,108.002,0.002,102.35,45,130.61,50,interpolated
109,formation_7_higher_light,10,34,109.008,0.008,73.56,30,117.87,35,interpolated
110,formation_3_midlow_light,39,64,109.999,0.001,96.037,60,113.49,65,interpolated
111,formation_6_high_light,4,47,111.014,0.014,101.07,45,125.93,50,interpolated
112,formation_4_mid_light,12,59,112.007,0.007,98.273,55,115.44,60,interpolated
113,formation_5_midhigh_light,25,41,113.0,0.0,105.22,40,144.12,45,interpolated
114,formation_3_midlow_light,11,80,114.0,0.0,98.685,75,114.0,80,interpolated
115,formation_6_high_light,33,34,114.999,0.001,74.353,30,125.16,35,interpolated
116,formation_6_high_light,4,48,115.986,0.014,101.07,45,125.93,50,interpolated
117,formation_5_midhigh_light,4,66,117.006,0.006,113.06,65,132.79,70,interpolated
118,formation_5_midhigh_light,42,40,118.01,0.01,73.699,35,118.01,40,interpolated
119,formation_3_midlow_light,15,75,118.99,0.01,118.99,75,138.1,80,interpolated
120,formation_3_midlow_light,12,80,120.02,0.02,103.77,75,120.02,80,interpolated
121,formation_3_midlow_light,29,68,120.994,0.006,105.07,65,131.61,70,interpolated
122,formation_5_midhigh_light,26,42,122.008,0.008,106.24,40,145.66,45,interpolated
123,formation_4_mid_light,42,49,123.01,0.01,100.85,45,128.55,50,interpolated
124,formation_4_mid_light,20,55,124.0,0.0,102.15,50,124.0,55,interpolated
125,headlight_formation_lowest,22,100,125.0,0.0,110.34,95,125.0,100,interpolated
126,formation_4_mid_light,9,67,126.0,0.0,115.98,65,141.03,70,interpolated
127,formation_4_mid_light,40,50,127.0,0.0,99.709,45,127.0,50,interpolated
128,formation_6_high_light,37,35,128.04,0.04,75.73,30,128.04,35,interpolated
129,formation_3_midlow_light,27,70,129.0,0.0,103.09,65,129.0,70,interpolated
130,formation_5_midhigh_light,20,45,130.01,0.01,95.162,40,130.01,45,interpolated
131,formation_4_mid_light,38,51,130.998,0.002,125.52,50,152.91,55,interpolated
132,headlight_formation_lowest,32,96,132.004,0.004,128.42,95,146.34,100,interpolated
133,formation_5_midhigh_light,16,47,133.004,0.004,120.12,45,152.33,50,interpolated
134,formation_4_mid_light,30,53,133.996,0.004,118.57,50,144.28,55,interpolated
135,formation_4_mid_light,23,56,134.94,0.06,130.34,55,153.34,60,interpolated
136,formation_4_mid_light,8,71,136.006,0.006,131.46,70,154.19,75,interpolated
137,formation_3_midlow_light,39,69,136.978,0.022,113.49,65,142.85,70,interpolated
138,formation_3_midlow_light,8,98,137.98,0.02,129.52,95,143.62,100,interpolated
139,formation_7_higher_light,19,34,138.979,0.021,90.654,30,151.06,35,interpolated
140,formation_4_mid_light,15,62,140.004,0.004,130.94,60,153.6,65,interpolated
141,formation_7_higher_light,6,40,140.99,0.01,140.99,40,188.58,45,interpolated
142,formation_4_mid_light,45,52,141.978,0.022,130.61,50,159.03,55,interpolated
143,formation_3_midlow_light,12,87,142.972,0.028,136.44,85,152.77,90,interpolated
144,formation_4_mid_light,26,56,144.01,0.01,139.08,55,163.73,60,interpolated
145,headlight_formation_lowest,48,95,145.0,0.0,130.21,90,145.0,95,interpolated
146,formation_3_midlow_light,25,74,145.98,0.02,125.82,70,151.02,75,interpolated
147,formation_4_mid_light,44,53,147.004,0.004,130.03,50,158.32,55,interpolated
148,formation_3_midlow_light,14,84,148.046,0.046,133.39,80,151.71,85,interpolated
149,formation_4_mid_light,7,77,149.012,0.012,140.88,75,161.21,80,interpolated
150,formation_6_high_light,11,42,149.984,0.016,131.46,40,177.77,45,interpolated
151,formation_4_mid_light,42,54,150.998,0.002,128.55,50,156.61,55,interpolated
152,formation_3_midlow_light,32,73,151.97,0.03,135.59,70,162.89,75,interpolated
153,formation_4_mid_light,33,56,153.016,0.016,147.78,55,173.96,60,interpolated
154,formation_3_midlow_light,11,93,154.074,0.074,144.84,90,160.23,95,interpolated
155,formation_3_midlow_light,24,77,154.966,0.034,145.35,75,169.39,80,interpolated
156,formation_3_midlow_light,47,71,156.006,0.006,149.83,70,180.71,75,interpolated
157,formation_7_higher_light,15,36,156.984,0.016,140.8,35,221.72,40,interpolated
158,formation_3_midlow_light,26,76,157.986,0.014,152.92,75,178.25,80,interpolated
159,formation_4_mid_light,5,91,158.996,0.004,155.98,90,171.06,95,interpolated
160,formation_7_higher_light,6,42,160.026,0.026,140.99,40,188.58,45,interpolated
161,formation_5_midhigh_light,40,45,161.01,0.01,116.86,40,161.01,45,interpolated
162,formation_4_mid_light,5,92,162.012,0.012,155.98,90,171.06,95,interpolated
163,formation_3_midlow_light,48,72,163.0,0.0,150.56,70,181.66,75,interpolated
164,formation_3_midlow_light,11,96,163.988,0.012,160.23,95,179.02,100,interpolated
165,formation_7_higher_light,33,34,164.998,0.002,105.83,30,179.79,35,interpolated
166,formation_3_midlow_light,20,82,165.996,0.004,157.2,80,179.19,85,interpolated
167,formation_6_high_light,30,38,166.978,0.022,122.89,35,196.37,40,interpolated
168,formation_7_higher_light,36,34,168.004,0.004,107.54,30,183.12,35,interpolated
169,formation_5_midhigh_light,39,46,168.99,0.01,160.23,45,204.03,50,interpolated
170,formation_3_midlow_light,16,87,169.974,0.026,162.17,85,181.68,90,interpolated
171,formation_4_mid_light,9,76,171.014,0.014,166.07,75,190.79,80,interpolated
172,formation_6_high_light,17,41,171.996,0.004,160.3,40,218.78,45,interpolated
173,formation_5_midhigh_light,23,50,172.98,0.02,172.98,50,210.22,55,interpolated
174,formation_5_midhigh_light,29,48,174.02,0.02,149.54,45,190.34,50,interpolated
175,formation_5_midhigh_light,46,46,174.982,0.018,165.84,45,211.55,50,interpolated
176,formation_3_midlow_light,23,82,176.018,0.018,166.63,80,190.1,85,interpolated
177,formation_4_mid_light,46,58,176.958,0.042,159.87,55,188.35,60,interpolated
178,formation_4_mid_light,12,72,178.01,0.01,165.85,70,196.25,75,interpolated
179,formation_5_midhigh_light,27,49,178.994,0.006,147.13,45,186.96,50,interpolated
180,formation_6_high_light,43,38,179.96,0.04,131.69,35,212.14,40,interpolated
181,formation_3_midlow_light,30,79,181.036,0.036,159.78,75,186.35,80,interpolated
182,formation_4_mid_light,15,69,181.968,0.032,153.6,65,189.06,70,interpolated
183,formation_3_midlow_light,21,85,183.01,0.01,160.54,80,183.01,85,interpolated
184,formation_3_midlow_light,35,78,183.94,0.06,167.11,75,195.16,80,interpolated
185,formation_3_midlow_light,40,77,185.0,0.0,173.22,75,202.67,80,interpolated
186,formation_4_mid_light,8,82,186.024,0.024,176.88,80,199.74,85,interpolated
187,formation_4_mid_light,26,64,186.97,0.03,163.73,60,192.78,65,interpolated
188,formation_3_midlow_light,20,87,187.994,0.006,179.19,85,201.2,90,interpolated
189,formation_5_midhigh_light,7,69,188.968,0.032,162.72,65,195.53,70,interpolated
190,formation_3_midlow_light,13,97,189.99,0.01,181.19,95,203.19,100,interpolated
191,formation_4_mid_light,49,60,190.96,0.04,190.96,60,225.86,65,interpolated
192,formation_3_midlow_light,46,77,192.01,0.01,179.75,75,210.4,80,interpolated
193,formation_7_higher_light,49,35,193.03,0.03,112.18,30,193.03,35,interpolated
194,formation_7_higher_light,27,36,194.014,0.014,173.17,35,277.39,40,interpolated
195,formation_3_midlow_light,15,95,195.02,0.02,175.97,90,195.02,95,interpolated
196,formation_4_mid_light,47,61,196.022,0.022,189.07,60,223.83,65,interpolated
197,formation_4_mid_light,14,72,197.004,0.004,183.28,70,217.59,75,interpolated
198,formation_4_mid_light,42,62,197.99,0.01,184.49,60,218.24,65,interpolated
199,formation_3_midlow_light,17,93,198.984,0.016,186.78,90,207.12,95,interpolated
200,formation_4_mid_light,25,66,199.974,0.026,190.56,65,237.63,70,interpolated
201,formation_3_midlow_light,27,84,201.008,0.008,180.4,80,206.16,85,interpolated
202,formation_4_mid_light,16,71,202.002,0.002,194.59,70,231.65,75,interpolated
203,formation_7_higher_light,34,36,203.022,0.022,180.91,35,291.47,40,interpolated
204,formation_5_midhigh_light,39,50,204.03,0.03,160.23,45,204.03,50,interpolated
205,formation_6_high_light,12,47,205.01,0.01,185.27,45,234.62,50,interpolated
206,formation_6_high_light,27,41,205.992,0.008,191.66,40,263.32,45,interpolated
207,formation_5_midhigh_light,13,61,207.024,0.024,200.12,60,234.64,65,interpolated
208,formation_3_midlow_light,44,80,208.02,0.02,177.57,75,208.02,80,interpolated
209,formation_4_mid_light,46,63,208.99,0.01,188.35,60,222.75,65,interpolated
210,formation_4_mid_light,11,79,210.022,0.022,186.79,75,215.83,80,interpolated
211,formation_3_midlow_light,25,87,211.0,0.0,200.9,85,226.15,90,interpolated
212,formation_4_mid_light,18,71,211.978,0.022,204.09,70,243.53,75,interpolated
213,formation_5_midhigh_light,39,51,212.98,0.02,204.03,50,248.78,55,interpolated
214,formation_4_mid_light,39,65,214.0,0.0,181.27,60,214.0,65,interpolated
215,formation_5_midhigh_light,34,52,215.054,0.054,197.73,50,241.04,55,interpolated
216,formation_3_midlow_light,34,84,216.01,0.01,193.37,80,221.67,85,interpolated
217,formation_4_mid_light,41,65,217.01,0.01,183.35,60,217.01,65,interpolated
218,formation_3_midlow_light,47,81,218.032,0.032,211.77,80,243.08,85,interpolated
219,formation_4_mid_light,35,66,218.996,0.004,208.47,65,261.1,70,interpolated
220,formation_6_high_light,36,41,219.948,0.052,204.5,40,281.74,45,interpolated
221,formation_4_mid_light,9,86,220.974,0.026,215.96,85,241.03,90,interpolated
222,formation_3_midlow_light,16,99,222.01,0.01,201.37,95,227.17,100,interpolated
223,formation_5_midhigh_light,4,93,222.998,0.002,211.1,90,230.93,95,interpolated
224,formation_3_midlow_light,30,87,223.996,0.004,213.16,85,240.25,90,interpolated
225,formation_5_midhigh_light,16,61,224.988,0.012,217.45,60,255.14,65,interpolated
226,formation_7_higher_light,13,41,226.004,0.004,210.72,40,287.14,45,interpolated
227,formation_5_midhigh_light,4,94,226.964,0.036,211.1,90,230.93,95,interpolated
228,formation_7_higher_light,36,37,228.024,0.024,183.12,35,295.38,40,interpolated
229,formation_5_midhigh_light,45,52,229.0,0.0,210.5,50,256.75,55,interpolated
230,formation_5_midhigh_light,17,61,230.006,0.006,222.3,60,260.83,65,interpolated
231,formation_4_mid_light,9,88,231.002,0.002,215.96,85,241.03,90,interpolated
232,formation_4_mid_light,15,76,231.978,0.022,224.91,75,260.25,80,interpolated
233,formation_5_midhigh_light,49,52,233.006,0.006,214.19,50,261.23,55,interpolated
234,formation_5_midhigh_light,10,69,234.008,0.008,199.16,65,242.72,70,interpolated
235,formation_5_midhigh_light,7,76,235.008,0.008,228.48,75,261.12,80,interpolated
236,formation_5_midhigh_light,50,52,236.012,0.012,217.14,50,264.32,55,interpolated
237,formation_5_midhigh_light,44,53,237.018,0.018,209.49,50,255.37,55,interpolated
238,formation_3_midlow_light,48,84,237.998,0.002,212.79,80,244.3,85,interpolated
239,formation_6_high_light,22,45,238.99,0.01,238.99,45,304.05,50,interpolated
240,formation_3_midlow_light,28,91,239.954,0.046,234.8,90,260.57,95,interpolated
241,formation_4_mid_light,9,90,241.03,0.03,215.96,85,241.03,90,interpolated
242,formation_6_high_light,41,42,242.01,0.01,210.07,40,289.92,45,interpolated
243,formation_3_midlow_light,47,85,243.08,0.08,211.77,80,243.08,85,interpolated
244,formation_3_midlow_light,23,96,244.022,0.022,237.69,95,269.35,100,interpolated
245,formation_4_mid_light,32,69,245.002,0.002,203.89,65,255.28,70,interpolated
246,formation_5_midhigh_light,37,55,246.0,0.0,201.73,50,246.0,55,interpolated
247,formation_7_higher_light,10,45,246.98,0.02,246.98,45,312.29,50,interpolated
248,formation_4_mid_light,48,67,247.994,0.006,224.85,65,282.71,70,interpolated
249,formation_6_high_light,27,44,248.988,0.012,191.66,40,263.32,45,interpolated
250,formation_6_high_light,48,42,250.0,0.0,216.98,40,299.53,45,interpolated
251,formation_7_higher_light,22,40,251.0,0.0,157.33,35,251.0,40,interpolated
252,formation_6_high_light,22,46,252.002,0.002,238.99,45,304.05,50,interpolated
253,formation_5_midhigh_light,36,56,252.976,0.024,244.28,55,287.76,60,interpolated
254,formation_6_high_light,17,48,253.994,0.006,218.78,45,277.47,50,interpolated
255,formation_4_mid_light,24,73,255.016,0.016,228.16,70,272.92,75,interpolated
256,formation_3_midlow_light,40,89,256.05,0.05,232.49,85,261.94,90,interpolated
257,formation_7_higher_light,5,55,257.03,0.03,212.94,50,257.03,55,interpolated
258,formation_6_high_light,41,43,257.98,0.02,210.07,40,289.92,45,interpolated
259,formation_4_mid_light,34,70,259.0,0.0,206.71,65,259.0,70,interpolated
260,formation_5_midhigh_light,48,55,260.01,0.01,213.25,50,260.01,55,interpolated
261,formation_6_high_light,21,47,260.972,0.028,235.48,45,299.21,50,interpolated
262,formation_5_midhigh_light,42,56,261.96,0.04,252.92,55,298.12,60,interpolated
263,formation_3_midlow_light,23,99,263.018,0.018,237.69,95,269.35,100,interpolated
264,formation_4_mid_light,50,68,264.0,0.0,228.66,65,287.56,70,interpolated
265,formation_6_high_light,22,47,265.014,0.014,238.99,45,304.05,50,interpolated
266,formation_5_midhigh_light,45,56,265.992,0.008,256.75,55,302.96,60,interpolated
267,formation_5_midhigh_light,16,66,266.952,0.048,255.14,65,314.2,70,interpolated
268,formation_5_midhigh_light,27,60,268.03,0.03,227.66,55,268.03,60,interpolated
269,formation_5_midhigh_light,24,62,268.95,0.05,251.35,60,295.35,65,interpolated
270,formation_6_high_light,30,45,270.09,0.09,196.37,40,270.09,45,interpolated
271,formation_5_midhigh_light,42,57,271.0,0.0,252.92,55,298.12,60,interpolated
272,formation_6_high_light,5,69,272.036,0.036,237.06,65,280.78,70,interpolated
273,formation_5_midhigh_light,17,66,273.0,0.0,260.83,65,321.68,70,interpolated
274,formation_6_high_light,41,44,273.95,0.05,210.07,40,289.92,45,interpolated
275,formation_7_higher_light,26,40,275.01,0.01,171.78,35,275.01,40,interpolated
276,formation_6_high_light,33,45,276.07,0.07,200.52,40,276.07,45,interpolated
277,formation_5_midhigh_light,10,74,277.056,0.056,242.72,70,285.64,75,interpolated
278,formation_6_high_light,44,44,278.002,0.002,213.17,40,294.21,45,interpolated
279,formation_5_midhigh_light,8,79,279.05,0.05,249.85,75,286.35,80,interpolated
280,formation_4_mid_light,46,70,280.0,0.0,222.75,65,280.0,70,interpolated
281,formation_5_midhigh_light,7,83,280.986,0.014,261.12,80,294.23,85,interpolated
282,formation_3_midlow_light,28,98,282.02,0.02,260.57,95,296.32,100,interpolated
283,formation_6_high_light,7,64,283.016,0.016,250.56,60,291.13,65,interpolated
284,formation_5_midhigh_light,5,96,283.994,0.006,278.72,95,305.09,100,interpolated
285,formation_6_high_light,38,45,285.04,0.04,206.71,40,285.04,45,interpolated
286,formation_6_high_light,24,48,285.94,0.06,245.68,45,312.78,50,interpolated
287,formation_4_mid_light,20,79,286.98,0.02,250.06,75,296.21,80,interpolated
288,formation_4_mid_light,12,90,288.03,0.03,257.62,85,288.03,90,interpolated
289,formation_3_midlow_light,30,98,288.996,0.004,266.85,95,303.76,100,interpolated
290,formation_4_mid_light,45,71,289.946,0.054,278.45,70,335.93,75,interpolated
291,formation_4_mid_light,24,77,290.992,0.008,272.92,75,318.1,80,interpolated
292,formation_5_midhigh_light,44,59,292.05,0.05,255.37,55,301.22,60,interpolated
293,formation_3_midlow_light,34,97,293.006,0.006,277.47,95,316.31,100,interpolated
294,formation_5_midhigh_light,34,61,293.944,0.056,283.71,60,334.88,65,interpolated
295,formation_5_midhigh_light,30,62,294.968,0.032,275.26,60,324.53,65,interpolated
296,formation_6_high_light,10,59,296.014,0.014,259.59,55,305.12,60,interpolated
297,formation_4_mid_light,19,81,297.016,0.016,288.87,80,329.6,85,interpolated
298,formation_4_mid_light,10,97,298.014,0.014,284.69,95,318.0,100,interpolated
299,formation_5_midhigh_light,49,59,298.926,0.074,261.23,55,308.35,60,interpolated
300,formation_7_higher_light,39,40,300.01,0.01,185.73,35,300.01,40,interpolated
301,formation_6_high_light,49,45,301.02,0.02,217.79,40,301.02,45,interpolated
302,formation_5_midhigh_light,11,75,301.99,0.01,301.99,75,347.95,80,interpolated
303,formation_7_higher_light,21,43,303.002,0.002,247.64,40,339.91,45,interpolated
304,formation_3_midlow_light,42,96,304.03,0.03,295.62,95,337.67,100,interpolated
305,formation_5_midhigh_light,5,100,305.09,0.09,278.72,95,305.09,100,interpolated
306,formation_6_high_light,41,46,305.99,0.01,289.92,45,370.27,50,interpolated
307,formation_4_mid_light,29,76,307.004,0.004,297.1,75,346.62,80,interpolated
308,formation_3_midlow_light,40,97,307.978,0.022,291.37,95,332.89,100,interpolated
309,formation_6_high_light,43,46,308.99,0.01,292.76,45,373.91,50,interpolated
310,formation_5_midhigh_light,6,93,310.02,0.02,292.53,90,321.68,95,interpolated
311,formation_3_midlow_light,38,98,311.068,0.068,286.72,95,327.3,100,interpolated
312,formation_7_higher_light,12,48,312.008,0.008,268.85,45,340.78,50,interpolated
313,formation_4_mid_light,23,80,312.99,0.01,312.99,80,356.85,85,interpolated
314,formation_4_mid_light,35,75,313.93,0.07,313.93,75,366.53,80,interpolated
315,formation_6_high_light,47,46,314.876,0.124,298.26,45,381.34,50,interpolated
316,formation_5_midhigh_light,8,84,316.014,0.014,286.35,80,323.43,85,interpolated
317,formation_5_midhigh_light,20,68,316.992,0.008,277.41,65,343.38,70,interpolated
318,formation_4_mid_light,10,100,318.0,0.0,284.69,95,318.0,100,interpolated
319,formation_4_mid_light,12,95,319.0,0.0,288.03,90,319.0,95,interpolated
320,formation_5_midhigh_light,32,64,320.038,0.038,279.67,60,330.13,65,interpolated
321,formation_5_midhigh_light,37,63,320.99,0.01,289.64,60,341.89,65,interpolated
322,formation_4_mid_light,18,85,322.03,0.03,282.47,80,322.03,85,interpolated
323,formation_7_higher_light,39,41,323.008,0.008,300.01,40,415.0,45,interpolated
324,formation_5_midhigh_light,24,67,324.002,0.002,295.35,65,366.98,70,interpolated
325,formation_6_high_light,21,52,325.062,0.062,299.21,50,363.84,55,interpolated
326,formation_4_mid_light,26,79,326.02,0.02,287.7,75,335.6,80,interpolated
327,formation_6_high_light,9,64,327.0,0.0,288.4,60,336.65,65,interpolated
328,formation_5_midhigh_light,6,96,328.046,0.046,321.68,95,353.51,100,interpolated
329,formation_5_midhigh_light,14,73,328.906,0.094,296.08,70,350.79,75,interpolated
330,formation_3_midlow_light,50,97,329.938,0.062,312.25,95,356.47,100,interpolated
331,formation_3_midlow_light,47,98,331.076,0.076,305.18,95,348.34,100,interpolated
332,formation_4_mid_light,15,90,331.94,0.06,331.94,90,367.31,95,interpolated
333,formation_6_high_light,48,47,332.838,0.162,299.53,45,382.8,50,interpolated
334,formation_5_midhigh_light,7,91,333.996,0.004,327.43,90,360.26,95,interpolated
335,formation_4_mid_light,35,77,334.97,0.03,313.93,75,366.53,80,interpolated
336,formation_4_mid_light,24,82,335.956,0.044,318.1,80,362.74,85,interpolated
337,formation_5_midhigh_light,46,63,337.074,0.074,304.26,60,358.95,65,interpolated
338,formation_6_high_light,21,53,337.988,0.012,299.21,50,363.84,55,interpolated
339,formation_4_mid_light,15,91,339.014,0.014,331.94,90,367.31,95,interpolated
340,formation_5_midhigh_light,13,75,339.98,0.02,339.98,75,392.62,80,interpolated
341,formation_4_mid_light,14,93,340.952,0.048,320.51,90,354.58,95,interpolated
342,formation_5_midhigh_light,18,71,342.002,0.002,329.45,70,392.21,75,interpolated
343,formation_4_mid_light,49,75,343.02,0.02,284.21,70,343.02,75,interpolated
344,formation_4_mid_light,17,89,343.934,0.066,313.75,85,351.48,90,interpolated
345,formation_6_high_light,20,54,344.996,0.004,294.14,50,357.71,55,interpolated
346,formation_7_higher_light,39,42,346.006,0.006,300.01,40,415.0,45,interpolated
347,formation_6_high_light,31,50,347.04,0.04,272.21,45,347.04,50,interpolated
348,formation_5_midhigh_light,46,64,348.012,0.012,304.26,60,358.95,65,interpolated
349,formation_7_higher_light,8,56,348.94,0.06,337.24,55,395.74,60,interpolated
350,formation_5_midhigh_light,41,65,350.0,0.0,296.45,60,350.0,65,interpolated
351,formation_5_midhigh_light,15,74,350.982,0.018,305.59,70,362.33,75,interpolated
352,formation_6_high_light,33,50,352.05,0.05,276.07,45,352.05,50,interpolated
353,formation_4_mid_light,34,79,352.914,0.086,311.53,75,363.26,80,interpolated
354,formation_4_mid_light,20,87,353.942,0.058,337.63,85,378.41,90,interpolated
355,formation_5_midhigh_light,10,83,355.018,0.018,329.17,80,372.25,85,interpolated
356,formation_6_high_light,10,65,356.0,0.0,305.12,60,356.0,65,interpolated
357,formation_4_mid_light,12,100,357.06,0.06,319.0,95,357.06,100,interpolated
358,formation_5_midhigh_light,17,73,357.986,0.014,321.68,70,382.19,75,interpolated
359,formation_5_midhigh_light,46,65,358.95,0.05,358.95,65,450.97,70,interpolated
360,formation_5_midhigh_light,8,90,359.9,0.1,359.9,90,397.21,95,interpolated
361,formation_4_mid_light,41,78,360.992,0.008,327.86,75,383.08,80,interpolated
362,formation_5_midhigh_light,27,68,361.974,0.026,315.78,65,392.77,70,interpolated
363,formation_7_higher_light,36,43,363.006,0.006,295.38,40,408.09,45,interpolated
364,formation_4_mid_light,26,83,363.998,0.002,335.6,80,382.93,85,interpolated
365,formation_7_higher_light,10,54,365.05,0.05,312.29,50,378.24,55,interpolated
366,formation_6_high_light,39,50,366.01,0.01,286.69,45,366.01,50,interpolated
367,formation_5_midhigh_light,24,70,366.98,0.02,366.98,70,439.1,75,interpolated
368,formation_7_higher_light,6,63,367.982,0.018,335.69,60,389.51,65,interpolated
369,formation_4_mid_light,18,91,368.998,0.002,361.1,90,400.59,95,interpolated
370,formation_6_high_light,13,61,370.064,0.064,357.78,60,419.2,65,interpolated
371,formation_7_higher_light,9,56,370.996,0.004,358.38,55,421.46,60,interpolated
372,formation_4_mid_light,41,79,372.036,0.036,327.86,75,383.08,80,interpolated
373,formation_5_midhigh_light,9,88,372.938,0.062,348.62,85,389.15,90,interpolated
374,formation_6_high_light,43,50,373.91,0.09,373.91,50,456.53,55,interpolated
375,formation_5_midhigh_light,19,73,374.872,0.128,336.46,70,400.48,75,interpolated
376,formation_4_mid_light,48,78,376.01,0.01,341.15,75,399.25,80,interpolated
377,formation_7_higher_light,21,47,377.034,0.034,339.91,45,432.72,50,interpolated
378,formation_7_higher_light,44,43,378.026,0.026,307.34,40,425.15,45,interpolated
379,formation_5_midhigh_light,32,68,379.03,0.03,330.13,65,411.63,70,interpolated
380,formation_7_higher_light,13,51,379.928,0.072,364.16,50,443.0,55,interpolated
381,formation_5_midhigh_light,28,69,380.98,0.02,318.5,65,396.6,70,interpolated
382,formation_7_higher_light,27,45,382.03,0.03,277.39,40,382.03,45,interpolated
383,formation_4_mid_light,26,85,382.93,0.07,382.93,85,430.46,90,interpolated
384,formation_7_higher_light,8,59,384.04,0.04,337.24,55,395.74,60,interpolated
385,formation_6_high_light,7,73,385.042,0.042,349.81,70,408.53,75,interpolated
386,formation_6_high_light,25,54,386.034,0.034,328.89,50,400.32,55,interpolated
387,formation_4_mid_light,25,86,387.264,0.264,377.81,85,425.08,90,interpolated
388,formation_4_mid_light,27,85,387.95,0.05,387.95,85,435.89,90,interpolated
389,formation_6_high_light,16,60,388.89,0.11,388.89,60,456.19,65,interpolated
390,formation_4_mid_light,24,88,389.962,0.038,362.74,85,408.11,90,interpolated
391,formation_4_mid_light,36,82,390.858,0.142,369.45,80,422.97,85,interpolated
392,formation_4_mid_light,28,85,392.0,0.0,343.07,80,392.0,85,interpolated
393,formation_7_higher_light,24,47,393.006,0.006,353.77,45,451.86,50,interpolated
394,formation_6_high_light,24,56,393.984,0.016,380.26,55,448.88,60,interpolated
395,formation_4_mid_light,46,80,395.02,0.02,337.69,75,395.02,80,interpolated
396,formation_6_high_light,22,57,395.984,0.016,369.58,55,435.59,60,interpolated
397,formation_5_midhigh_light,22,73,397.078,0.078,355.63,70,424.71,75,interpolated
398,formation_7_higher_light,42,44,398.114,0.114,304.89,40,421.42,45,interpolated
399,formation_4_mid_light,24,89,399.036,0.036,362.74,85,408.11,90,interpolated
400,formation_4_mid_light,17,96,399.964,0.036,390.05,95,439.62,100,interpolated
401,formation_6_high_light,29,54,401.006,0.006,341.55,50,415.87,55,interpolated
402,formation_4_mid_light,44,81,401.99,0.01,390.62,80,447.47,85,interpolated
403,formation_6_high_light,21,58,403.014,0.014,363.84,55,429.13,60,interpolated
404,formation_6_high_light,35,53,404.006,0.006,357.17,50,435.23,55,interpolated
405,formation_7_higher_light,10,57,405.004,0.004,378.24,55,445.15,60,interpolated
406,formation_5_midhigh_light,14,80,405.97,0.03,405.97,80,460.82,85,interpolated
407,formation_6_high_light,11,67,406.976,0.024,374.1,65,456.29,70,interpolated
408,formation_6_high_light,31,54,407.976,0.024,347.04,50,423.21,55,interpolated
409,formation_4_mid_light,47,81,409.014,0.014,397.45,80,455.27,85,interpolated
410,formation_7_higher_light,29,46,410.012,0.012,388.47,45,496.18,50,interpolated
411,formation_4_mid_light,22,92,411.012,0.012,393.88,90,436.71,95,interpolated
412,formation_5_midhigh_light,45,68,411.964,0.036,357.25,65,448.44,70,interpolated
413,formation_5_midhigh_light,11,87,412.984,0.016,394.48,85,440.74,90,interpolated
414,formation_7_higher_light,21,49,414.158,0.158,339.91,45,432.72,50,interpolated
415,formation_7_higher_light,39,45,415.0,0.0,300.01,40,415.0,45,interpolated
416,formation_4_mid_light,34,85,415.96,0.04,415.96,85,468.17,90,interpolated
417,formation_6_high_light,40,53,416.986,0.014,368.2,50,449.51,55,interpolated
418,formation_7_higher_light,50,44,417.968,0.032,319.44,40,442.6,45,interpolated
419,formation_5_midhigh_light,17,78,419.024,0.024,382.19,75,443.58,80,interpolated
420,formation_7_higher_light,17,51,419.966,0.034,402.5,50,489.83,55,interpolated
421,formation_4_mid_light,26,89,420.954,0.046,382.93,85,430.46,90,interpolated
422,formation_6_high_light,9,71,422.056,0.056,407.82,70,479.0,75,interpolated
423,formation_7_higher_light,14,53,423.01,0.01,374.26,50,455.51,55,interpolated
424,formation_7_higher_light,27,47,424.354,0.354,382.03,45,487.84,50,interpolated
425,formation_7_higher_light,34,46,425.012,0.012,402.54,45,514.9,50,interpolated
426,formation_7_higher_light,20,50,425.96,0.04,425.96,50,518.81,55,interpolated
427,formation_4_mid_light,45,83,427.056,0.056,392.85,80,449.86,85,interpolated
428,formation_5_midhigh_light,32,71,427.99,0.01,411.63,70,493.43,75,interpolated
429,formation_6_high_light,25,57,428.976,0.024,400.32,55,471.96,60,interpolated
430,formation_6_high_light,46,53,430.002,0.002,379.59,50,463.61,55,interpolated
431,formation_5_midhigh_light,21,76,430.962,0.038,417.47,75,484.93,80,interpolated
432,formation_7_higher_light,48,45,431.96,0.04,431.96,45,553.95,50,interpolated
433,formation_6_high_light,8,74,433.012,0.012,380.42,70,446.16,75,interpolated
434,formation_5_midhigh_light,26,73,434.116,0.116,388.42,70,464.58,75,interpolated
435,formation_7_higher_light,8,63,434.968,0.032,395.74,60,461.12,65,interpolated
436,formation_4_mid_light,44,84,436.1,0.1,390.62,80,447.47,85,interpolated
437,formation_7_higher_light,25,48,436.858,0.142,374.59,45,478.37,50,interpolated
438,formation_7_higher_light,4,78,438.034,0.034,406.45,75,459.09,80,interpolated
439,formation_5_midhigh_light,19,78,439.012,0.012,400.48,75,464.7,80,interpolated
440,formation_6_high_light,43,54,440.006,0.006,373.91,50,456.53,55,interpolated
441,formation_4_mid_light,30,89,440.958,0.042,400.75,85,451.01,90,interpolated
442,formation_4_mid_light,42,85,441.96,0.04,441.96,85,498.08,90,interpolated
443,formation_7_higher_light,13,55,443.0,0.0,364.16,50,443.0,55,interpolated
444,formation_6_high_light,38,55,443.97,0.03,443.97,55,523.76,60,interpolated
445,formation_7_higher_light,42,46,444.994,0.006,421.42,45,539.29,50,interpolated
446,formation_4_mid_light,48,84,445.898,0.102,399.25,80,457.56,85,interpolated
447,formation_5_midhigh_light,38,71,447.1,0.1,429.75,70,516.5,75,interpolated
448,formation_7_higher_light,8,64,448.044,0.044,395.74,60,461.12,65,interpolated
449,formation_7_higher_light,44,46,449.01,0.01,425.15,45,544.45,50,interpolated
450,formation_5_midhigh_light,11,91,450.052,0.052,440.74,90,487.3,95,interpolated
451,formation_6_high_light,22,61,450.992,0.008,435.59,60,512.6,65,interpolated
452,formation_6_high_light,41,55,451.94,0.06,451.94,55,533.32,60,interpolated
453,formation_4_mid_light,20,98,452.92,0.08,419.83,95,474.98,100,interpolated
454,formation_4_mid_light,50,84,453.966,0.034,406.43,80,465.85,85,interpolated
455,formation_4_mid_light,36,88,454.998,0.002,422.97,85,476.35,90,interpolated
456,formation_5_midhigh_light,13,86,456.168,0.168,445.64,85,498.28,90,interpolated
457,formation_6_high_light,32,57,457.202,0.202,426.57,55,503.15,60,interpolated
458,formation_5_midhigh_light,21,78,457.946,0.054,417.47,75,484.93,80,interpolated
459,formation_6_high_light,44,55,459.01,0.01,375.94,50,459.01,55,interpolated
460,formation_4_mid_light,32,90,460.01,0.01,408.96,85,460.01,90,interpolated
461,formation_4_mid_light,30,91,460.986,0.014,451.01,90,500.89,95,interpolated
462,formation_5_midhigh_light,37,72,462.012,0.012,427.76,70,513.39,75,interpolated
463,formation_6_high_light,39,56,462.972,0.028,446.85,55,527.46,60,interpolated
464,formation_4_mid_light,33,90,463.97,0.03,463.97,90,515.76,95,interpolated
465,formation_4_mid_light,27,93,465.062,0.062,435.89,90,484.51,95,interpolated
466,formation_5_midhigh_light,22,78,465.984,0.016,424.71,75,493.5,80,interpolated
467,formation_4_mid_light,43,87,466.994,0.006,444.45,85,500.81,90,interpolated
468,formation_7_higher_light,15,55,467.93,0.07,467.93,55,550.78,60,interpolated
469,formation_4_mid_light,40,88,468.856,0.144,435.58,85,491.04,90,interpolated
470,formation_5_midhigh_light,10,96,469.966,0.034,459.36,95,512.39,100,interpolated
471,formation_4_mid_light,30,92,470.962,0.038,451.01,90,500.89,95,interpolated
472,formation_4_mid_light,49,86,471.972,0.028,460.27,85,518.78,90,interpolated
473,formation_7_higher_light,19,53,472.956,0.044,418.14,50,509.5,55,interpolated
474,formation_5_midhigh_light,12,91,474.008,0.008,464.21,90,513.2,95,interpolated
475,formation_7_higher_light,10,62,474.97,0.03,445.15,60,519.7,65,interpolated
476,formation_6_high_light,38,57,475.886,0.114,443.97,55,523.76,60,interpolated
477,formation_7_higher_light,5,75,476.96,0.04,476.96,75,540.95,80,interpolated
478,formation_5_midhigh_light,11,94,477.988,0.012,440.74,90,487.3,95,interpolated
479,formation_6_high_light,9,75,479.0,0.0,407.82,70,479.0,75,interpolated
480,formation_5_midhigh_light,17,83,480.0,0.0,443.58,80,504.28,85,interpolated
481,formation_4_mid_light,30,93,480.938,0.062,451.01,90,500.89,95,interpolated
482,formation_5_midhigh_light,50,71,482.038,0.038,463.17,70,557.51,75,interpolated
483,formation_6_high_light,6,86,483.024,0.024,472.66,85,524.48,90,interpolated
484,formation_6_high_light,31,59,483.898,0.102,423.21,55,499.07,60,interpolated
485,formation_7_higher_light,23,52,485.006,0.006,446.15,50,543.29,55,interpolated
486,formation_4_mid_light,31,93,485.966,0.034,455.6,90,506.21,95,interpolated
487,formation_7_higher_light,40,48,486.986,0.014,416.9,45,533.71,50,interpolated
488,formation_5_midhigh_light,15,86,488.044,0.044,476.61,85,533.78,90,interpolated
489,formation_5_midhigh_light,31,75,489.02,0.02,408.25,70,489.02,75,interpolated
490,formation_4_mid_light,47,88,489.98,0.02,455.27,85,513.12,90,interpolated
491,formation_4_mid_light,40,90,491.04,0.04,435.58,85,491.04,90,interpolated
492,formation_7_higher_light,50,47,491.996,0.004,442.6,45,566.09,50,interpolated
493,formation_6_high_light,5,94,493.102,0.102,457.71,90,501.95,95,interpolated
494,formation_7_higher_light,7,69,493.99,0.01,426.27,65,510.92,70,interpolated
495,formation_4_mid_light,33,93,495.044,0.044,463.97,90,515.76,95,interpolated
496,formation_7_higher_light,35,49,495.994,0.006,405.57,45,518.6,50,interpolated
497,formation_7_higher_light,22,53,497.066,0.066,439.58,50,535.39,55,interpolated
498,formation_6_high_light,40,58,497.942,0.058,449.51,55,530.23,60,interpolated
499,formation_6_high_light,31,60,499.07,0.07,423.21,55,499.07,60,interpolated
500,formation_7_higher_light,30,50,500.15,0.15,391.41,45,500.15,50,interpolated
501,formation_6_high_light,48,57,501.03,0.03,467.25,55,551.7,60,interpolated
502,formation_4_mid_light,40,91,502.046,0.046,491.04,90,546.07,95,interpolated
503,formation_5_midhigh_light,45,73,503.028,0.028,448.44,70,539.42,75,interpolated
504,formation_4_mid_light,35,93,504.12,0.12,472.32,90,525.32,95,interpolated
505,formation_6_high_light,23,64,505.046,0.046,442.63,60,520.65,65,interpolated
506,formation_5_midhigh_light,40,74,505.86,0.14,435.5,70,523.45,75,interpolated
507,formation_4_mid_light,49,89,507.078,0.078,460.27,85,518.78,90,interpolated
508,formation_7_higher_light,32,50,508.0,0.0,397.46,45,508.0,50,interpolated
509,formation_4_mid_light,29,96,508.88,0.12,495.37,95,562.92,100,interpolated
510,formation_4_mid_light,34,94,510.042,0.042,468.17,90,520.51,95,interpolated
511,formation_7_higher_light,24,53,511.032,0.032,451.86,50,550.48,55,interpolated
512,formation_7_higher_light,4,85,511.97,0.03,511.97,85,564.64,90,interpolated
513,formation_4_mid_light,40,92,513.052,0.052,491.04,90,546.07,95,interpolated
514,formation_7_higher_light,11,63,513.97,0.03,466.84,60,545.39,65,interpolated
515,formation_5_midhigh_light,16,87,515.006,0.006,491.37,85,550.46,90,interpolated
516,formation_5_midhigh_light,27,78,515.986,0.014,469.96,75,546.67,80,interpolated
517,formation_6_high_light,41,59,517.044,0.044,451.94,55,533.32,60,interpolated
518,formation_5_midhigh_light,34,76,518.036,0.036,501.42,75,584.5,80,interpolated
519,formation_6_high_light,20,66,519.012,0.012,495.72,65,612.18,70,interpolated
520,formation_7_higher_light,14,59,519.974,0.026,455.51,55,536.09,60,interpolated
521,formation_6_high_light,32,61,520.994,0.006,503.15,60,592.37,65,interpolated
522,formation_7_higher_light,30,51,522.05,0.05,500.15,50,609.65,55,interpolated
523,formation_7_higher_light,45,49,523.114,0.114,427.21,45,547.09,50,interpolated
524,formation_5_midhigh_light,46,74,524.042,0.042,450.97,70,542.31,75,interpolated
525,formation_6_high_light,10,76,525.012,0.012,509.7,75,586.26,80,interpolated
526,formation_5_midhigh_light,32,77,526.142,0.142,493.43,75,575.21,80,interpolated
527,formation_5_midhigh_light,29,78,526.92,0.08,479.49,75,558.54,80,interpolated
528,formation_6_high_light,50,58,528.03,0.03,476.64,55,562.29,60,interpolated
529,formation_6_high_light,14,70,528.9,0.1,528.9,70,625.82,75,interpolated
530,formation_4_mid_light,26,99,530.004,0.004,478.42,95,542.9,100,interpolated
531,formation_7_higher_light,39,50,531.03,0.03,415.0,45,531.03,50,interpolated
532,formation_5_midhigh_light,49,74,531.88,0.12,457.6,70,550.45,75,interpolated
533,formation_7_higher_light,4,87,533.038,0.038,511.97,85,564.64,90,interpolated
534,formation_4_mid_light,31,97,534.054,0.054,506.21,95,575.82,100,interpolated
535,formation_5_midhigh_light,22,83,535.056,0.056,493.5,80,562.76,85,interpolated
536,formation_6_high_light,36,61,536.016,0.016,517.54,60,609.92,65,interpolated
537,formation_4_mid_light,27,99,536.974,0.026,484.51,95,550.09,100,interpolated
538,formation_6_high_light,7,86,537.992,0.008,526.25,85,584.96,90,interpolated
539,formation_5_midhigh_light,21,84,538.986,0.014,484.93,80,552.5,85,interpolated
540,formation_6_high_light,5,99,539.998,0.002,501.95,95,549.51,100,interpolated
541,formation_5_midhigh_light,40,76,540.98,0.02,523.45,75,611.1,80,interpolated
542,formation_4_mid_light,30,98,541.966,0.034,500.89,95,569.35,100,interpolated
543,formation_4_mid_light,42,94,542.896,0.104,498.08,90,554.1,95,interpolated
544,formation_7_higher_light,30,52,543.95,0.05,500.15,50,609.65,55,interpolated
545,formation_6_high_light,15,70,545.04,0.04,444.42,65,545.04,70,interpolated
546,formation_4_mid_light,40,95,546.07,0.07,491.04,90,546.07,95,interpolated
547,formation_6_high_light,46,60,546.92,0.08,546.92,60,645.43,65,interpolated
548,formation_5_midhigh_light,48,75,548.01,0.01,455.08,70,548.01,75,interpolated
549,formation_5_midhigh_light,22,84,548.908,0.092,493.5,80,562.76,85,interpolated
550,formation_6_high_light,9,80,550.06,0.06,479.0,75,550.06,80,interpolated
551,formation_5_midhigh_light,43,76,551.036,0.036,533.12,75,622.7,80,interpolated
552,formation_6_high_light,21,67,552.136,0.136,504.42,65,623.71,70,interpolated
553,formation_4_mid_light,38,96,553.05,0.05,538.1,95,612.85,100,interpolated
554,formation_7_higher_light,48,50,553.95,0.05,553.95,50,675.96,55,interpolated
555,formation_5_midhigh_light,39,77,555.052,0.052,520.4,75,607.03,80,interpolated
556,formation_7_higher_light,33,52,555.98,0.02,511.2,50,623.15,55,interpolated
557,formation_4_mid_light,43,95,557.09,0.09,500.81,90,557.09,95,interpolated
558,formation_6_high_light,43,61,557.982,0.018,538.64,60,635.35,65,interpolated
559,formation_4_mid_light,36,97,559.112,0.112,529.76,95,603.14,100,interpolated
560,formation_7_higher_light,34,52,560.14,0.14,514.9,50,628.0,55,interpolated
561,formation_4_mid_light,44,95,561.0,0.0,504.17,90,561.0,95,interpolated
562,formation_4_mid_light,31,99,561.898,0.102,506.21,95,575.82,100,interpolated
563,formation_7_higher_light,42,51,563.034,0.034,539.29,50,658.01,55,interpolated
564,formation_4_mid_light,37,97,564.012,0.012,534.18,95,608.76,100,interpolated
565,formation_6_high_light,39,62,565.116,0.116,527.46,60,621.6,65,interpolated
566,formation_6_high_light,6,94,565.968,0.032,524.48,90,576.34,95,interpolated
567,formation_6_high_light,27,65,567.23,0.23,482.06,60,567.23,65,interpolated
568,formation_4_mid_light,38,97,568.0,0.0,538.1,95,612.85,100,interpolated
569,formation_6_high_light,35,63,569.012,0.012,513.89,60,605.76,65,interpolated
570,formation_7_higher_light,24,56,570.23,0.23,550.48,55,649.23,60,interpolated
571,formation_6_high_light,10,79,570.948,0.052,509.7,75,586.26,80,interpolated
572,formation_6_high_light,28,65,572.12,0.12,486.16,60,572.12,65,interpolated
573,formation_6_high_light,36,63,572.968,0.032,517.54,60,609.92,65,interpolated
574,formation_5_midhigh_light,16,92,574.112,0.112,550.46,90,609.59,95,interpolated
575,formation_7_higher_light,4,91,575.186,0.186,564.64,90,617.37,95,interpolated
576,formation_6_high_light,21,68,575.994,0.006,504.42,65,623.71,70,interpolated
577,formation_6_high_light,19,69,577.0,0.0,486.16,65,599.71,70,interpolated
578,formation_4_mid_light,34,99,578.11,0.11,520.51,95,592.51,100,interpolated
579,formation_5_midhigh_light,46,77,578.934,0.066,542.31,75,633.87,80,interpolated
580,formation_5_midhigh_light,30,81,579.988,0.012,563.95,80,644.14,85,interpolated
581,formation_5_midhigh_light,20,88,580.922,0.078,541.28,85,607.35,90,interpolated
582,formation_7_higher_light,19,59,582.044,0.044,509.5,55,600.18,60,interpolated
583,formation_6_high_light,34,64,583.028,0.028,510.22,60,601.23,65,interpolated
584,formation_6_high_light,39,63,583.944,0.056,527.46,60,621.6,65,interpolated
585,formation_6_high_light,7,90,584.96,0.04,584.96,90,643.6,95,interpolated
586,formation_5_midhigh_light,16,93,585.938,0.062,550.46,90,609.59,95,interpolated
587,formation_6_high_light,11,78,586.976,0.024,537.89,75,619.7,80,interpolated
588,formation_6_high_light,31,65,588.04,0.04,499.07,60,588.04,65,interpolated
589,formation_6_high_light,20,69,588.888,0.112,495.72,65,612.18,70,interpolated
590,formation_7_higher_light,24,57,589.98,0.02,550.48,55,649.23,60,interpolated
591,formation_7_higher_light,50,51,591.002,0.002,566.09,50,690.65,55,interpolated
592,formation_7_higher_light,8,72,592.004,0.004,554.5,70,648.26,75,interpolated
593,formation_5_midhigh_light,27,83,593.044,0.044,546.67,80,623.96,85,interpolated
594,formation_6_high_light,42,63,593.958,0.042,536.04,60,632.57,65,interpolated
595,formation_6_high_light,37,64,595.142,0.142,520.71,60,613.75,65,interpolated
596,formation_5_midhigh_light,30,82,596.026,0.026,563.95,80,644.14,85,interpolated
597,formation_7_higher_light,32,54,596.984,0.016,508.0,50,619.23,55,interpolated
598,formation_4_mid_light,38,99,597.9,0.1,538.1,95,612.85,100,interpolated
599,formation_5_midhigh_light,37,80,599.03,0.03,513.39,75,599.03,80,interpolated
600,formation_6_high_light,44,63,599.994,0.006,541.59,60,638.93,65,interpolated
601,formation_4_mid_light,50,96,600.968,0.032,584.45,95,667.04,100,interpolated
602,formation_5_midhigh_light,17,93,601.994,0.006,565.4,90,626.39,95,interpolated
603,formation_6_high_light,50,62,602.998,0.002,562.29,60,664.06,65,interpolated
604,formation_5_midhigh_light,22,88,604.064,0.064,562.76,85,631.6,90,interpolated
605,formation_7_higher_light,29,55,604.81,0.19,604.81,55,712.9,60,interpolated
606,formation_6_high_light,46,63,606.026,0.026,546.92,60,645.43,65,interpolated
607,formation_5_midhigh_light,39,80,607.03,0.03,520.4,75,607.03,80,interpolated
608,formation_5_midhigh_light,32,82,607.83,0.17,575.21,80,656.76,85,interpolated
609,formation_6_high_light,47,63,608.972,0.028,549.5,60,648.62,65,interpolated
610,formation_6_high_light,22,69,609.992,0.008,512.6,65,634.34,70,interpolated
611,formation_6_high_light,6,98,610.96,0.04,576.34,95,634.04,100,interpolated
612,formation_7_higher_light,22,59,612.022,0.022,535.39,55,631.18,60,interpolated
613,formation_5_midhigh_light,14,98,612.792,0.208,570.84,95,640.76,100,interpolated
614,formation_7_higher_light,6,80,614.06,0.06,539.28,75,614.06,80,interpolated
615,formation_5_midhigh_light,28,84,615.082,0.082,552.37,80,630.76,85,interpolated
616,formation_6_high_light,43,64,616.008,0.008,538.64,60,635.35,65,interpolated
617,formation_6_high_light,10,82,617.056,0.056,586.26,80,663.25,85,interpolated
618,formation_5_midhigh_light,18,93,617.944,0.056,580.39,90,642.98,95,interpolated
619,formation_5_midhigh_light,47,79,618.986,0.014,545.25,75,637.42,80,interpolated
620,formation_6_high_light,23,69,620.026,0.026,520.65,65,644.87,70,interpolated
621,formation_7_higher_light,19,61,621.024,0.024,600.18,60,704.4,65,interpolated
622,formation_6_high_light,27,67,621.954,0.046,567.23,65,704.04,70,interpolated
623,formation_7_higher_light,16,63,623.106,0.106,564.87,60,661.93,65,interpolated
624,formation_5_midhigh_light,27,85,623.96,0.04,623.96,85,701.18,90,interpolated
625,formation_6_high_light,13,76,624.956,0.044,606.32,75,699.5,80,interpolated
626,formation_6_high_light,33,66,625.914,0.086,596.68,65,742.85,70,interpolated
627,formation_7_higher_light,48,53,627.156,0.156,553.95,50,675.96,55,interpolated
628,formation_7_higher_light,34,55,628.0,0.0,514.9,50,628.0,55,interpolated
629,formation_6_high_light,41,65,628.96,0.04,628.96,65,785.39,70,interpolated
630,formation_7_higher_light,49,53,630.024,0.024,556.29,50,679.18,55,interpolated
631,formation_7_higher_light,26,57,631.002,0.002,588.85,55,694.23,60,interpolated
632,formation_4_mid_light,46,99,631.976,0.024,567.76,95,648.03,100,interpolated
633,formation_5_midhigh_light,41,81,633.142,0.142,615.48,80,703.79,85,interpolated
634,formation_4_mid_light,50,98,634.004,0.004,584.45,95,667.04,100,interpolated
635,formation_6_high_light,25,68,634.896,0.104,555.15,65,688.06,70,interpolated
636,formation_6_high_light,11,81,636.072,0.072,619.7,80,701.56,85,interpolated
637,formation_5_midhigh_light,42,81,637.068,0.068,619.23,80,708.42,85,interpolated
638,formation_6_high_light,17,73,638.298,0.298,573.81,70,681.29,75,interpolated
639,formation_4_mid_light,48,99,638.972,0.028,574.18,95,655.17,100,interpolated
640,formation_6_high_light,36,66,640.07,0.07,609.92,65,760.67,70,interpolated
641,formation_7_higher_light,50,53,640.826,0.174,566.09,50,690.65,55,interpolated
642,formation_5_midhigh_light,39,82,641.93,0.07,607.03,80,694.28,85,interpolated
643,formation_5_midhigh_light,18,95,642.98,0.02,642.98,95,725.31,100,interpolated
644,formation_6_high_light,16,74,643.992,0.008,560.56,70,664.85,75,interpolated
645,formation_6_high_light,23,70,644.87,0.13,644.87,70,769.25,75,interpolated
646,formation_7_higher_light,7,78,645.974,0.026,595.37,75,679.71,80,interpolated
647,formation_5_midhigh_light,26,87,647.064,0.064,616.62,85,692.73,90,interpolated
648,formation_4_mid_light,46,100,648.03,0.03,567.76,95,648.03,100,interpolated
649,formation_7_higher_light,47,54,649.036,0.036,551.7,50,673.37,55,interpolated
650,formation_6_high_light,9,87,650.03,0.03,621.51,85,692.81,90,interpolated
651,formation_6_high_light,12,80,651.01,0.01,564.43,75,651.01,80,interpolated
652,formation_4_mid_light,47,100,652.01,0.01,571.2,95,652.01,100,interpolated
653,formation_7_higher_light,22,61,653.186,0.186,631.18,60,741.21,65,interpolated
654,formation_6_high_light,18,73,654.034,0.034,587.5,70,698.39,75,interpolated
655,formation_7_higher_light,35,56,655.076,0.076,632.26,55,746.34,60,interpolated
656,formation_5_midhigh_light,47,81,655.828,0.172,637.42,80,729.46,85,interpolated
657,formation_7_higher_light,5,89,657.004,0.004,605.34,85,669.92,90,interpolated
658,formation_7_higher_light,42,55,658.01,0.01,539.29,50,658.01,55,interpolated
659,formation_7_higher_light,6,83,659.0,0.0,614.06,80,688.96,85,interpolated
660,formation_5_midhigh_light,30,86,660.18,0.18,644.14,85,724.34,90,interpolated
661,formation_7_higher_light,43,55,661.03,0.03,541.85,50,661.03,55,interpolated
662,formation_7_higher_light,16,65,661.93,0.07,661.93,65,810.96,70,interpolated
663,formation_7_higher_light,23,61,663.034,0.034,640.56,60,752.93,65,interpolated
664,formation_5_midhigh_light,40,83,664.026,0.026,611.1,80,699.31,85,interpolated
665,formation_6_high_light,16,75,664.85,0.15,664.85,75,769.21,80,interpolated
666,formation_7_higher_light,25,59,665.994,0.006,582.57,55,686.85,60,interpolated
667,formation_7_higher_light,8,76,666.982,0.018,648.26,75,741.87,80,interpolated
668,formation_7_higher_light,33,57,668.002,0.002,623.15,55,735.28,60,interpolated
669,formation_5_midhigh_light,29,87,669.066,0.066,637.35,85,716.64,90,interpolated
670,formation_7_higher_light,5,90,669.92,0.08,669.92,90,734.29,95,interpolated
671,formation_5_midhigh_light,16,99,670.998,0.002,609.59,95,686.35,100,interpolated
672,formation_5_midhigh_light,38,84,671.986,0.014,603.01,80,689.23,85,interpolated
673,formation_5_midhigh_light,22,93,673.09,0.09,631.6,90,700.75,95,interpolated
674,formation_7_higher_light,6,84,673.98,0.02,614.06,80,688.96,85,interpolated
675,formation_5_midhigh_light,19,96,675.052,0.052,658.03,95,743.14,100,interpolated
676,formation_7_higher_light,48,55,675.96,0.04,675.96,55,797.9,60,interpolated
677,formation_5_midhigh_light,39,84,676.83,0.17,607.03,80,694.28,85,interpolated
678,formation_7_higher_light,35,57,677.892,0.108,632.26,55,746.34,60,interpolated
679,formation_5_midhigh_light,33,86,678.86,0.14,662.28,85,745.18,90,interpolated
680,formation_7_higher_light,7,80,679.71,0.29,679.71,80,764.42,85,interpolated
681,formation_5_midhigh_light,49,82,680.954,0.046,643.57,80,737.03,85,interpolated
682,formation_6_high_light,20,73,682.044,0.044,612.18,70,728.62,75,interpolated
683,formation_6_high_light,22,72,682.976,0.024,634.34,70,755.93,75,interpolated
684,formation_5_midhigh_light,25,90,683.87,0.13,683.87,90,758.7,95,interpolated
685,formation_5_midhigh_light,34,86,685.068,0.068,668.43,85,751.62,90,interpolated
686,formation_7_higher_light,32,58,685.878,0.122,619.23,55,730.31,60,interpolated
687,formation_5_midhigh_light,22,94,686.92,0.08,631.6,90,700.75,95,interpolated
688,formation_6_high_light,25,70,688.06,0.06,555.15,65,688.06,70,interpolated
689,formation_7_higher_light,6,85,688.96,0.04,688.96,85,764.04,90,interpolated
690,formation_7_higher_light,13,68,689.992,0.008,609.79,65,743.46,70,interpolated
691,formation_7_higher_light,18,65,691.14,0.14,589.46,60,691.14,65,interpolated
692,formation_5_midhigh_light,19,97,692.074,0.074,658.03,95,743.14,100,interpolated
693,formation_5_midhigh_light,28,89,692.888,0.112,630.76,85,708.42,90,interpolated
694,formation_6_high_light,10,87,693.974,0.026,663.25,85,740.06,90,interpolated
695,formation_7_higher_light,9,75,695.07,0.07,593.23,70,695.07,75,interpolated
696,formation_6_high_light,30,69,696.22,0.22,582.82,65,724.57,70,interpolated
697,formation_7_higher_light,20,64,696.816,0.184,611.48,60,718.15,65,interpolated
698,formation_6_high_light,7,99,697.84,0.16,643.6,95,711.4,100,interpolated
699,formation_6_high_light,43,67,698.982,0.018,635.35,65,794.43,70,interpolated
700,formation_5_midhigh_light,23,94,699.932,0.068,643.5,90,714.04,95,interpolated
701,formation_7_higher_light,27,60,701.01,0.01,594.51,55,701.01,60,interpolated
702,formation_7_higher_light,41,57,701.912,0.088,654.62,55,772.85,60,interpolated
703,formation_7_higher_light,31,59,703.0,0.0,614.76,55,725.06,60,interpolated
704,formation_7_higher_light,6,86,703.976,0.024,688.96,85,764.04,90,interpolated
705,formation_6_high_light,24,72,705.034,0.034,654.37,70,781.03,75,interpolated
706,formation_5_midhigh_light,32,88,706.074,0.074,656.76,85,738.95,90,interpolated
707,formation_6_high_light,9,91,707.078,0.078,692.81,90,764.15,95,interpolated
708,formation_5_midhigh_light,26,91,708.004,0.004,692.73,90,769.1,95,interpolated
709,formation_5_midhigh_light,19,98,709.096,0.096,658.03,95,743.14,100,interpolated
710,formation_6_high_light,46,67,710.33,0.33,645.43,65,807.68,70,interpolated
711,formation_5_midhigh_light,47,84,711.052,0.052,637.42,80,729.46,85,interpolated
712,formation_5_midhigh_light,33,88,712.02,0.02,662.28,85,745.18,90,interpolated
713,formation_7_higher_light,29,60,712.9,0.1,712.9,60,838.76,65,interpolated
714,formation_5_midhigh_light,23,95,714.04,0.04,643.5,90,714.04,95,interpolated
715,formation_6_high_light,25,71,714.628,0.372,688.06,70,820.9,75,interpolated
716,formation_7_higher_light,45,57,715.794,0.206,667.71,55,787.92,60,interpolated
717,formation_6_high_light,48,67,717.01,0.01,651.29,65,815.59,70,interpolated
718,formation_6_high_light,11,86,717.954,0.046,701.56,85,783.53,90,interpolated
719,formation_7_higher_light,6,87,718.992,0.008,688.96,85,764.04,90,interpolated
720,formation_6_high_light,12,84,720.25,0.25,651.01,80,737.56,85,interpolated
721,formation_5_midhigh_light,45,85,721.25,0.25,630.1,80,721.25,85,interpolated
722,formation_7_higher_light,47,57,722.102,0.102,673.37,55,795.2,60,interpolated
723,formation_6_high_light,14,80,723.04,0.04,625.82,75,723.04,80,interpolated
724,formation_5_midhigh_light,28,91,724.016,0.016,708.42,90,786.4,95,interpolated
725,formation_6_high_light,35,69,725.032,0.032,605.76,65,754.85,70,interpolated
726,formation_5_midhigh_light,20,98,726.074,0.074,673.76,95,760.95,100,interpolated
727,formation_6_high_light,15,79,726.694,0.306,646.07,75,746.85,80,interpolated
728,formation_7_higher_light,36,59,727.858,0.142,636.25,55,750.76,60,interpolated
729,formation_5_midhigh_light,39,87,729.204,0.204,694.28,85,781.59,90,interpolated
730,formation_7_higher_light,21,65,730.14,0.14,621.85,60,730.14,65,interpolated
731,formation_6_high_light,50,67,731.136,0.136,664.06,65,831.75,70,interpolated
732,formation_5_midhigh_light,27,92,732.076,0.076,701.18,90,778.42,95,interpolated
733,formation_5_midhigh_light,23,96,732.902,0.098,714.04,95,808.35,100,interpolated
734,formation_7_higher_light,6,88,734.008,0.008,688.96,85,764.04,90,interpolated
735,formation_5_midhigh_light,34,89,734.982,0.018,668.43,85,751.62,90,interpolated
736,formation_7_higher_light,44,58,735.97,0.03,664.12,55,783.87,60,interpolated
737,formation_6_high_light,13,82,736.984,0.016,699.5,80,793.21,85,interpolated
738,formation_7_higher_light,29,61,738.072,0.072,712.9,60,838.76,65,interpolated
739,formation_5_midhigh_light,32,90,738.95,0.05,738.95,90,820.89,95,interpolated
740,formation_6_high_light,10,90,740.06,0.06,663.25,85,740.06,90,interpolated
741,formation_7_higher_light,39,59,740.97,0.03,647.81,55,764.26,60,interpolated
742,formation_7_higher_light,34,60,742.01,0.01,628.0,55,742.01,60,interpolated
743,formation_7_higher_light,26,62,742.962,0.038,694.23,60,816.06,65,interpolated
744,formation_5_midhigh_light,42,87,744.152,0.152,708.42,85,797.75,90,interpolated
745,formation_7_higher_light,40,59,745.106,0.106,651.29,55,768.56,60,interpolated
746,formation_6_high_light,17,78,745.808,0.192,681.29,75,788.82,80,interpolated
747,formation_6_high_light,15,80,746.85,0.15,746.85,80,848.17,85,interpolated
748,formation_5_midhigh_light,31,91,748.024,0.024,731.87,90,812.64,95,interpolated
749,formation_7_higher_light,6,89,749.024,0.024,688.96,85,764.04,90,interpolated
750,formation_6_high_light,9,94,749.882,0.118,692.81,90,764.15,95,interpolated
751,formation_7_higher_light,20,66,751.016,0.016,718.15,65,882.48,70,interpolated
752,formation_6_high_light,20,76,751.942,0.058,728.62,75,845.23,80,interpolated
753,formation_7_higher_light,42,59,753.002,0.002,658.01,55,776.75,60,interpolated
754,formation_6_high_light,41,69,754.104,0.104,628.96,65,785.39,70,interpolated
755,formation_6_high_light,12,86,754.966,0.034,737.56,85,824.59,90,interpolated
756,formation_7_higher_light,32,61,756.048,0.048,730.31,60,859.0,65,interpolated
757,formation_5_midhigh_light,41,88,756.836,0.164,703.79,85,792.2,90,interpolated
758,formation_5_midhigh_light,45,87,757.734,0.266,721.25,85,812.46,90,interpolated
759,formation_7_higher_light,25,63,758.994,0.006,686.85,60,807.09,65,interpolated
760,formation_7_higher_light,44,59,759.92,0.08,664.12,55,783.87,60,interpolated
761,formation_7_higher_light,33,61,761.13,0.13,735.28,60,864.53,65,interpolated
762,formation_6_high_light,14,82,761.984,0.016,723.04,80,820.4,85,interpolated
763,formation_7_higher_light,24,65,763.01,0.01,649.23,60,763.01,65,interpolated
764,formation_7_higher_light,6,90,764.04,0.04,688.96,85,764.04,90,interpolated
765,formation_6_high_light,18,78,764.81,0.19,698.39,75,809.09,80,interpolated
766,formation_6_high_light,37,70,766.04,0.04,613.75,65,766.04,70,interpolated
767,formation_6_high_light,15,81,767.114,0.114,746.85,80,848.17,85,interpolated
768,formation_7_higher_light,34,61,767.878,0.122,742.01,60,871.35,65,interpolated
769,formation_5_midhigh_light,26,95,769.1,0.1,692.73,90,769.1,95,interpolated
770,formation_7_higher_light,13,71,770.01,0.01,743.46,70,876.21,75,interpolated
771,formation_5_midhigh_light,44,88,770.952,0.048,716.73,85,807.1,90,interpolated
772,formation_6_high_light,33,71,771.938,0.062,742.85,70,888.29,75,interpolated
773,formation_7_higher_light,41,60,772.85,0.15,772.85,60,909.51,65,interpolated
774,formation_5_midhigh_light,49,87,774.274,0.274,737.03,85,830.14,90,interpolated
775,formation_7_higher_light,27,63,774.876,0.124,701.01,60,824.12,65,interpolated
776,formation_7_higher_light,5,98,775.99,0.01,734.29,95,803.79,100,interpolated
777,formation_7_higher_light,42,60,776.75,0.25,776.75,60,914.39,65,interpolated
778,formation_5_midhigh_light,33,92,778.132,0.132,745.18,90,827.56,95,interpolated
779,formation_7_higher_light,6,91,779.034,0.034,764.04,90,839.01,95,interpolated
780,formation_5_midhigh_light,29,94,779.976,0.024,716.64,90,795.81,95,interpolated
781,formation_6_high_light,24,75,781.03,0.03,654.37,70,781.03,75,interpolated
782,formation_7_higher_light,10,77,782.136,0.136,738.42,75,847.71,80,interpolated
783,formation_7_higher_light,25,64,783.042,0.042,686.85,60,807.09,65,interpolated
784,formation_7_higher_light,20,67,783.882,0.118,718.15,65,882.48,70,interpolated
785,formation_5_midhigh_light,34,92,784.984,0.016,751.62,90,835.03,95,interpolated
786,formation_6_high_light,10,93,786.014,0.014,740.06,90,816.65,95,interpolated
787,formation_7_higher_light,33,62,786.98,0.02,735.28,60,864.53,65,interpolated
788,formation_7_higher_light,23,66,787.972,0.028,752.93,65,928.14,70,interpolated
789,formation_5_midhigh_light,44,89,789.026,0.026,716.73,85,807.1,90,interpolated
790,formation_6_high_light,16,81,790.07,0.07,769.21,80,873.51,85,interpolated
791,formation_7_higher_light,12,74,791.078,0.078,692.39,70,815.75,75,interpolated
792,formation_5_midhigh_light,35,92,792.004,0.004,758.28,90,842.59,95,interpolated
793,formation_5_midhigh_light,22,100,793.1,0.1,700.75,95,793.1,100,interpolated
794,formation_6_high_light,23,76,793.98,0.02,769.25,75,892.9,80,interpolated
795,formation_6_high_light,32,72,794.97,0.03,737.35,70,881.4,75,interpolated
796,formation_6_high_light,37,71,796.184,0.184,766.04,70,916.76,75,interpolated
797,formation_7_higher_light,9,80,796.89,0.11,796.89,80,898.1,85,interpolated
798,formation_7_higher_light,48,60,797.9,0.1,797.9,60,940.32,65,interpolated
799,formation_5_midhigh_light,27,96,799.004,0.004,778.42,95,881.34,100,interpolated
800,formation_7_higher_light,41,61,800.182,0.182,772.85,60,909.51,65,interpolated
801,formation_6_high_light,33,72,801.026,0.026,742.85,70,888.29,75,interpolated
802,formation_7_higher_light,31,63,801.944,0.056,725.06,60,853.2,65,interpolated
803,formation_5_midhigh_light,24,99,803.154,0.154,725.85,95,822.48,100,interpolated
804,formation_7_higher_light,10,78,803.994,0.006,738.42,75,847.71,80,interpolated
805,formation_5_midhigh_light,37,92,804.666,0.334,770.29,90,856.23,95,interpolated
806,formation_6_high_light,24,76,806.154,0.154,781.03,75,906.65,80,interpolated
807,formation_7_higher_light,25,65,807.09,0.09,686.85,60,807.09,65,interpolated
808,formation_7_higher_light,43,61,807.728,0.272,780.04,60,918.48,65,interpolated
809,formation_7_higher_light,37,62,809.018,0.018,755.67,60,889.04,65,interpolated
810,formation_5_midhigh_light,38,92,810.02,0.02,775.64,90,861.59,95,interpolated
811,formation_7_higher_light,16,70,810.96,0.04,810.96,70,958.76,75,interpolated
812,formation_6_high_light,40,71,811.816,0.184,780.9,70,935.48,75,interpolated
813,formation_7_higher_light,33,63,812.83,0.17,735.28,60,864.53,65,interpolated
814,formation_6_high_light,21,78,814.086,0.086,743.25,75,861.31,80,interpolated
815,formation_7_higher_light,7,88,815.258,0.258,764.42,85,849.15,90,interpolated
816,formation_6_high_light,11,92,815.974,0.026,783.53,90,864.64,95,interpolated
817,formation_5_midhigh_light,29,96,816.982,0.018,795.81,95,901.67,100,interpolated
818,formation_7_higher_light,39,62,818.26,0.26,764.26,60,899.26,65,interpolated
819,formation_5_midhigh_light,25,98,818.772,0.228,758.7,95,858.82,100,interpolated
820,formation_5_midhigh_light,43,91,819.92,0.08,802.15,90,891.0,95,interpolated
821,formation_6_high_light,25,75,820.9,0.1,820.9,75,952.73,80,interpolated
822,formation_6_high_light,42,71,822.042,0.042,790.59,70,947.85,75,interpolated
823,formation_7_higher_light,23,67,823.014,0.014,752.93,65,928.14,70,interpolated
824,formation_7_higher_light,6,94,824.016,0.016,764.04,90,839.01,95,interpolated
825,formation_5_midhigh_light,44,91,825.026,0.026,807.1,90,896.73,95,interpolated
826,formation_6_high_light,43,71,826.04,0.04,794.43,70,952.48,75,interpolated
827,formation_6_high_light,19,80,826.98,0.02,826.98,80,939.93,85,interpolated
828,formation_6_high_light,15,84,827.906,0.094,746.85,80,848.17,85,interpolated
829,formation_6_high_light,22,78,828.458,0.542,755.93,75,876.81,80,interpolated
830,formation_6_high_light,33,73,830.114,0.114,742.85,70,888.29,75,interpolated
831,formation_6_high_light,18,81,831.08,0.08,809.09,80,919.04,85,interpolated
832,formation_7_higher_light,42,62,831.806,0.194,776.75,60,914.39,65,interpolated
833,formation_5_midhigh_light,42,92,832.998,0.002,797.75,90,885.87,95,interpolated
834,formation_7_higher_light,24,67,834.49,0.49,763.01,65,941.71,70,interpolated
835,formation_5_midhigh_light,46,91,834.978,0.022,816.81,90,907.65,95,interpolated
836,formation_7_higher_light,8,85,835.87,0.13,835.87,85,928.81,90,interpolated
837,formation_6_high_light,34,73,836.992,0.008,748.96,70,895.68,75,interpolated
838,formation_5_midhigh_light,29,97,838.154,0.154,795.81,95,901.67,100,interpolated
839,formation_7_higher_light,6,95,839.01,0.01,764.04,90,839.01,95,interpolated
840,formation_5_midhigh_light,47,91,839.99,0.01,821.7,90,913.15,95,interpolated
841,formation_5_midhigh_light,50,90,840.95,0.05,840.95,90,934.95,95,interpolated
842,formation_6_high_light,12,91,841.772,0.228,824.59,90,910.5,95,interpolated
843,formation_5_midhigh_light,44,92,842.952,0.048,807.1,90,896.73,95,interpolated
844,formation_5_midhigh_light,48,91,844.058,0.058,825.78,90,917.17,95,interpolated
845,formation_5_midhigh_light,41,93,844.838,0.162,792.2,90,879.93,95,interpolated
846,formation_7_higher_light,30,65,845.89,0.11,845.89,65,1046.9,70,interpolated
847,formation_5_midhigh_light,30,97,847.064,0.064,804.04,95,911.6,100,interpolated
848,formation_7_higher_light,46,62,848.012,0.012,791.76,60,932.39,65,interpolated
849,formation_7_higher_light,18,70,848.93,0.07,848.93,70,1005.4,75,interpolated
850,formation_5_midhigh_light,26,99,850.1,0.1,769.1,95,870.35,100,interpolated
851,formation_7_higher_light,35,64,851.1,0.1,746.34,60,877.29,65,interpolated
852,formation_7_higher_light,47,62,851.72,0.28,795.2,60,936.5,65,interpolated
853,formation_6_high_light,17,83,852.996,0.004,788.82,80,895.78,85,interpolated
854,formation_6_high_light,10,97,853.918,0.082,816.65,95,909.82,100,interpolated
855,formation_7_higher_light,48,62,854.868,0.132,797.9,60,940.32,65,interpolated
856,formation_5_midhigh_light,37,95,856.23,0.23,770.29,90,856.23,95,interpolated
857,formation_7_higher_light,36,64,856.936,0.064,750.76,60,883.48,65,interpolated
858,formation_7_higher_light,23,68,858.056,0.056,752.93,65,928.14,70,interpolated
859,formation_7_higher_light,32,65,859.0,0.0,730.31,60,859.0,65,interpolated
860,formation_7_higher_light,17,71,860.14,0.14,829.65,70,982.1,75,interpolated
861,formation_5_midhigh_light,44,93,860.878,0.122,807.1,90,896.73,95,interpolated
862,formation_6_high_light,38,73,861.762,0.238,770.76,70,922.43,75,interpolated
863,formation_7_higher_light,27,66,862.936,0.064,824.12,65,1018.2,70,interpolated
864,formation_7_higher_light,33,65,864.53,0.53,735.28,60,864.53,65,interpolated
865,formation_6_high_light,50,71,865.002,0.002,831.75,70,998.01,75,interpolated
866,formation_7_higher_light,7,91,865.816,0.184,849.15,90,932.48,95,interpolated
867,formation_5_midhigh_light,49,92,867.024,0.024,830.14,90,922.35,95,interpolated
868,formation_6_high_light,27,76,867.978,0.022,840.84,75,976.53,80,interpolated
869,formation_5_midhigh_light,30,98,868.576,0.424,804.04,95,911.6,100,interpolated
870,formation_7_higher_light,16,72,870.08,0.08,810.96,70,958.76,75,interpolated
871,formation_7_higher_light,11,79,871.026,0.026,778.53,75,894.15,80,interpolated
872,formation_7_higher_light,6,97,872.018,0.018,839.01,95,921.53,100,interpolated
873,formation_7_higher_light,8,87,873.046,0.046,835.87,85,928.81,90,interpolated
874,formation_7_higher_light,50,62,873.754,0.246,815.73,60,960.79,65,interpolated
875,formation_7_higher_light,15,73,875.004,0.004,789.09,70,932.28,75,interpolated
876,formation_6_high_light,12,93,876.136,0.136,824.59,90,910.5,95,interpolated
877,formation_6_high_light,22,80,876.81,0.19,876.81,80,998.75,85,interpolated
878,formation_7_higher_light,9,84,877.858,0.142,796.89,80,898.1,85,interpolated
879,formation_7_higher_light,22,69,879.026,0.026,741.21,65,913.48,70,interpolated
880,formation_7_higher_light,47,63,879.98,0.02,795.2,60,936.5,65,interpolated
881,formation_6_high_light,48,72,880.79,0.21,815.59,70,978.59,75,interpolated
882,formation_7_higher_light,41,64,882.178,0.178,772.85,60,909.51,65,interpolated
883,formation_7_higher_light,48,63,883.352,0.352,797.9,60,940.32,65,interpolated
884,formation_5_midhigh_light,45,94,884.34,0.34,812.46,90,902.31,95,interpolated
885,formation_6_high_light,42,73,884.946,0.054,790.59,70,947.85,75,interpolated
886,formation_7_higher_light,30,66,886.092,0.092,845.89,65,1046.9,70,interpolated
887,formation_5_midhigh_light,32,98,886.962,0.038,820.89,95,931.01,100,interpolated
888,formation_5_midhigh_light,35,97,888.094,0.094,842.59,95,956.35,100,interpolated
889,formation_7_higher_light,37,65,889.04,0.04,755.67,60,889.04,65,interpolated
890,formation_5_midhigh_light,30,99,890.088,0.088,804.04,95,911.6,100,interpolated
891,formation_5_midhigh_light,43,95,891.0,0.0,802.15,90,891.0,95,interpolated
892,formation_6_high_light,38,74,892.096,0.096,770.76,70,922.43,75,interpolated
893,formation_7_higher_light,23,69,893.098,0.098,752.93,65,928.14,70,interpolated
894,formation_7_higher_light,38,65,894.07,0.07,759.82,60,894.07,65,interpolated
895,formation_6_high_light,27,77,895.116,0.116,840.84,75,976.53,80,interpolated
896,formation_6_high_light,17,85,895.78,0.22,895.78,85,1003.3,90,interpolated
897,formation_6_high_light,18,84,897.05,0.05,809.09,80,919.04,85,interpolated
898,formation_7_higher_light,9,85,898.1,0.1,796.89,80,898.1,85,interpolated
899,formation_5_midhigh_light,48,94,898.892,0.108,825.78,90,917.17,95,interpolated
900,formation_6_high_light,25,78,899.998,0.002,820.9,75,952.73,80,interpolated
901,formation_6_high_light,22,81,901.198,0.198,876.81,80,998.75,85,interpolated
902,formation_7_higher_light,27,67,901.752,0.248,824.12,65,1018.2,70,interpolated
903,formation_5_midhigh_light,34,98,902.986,0.014,835.03,95,948.29,100,interpolated
904,formation_5_midhigh_light,49,94,903.908,0.092,830.14,90,922.35,95,interpolated
905,formation_7_higher_light,6,99,905.026,0.026,839.01,95,921.53,100,interpolated
906,formation_7_higher_light,24,69,905.97,0.03,763.01,65,941.71,70,interpolated
907,formation_6_high_light,24,80,906.65,0.35,906.65,80,1033.2,85,interpolated
908,formation_7_higher_light,47,64,908.24,0.24,795.2,60,936.5,65,interpolated
909,formation_5_midhigh_light,32,99,908.986,0.014,820.89,95,931.01,100,interpolated
910,formation_6_high_light,36,75,910.14,0.14,760.67,70,910.14,75,interpolated
911,formation_5_midhigh_light,35,98,910.846,0.154,842.59,95,956.35,100,interpolated
912,formation_7_higher_light,48,64,911.836,0.164,797.9,60,940.32,65,interpolated
913,formation_7_higher_light,10,83,913.092,0.092,847.71,80,956.68,85,interpolated
914,formation_7_higher_light,12,79,913.686,0.314,815.75,75,938.17,80,interpolated
915,formation_6_high_light,16,87,915.142,0.142,873.51,85,977.59,90,interpolated
916,formation_7_higher_light,49,64,915.908,0.092,801.82,60,944.43,65,interpolated
917,formation_6_high_light,14,90,916.84,0.16,916.84,90,1013.9,95,interpolated
918,formation_6_high_light,49,73,918.02,0.02,819.59,70,983.64,75,interpolated
919,formation_6_high_light,18,85,919.04,0.04,809.09,80,919.04,85,interpolated
920,formation_7_higher_light,35,66,919.772,0.228,877.29,65,1089.7,70,interpolated
921,formation_7_higher_light,17,73,921.12,0.12,829.65,70,982.1,75,interpolated
922,formation_5_midhigh_light,40,97,922.02,0.02,873.64,95,994.59,100,interpolated
923,formation_7_higher_light,44,65,923.03,0.03,783.87,60,923.03,65,interpolated
924,formation_6_high_light,13,92,923.246,0.754,885.89,90,979.28,95,interpolated
925,formation_6_high_light,34,76,925.184,0.184,895.68,75,1043.2,80,interpolated
926,formation_7_higher_light,36,66,926.224,0.224,883.48,65,1097.2,70,interpolated
927,formation_5_midhigh_light,45,96,927.368,0.368,902.31,95,1027.6,100,interpolated
928,formation_7_higher_light,23,70,928.14,0.14,752.93,65,928.14,70,interpolated
929,formation_7_higher_light,8,90,928.81,0.19,928.81,90,1022.5,95,interpolated
930,formation_7_higher_light,19,72,929.614,0.386,865.09,70,1026.4,75,interpolated
931,formation_5_midhigh_light,32,100,931.01,0.01,820.89,95,931.01,100,interpolated
932,formation_6_high_light,24,81,931.96,0.04,906.65,80,1033.2,85,interpolated
933,formation_5_midhigh_light,46,96,932.96,0.04,907.65,95,1034.2,100,interpolated
934,formation_5_midhigh_light,35,99,933.598,0.402,842.59,95,956.35,100,interpolated
935,formation_5_midhigh_light,42,97,934.962,0.038,885.87,95,1008.6,100,interpolated
936,formation_6_high_light,16,88,935.958,0.042,873.51,85,977.59,90,interpolated
937,formation_6_high_light,46,74,936.68,0.32,807.68,70,968.93,75,interpolated
938,formation_6_high_light,26,79,938.084,0.084,831.18,75,964.81,80,interpolated
939,formation_5_midhigh_light,33,100,939.07,0.07,827.56,95,939.07,100,interpolated
940,formation_6_high_light,19,85,939.93,0.07,939.93,85,1053.3,90,interpolated
941,formation_6_high_light,29,78,941.042,0.042,857.6,75,996.67,80,interpolated
942,formation_6_high_light,13,93,941.924,0.076,885.89,90,979.28,95,interpolated
943,formation_7_higher_light,39,66,943.148,0.148,899.26,65,1118.7,70,interpolated
944,formation_7_higher_light,49,65,944.43,0.43,801.82,60,944.43,65,interpolated
945,formation_7_higher_light,49,65,944.43,0.57,944.43,65,1178.7,70,interpolated
946,formation_6_high_light,48,74,945.99,0.01,815.59,70,978.59,75,interpolated
947,formation_6_high_light,37,76,947.068,0.068,916.76,75,1068.3,80,interpolated
948,formation_7_higher_light,22,71,948.064,0.064,913.48,70,1086.4,75,interpolated
949,formation_7_higher_light,28,68,949.076,0.076,831.29,65,1027.6,70,interpolated
950,formation_6_high_light,22,83,949.974,0.026,876.81,80,998.75,85,interpolated
951,formation_6_high_light,49,74,950.83,0.17,819.59,70,983.64,75,interpolated
952,formation_7_higher_light,7,96,951.944,0.056,932.48,95,1029.8,100,interpolated
953,formation_6_high_light,38,76,953.044,0.044,922.43,75,1075.5,80,interpolated
954,formation_7_higher_light,41,66,954.028,0.028,909.51,65,1132.1,70,interpolated
955,formation_6_high_light,34,77,954.688,0.312,895.68,75,1043.2,80,interpolated
956,formation_7_higher_light,13,78,956.004,0.004,876.21,75,1009.2,80,interpolated
957,formation_6_high_light,21,84,956.83,0.17,861.31,80,980.71,85,interpolated
958,formation_7_higher_light,25,69,957.986,0.014,807.09,65,995.71,70,interpolated
959,formation_7_higher_light,9,88,959.18,0.18,898.1,85,999.9,90,interpolated
960,formation_6_high_light,39,76,960.196,0.196,929.37,75,1083.5,80,interpolated
961,formation_5_midhigh_light,50,96,960.96,0.04,934.95,95,1065.0,100,interpolated
962,formation_7_higher_light,19,73,961.876,0.124,865.09,70,1026.4,75,interpolated
963,formation_7_higher_light,12,81,962.816,0.184,938.17,80,1061.4,85,interpolated
964,formation_5_midhigh_light,47,97,963.89,0.11,913.15,95,1040.0,100,interpolated
965,formation_6_high_light,26,80,964.81,0.19,964.81,80,1100.0,85,interpolated
966,formation_6_high_light,11,100,966.04,0.04,864.64,95,966.04,100,interpolated
967,formation_6_high_light,40,76,966.604,0.396,935.48,75,1091.1,80,interpolated
968,formation_6_high_light,32,78,968.34,0.34,881.4,75,1026.3,80,interpolated
969,formation_7_higher_light,36,67,968.968,0.032,883.48,65,1097.2,70,interpolated
970,formation_6_high_light,36,77,970.284,0.284,910.14,75,1060.5,80,interpolated
971,formation_5_midhigh_light,44,98,971.352,0.352,896.73,95,1021.1,100,interpolated
972,formation_7_higher_light,7,97,971.408,0.592,932.48,95,1029.8,100,interpolated
973,formation_6_high_light,41,76,972.916,0.084,941.57,75,1098.3,80,interpolated
974,formation_6_high_light,47,75,974.01,0.01,811.75,70,974.01,75,interpolated
975,formation_7_higher_light,31,68,975.06,0.06,853.2,65,1056.3,70,interpolated
976,formation_6_high_light,33,78,975.896,0.104,888.29,75,1034.3,80,interpolated
977,formation_5_midhigh_light,41,99,977.026,0.026,879.93,95,1001.3,100,interpolated
978,formation_7_higher_light,46,66,978.372,0.372,932.39,65,1162.3,70,interpolated
979,formation_6_high_light,13,95,979.28,0.28,885.89,90,979.28,95,interpolated
980,formation_7_higher_light,9,89,979.54,0.46,898.1,85,999.9,90,interpolated
981,formation_7_higher_light,38,67,981.122,0.122,894.07,65,1111.7,70,interpolated
982,formation_7_higher_light,17,75,982.1,0.1,829.65,70,982.1,75,interpolated
983,formation_7_higher_light,47,66,982.8,0.2,936.5,65,1168.0,70,interpolated
984,formation_6_high_light,20,86,984.032,0.032,960.79,85,1077.0,90,interpolated
985,formation_7_higher_light,8,93,985.024,0.024,928.81,90,1022.5,95,interpolated
986,formation_6_high_light,28,80,985.9,0.1,985.9,80,1124.7,85,interpolated
987,formation_5_midhigh_light,50,97,986.97,0.03,934.95,95,1065.0,100,interpolated
988,formation_6_high_light,31,79,988.328,0.328,873.64,75,1017.0,80,interpolated
989,formation_5_midhigh_light,47,98,989.26,0.26,913.15,95,1040.0,100,interpolated
990,formation_5_midhigh_light,43,99,989.96,0.04,891.0,95,1014.7,100,interpolated
991,formation_6_high_light,39,77,991.022,0.022,929.37,75,1083.5,80,interpolated
992,formation_6_high_light,26,81,991.848,0.152,964.81,80,1100.0,85,interpolated
993,formation_7_higher_light,40,67,992.852,0.148,904.62,65,1125.2,70,interpolated
994,formation_5_midhigh_light,48,98,993.988,0.012,917.17,95,1045.2,100,interpolated
995,formation_6_high_light,14,94,994.488,0.512,916.84,90,1013.9,95,interpolated
996,formation_6_high_light,45,76,996.116,0.116,963.87,75,1125.1,80,interpolated
997,formation_6_high_light,32,79,997.32,0.32,881.4,75,1026.3,80,interpolated
998,formation_6_high_light,50,75,998.01,0.01,831.75,70,998.01,75,interpolated
999,formation_6_high_light,22,85,998.75,0.25,998.75,85,1120.3,90,interpolated
1000,formation_5_midhigh_light,49,98,1000.02,0.02,922.35,95,1051.8,100,interpolated
1010,formation_7_higher_light,7,99,1010.336,0.336,932.48,95,1029.8,100,interpolated
1020,formation_7_higher_light,9,91,1020.36,0.36,999.9,90,1102.2,95,interpolated
1030,formation_6_high_light,18,90,1029.9,0.1,1029.9,90,1140.9,95,interpolated
1040,formation_5_midhigh_light,47,100,1040.0,0.0,913.15,95,1040.0,100,interpolated
1050,formation_6_high_light,13,98,1049.852,0.148,979.28,95,1096.9,100,interpolated
1060,formation_6_high_light,40,79,1059.976,0.024,935.48,75,1091.1,80,interpolated
1070,formation_7_higher_light,14,81,1070.1,0.1,1042.3,80,1181.3,85,interpolated
1080,formation_7_higher_light,48,68,1079.928,0.072,940.32,65,1173.0,70,interpolated
1090,formation_7_higher_light,35,70,1089.7,0.3,1089.7,70,1303.1,75,interpolated
1100,formation_6_high_light,26,85,1100.0,0.0,964.81,80,1100.0,85,interpolated
1110,formation_7_higher_light,10,92,1110.14,0.14,1066.3,90,1175.9,95,interpolated
1120,formation_6_high_light,22,90,1120.3,0.3,998.75,85,1120.3,90,interpolated
1130,formation_6_high_light,41,81,1129.68,0.32,1098.3,80,1255.2,85,interpolated
1140,formation_7_higher_light,36,71,1140.32,0.32,1097.2,70,1312.8,75,interpolated
1150,formation_6_high_light,44,81,1150.04,0.04,1118.0,80,1278.2,85,interpolated
1160,formation_7_higher_light,12,89,1160.2,0.2,1061.4,85,1184.9,90,interpolated
1170,formation_6_high_light,18,96,1169.86,0.14,1140.9,95,1285.7,100,interpolated
1180,formation_6_high_light,28,87,1180.06,0.06,1124.7,85,1263.1,90,interpolated
1190,formation_6_high_light,16,99,1189.98,0.02,1081.9,95,1217.0,100,interpolated
1200,formation_6_high_light,42,83,1200.1,0.1,1105.3,80,1263.3,85,interpolated
1210,formation_7_higher_light,12,91,1209.92,0.08,1184.9,90,1310.0,95,interpolated
1220,formation_7_higher_light,15,85,1220.1,0.1,1075.6,80,1220.1,85,interpolated
1230,formation_7_higher_light,10,97,1229.9,0.1,1175.9,95,1310.9,100,interpolated
1240,formation_6_high_light,33,87,1239.88,0.12,1180.6,85,1328.8,90,interpolated
1250,formation_7_higher_light,13,89,1249.82,0.18,1142.7,85,1276.6,90,interpolated
1260,formation_7_higher_light,12,93,1259.96,0.04,1184.9,90,1310.0,95,interpolated
1270,formation_6_high_light,43,85,1270.3,0.3,1111.4,80,1270.3,85,interpolated
1280,formation_7_higher_light,20,82,1280.12,0.12,1213.2,80,1380.5,85,interpolated
1290,formation_7_higher_light,18,84,1290.38,0.38,1163.1,80,1322.2,85,interpolated
1300,formation_6_high_light,39,87,1300.28,0.28,1238.0,85,1393.7,90,interpolated
1310,formation_7_higher_light,12,95,1310.0,0.0,1184.9,90,1310.0,95,interpolated
1320,formation_7_higher_light,49,73,1319.76,0.24,1178.7,70,1413.8,75,interpolated
1330,formation_7_higher_light,30,77,1329.64,0.36,1248.4,75,1451.5,80,interpolated
1340,formation_6_high_light,22,98,1339.98,0.02,1242.0,95,1405.3,100,interpolated
1350,formation_6_high_light,41,88,1350.18,0.18,1255.2,85,1413.5,90,interpolated
1360,formation_7_higher_light,48,74,1359.96,0.04,1173.0,70,1406.7,75,interpolated
1370,formation_6_high_light,34,91,1370.0,0.0,1340.4,90,1488.4,95,interpolated
1380,formation_7_higher_light,20,85,1380.5,0.5,1213.2,80,1380.5,85,interpolated
1390,formation_6_high_light,29,94,1390.7,0.7,1277.1,90,1419.1,95,interpolated
1400,formation_6_high_light,47,88,1400.0,0.0,1301.9,85,1465.4,90,interpolated
1410,formation_7_higher_light,24,83,1409.46,0.54,1301.4,80,1481.5,85,interpolated
1420,formation_6_high_light,31,94,1420.58,0.58,1305.3,90,1449.4,95,interpolated
1430,formation_7_higher_light,35,78,1430.6,0.6,1303.1,75,1515.6,80,interpolated
1440,formation_7_higher_light,46,76,1439.98,0.02,1393.9,75,1624.3,80,interpolated
1450,formation_6_high_light,45,90,1449.5,0.5,1449.5,90,1610.3,95,interpolated
1460,formation_7_higher_light,14,95,1460.3,0.3,1321.1,90,1460.3,95,interpolated
1470,formation_7_higher_light,44,77,1469.86,0.14,1379.1,75,1606.0,80,interpolated
1480,formation_7_higher_light,18,90,1480.1,0.1,1322.2,85,1480.1,90,interpolated
1490,formation_7_higher_light,41,78,1490.14,0.14,1356.4,75,1579.3,80,interpolated
1500,formation_7_higher_light,48,77,1500.22,0.22,1406.7,75,1640.5,80,interpolated
1510,formation_7_higher_light,21,88,1509.9,0.1,1407.9,85,1577.9,90,interpolated
1520,formation_7_higher_light,32,81,1520.16,0.16,1478.8,80,1685.6,85,interpolated
1530,formation_6_high_light,25,100,1530.0,0.0,1353.0,95,1530.0,100,interpolated
1540,formation_7_higher_light,47,78,1540.04,0.04,1400.9,75,1632.8,80,interpolated
1550,formation_6_high_light,42,94,1549.42,0.58,1423.1,90,1581.0,95,interpolated
1560,formation_6_high_light,40,95,1559.4,0.6,1559.4,95,1770.6,100,interpolated
1570,formation_7_higher_light,45,79,1569.86,0.14,1386.5,75,1615.7,80,interpolated
1580,formation_6_high_light,49,93,1579.92,0.08,1480.8,90,1646.0,95,interpolated
1590,formation_6_high_light,43,95,1590.0,0.0,1430.7,90,1590.0,95,interpolated
1600,formation_7_higher_light,23,89,1600.12,0.12,1459.0,85,1635.4,90,interpolated
1610,formation_6_high_light,45,95,1610.3,0.3,1449.5,90,1610.3,95,interpolated
1620,formation_7_higher_light,15,98,1619.48,0.52,1509.2,95,1693.0,100,interpolated
1630,formation_7_higher_light,50,79,1629.64,0.36,1439.0,75,1677.3,80,interpolated
1640,formation_7_higher_light,48,80,1640.5,0.5,1406.7,75,1640.5,80,interpolated
1650,formation_6_high_light,37,98,1649.28,0.72,1526.1,95,1731.4,100,interpolated
1660,formation_7_higher_light,28,86,1659.62,0.38,1620.6,85,1815.7,90,interpolated
1670,formation_7_higher_light,46,81,1670.16,0.16,1624.3,80,1853.6,85,interpolated
1680,formation_7_higher_light,20,94,1679.56,0.44,1546.6,90,1712.8,95,interpolated
1690,formation_6_high_light,37,99,1690.34,0.34,1526.1,95,1731.4,100,interpolated
1700,formation_7_higher_light,33,85,1699.6,0.4,1699.6,85,1905.7,90,interpolated
1710,formation_6_high_light,42,98,1709.64,0.36,1581.0,95,1795.4,100,interpolated
1720,formation_6_high_light,43,98,1719.48,0.52,1590.0,95,1805.8,100,interpolated
1730,formation_6_high_light,44,98,1730.96,0.96,1600.4,95,1818.0,100,interpolated
1740,formation_7_higher_light,36,85,1740.0,0.0,1527.0,80,1740.0,85,interpolated
1750,formation_7_higher_light,31,87,1751.46,1.46,1670.5,85,1872.9,90,interpolated
1760,formation_7_higher_light,18,98,1759.42,0.58,1637.8,95,1840.5,100,interpolated
1770,formation_6_high_light,40,100,1770.6,0.6,1559.4,95,1770.6,100,interpolated
1780,formation_7_higher_light,48,83,1779.16,0.84,1640.5,80,1871.6,85,interpolated
1790,formation_7_higher_light,21,96,1790.74,0.74,1746.3,95,1968.5,100,interpolated
1800,formation_7_higher_light,18,99,1799.96,0.04,1637.8,95,1840.5,100,interpolated
1810,formation_7_higher_light,23,95,1810.7,0.7,1635.4,90,1810.7,95,interpolated
1820,formation_7_higher_light,39,86,1820.84,0.84,1776.9,85,1996.6,90,interpolated
1830,formation_7_higher_light,25,92,1830.26,0.26,1754.1,90,1944.5,95,interpolated
1840,formation_7_higher_light,24,95,1839.8,0.2,1839.8,95,2077.2,100,interpolated
1850,formation_7_higher_light,32,89,1850.08,0.08,1685.6,85,1891.2,90,interpolated
1860,formation_6_high_light,48,100,1860.2,0.2,1636.8,95,1860.2,100,interpolated
1870,formation_7_higher_light,22,97,1869.24,0.76,1778.0,95,2006.1,100,interpolated
1880,formation_7_higher_light,21,98,1879.62,0.38,1746.3,95,1968.5,100,interpolated
1890,formation_7_higher_light,41,87,1889.94,0.06,1800.7,85,2023.8,90,interpolated
1900,formation_7_higher_light,46,86,1899.6,0.4,1853.6,85,2083.6,90,interpolated
1910,formation_7_higher_light,47,86,1909.22,0.78,1862.9,85,2094.5,90,interpolated
1920,formation_7_higher_light,40,88,1921.66,1.66,1789.0,85,2010.1,90,interpolated
1930,formation_7_higher_light,49,86,1928.7,1.3,1881.8,85,2116.3,90,interpolated
1940,formation_7_higher_light,35,90,1939.1,0.9,1939.1,90,2153.1,95,interpolated
1950,formation_7_higher_light,23,98,1950.08,0.08,1810.7,95,2043.0,100,interpolated
1960,formation_7_higher_light,22,99,1960.48,0.48,1778.0,95,2006.1,100,interpolated
1970,formation_7_higher_light,26,95,1969.9,0.1,1969.9,95,2225.9,100,interpolated
1980,formation_7_higher_light,41,89,1979.18,0.82,1800.7,85,2023.8,90,interpolated
1990,formation_7_higher_light,33,92,1989.34,0.66,1905.7,90,2114.8,95,interpolated
2000,formation_7_higher_light,47,88,2001.86,1.86,1862.9,85,2094.5,90,interpolated
2010,formation_7_higher_light,40,90,2010.1,0.1,1789.0,85,2010.1,90,interpolated
2020,formation_7_higher_light,26,96,2021.1,1.1,1969.9,95,2225.9,100,interpolated
2030,formation_7_higher_light,24,99,2029.72,0.28,1839.8,95,2077.2,100,interpolated
2040,formation_7_higher_light,36,92,2040.8,0.8,1954.2,90,2170.7,95,interpolated
2050,formation_7_higher_light,34,93,2049.12,0.88,1923.0,90,2133.2,95,interpolated
2060,formation_7_higher_light,44,90,2059.9,0.1,2059.9,90,2289.4,95,interpolated
2070,formation_7_higher_light,49,89,2069.4,0.6,1881.8,85,2116.3,90,interpolated
2080,formation_7_higher_light,42,91,2081.48,1.48,2036.0,90,2263.4,95,interpolated
2090,formation_7_higher_light,34,94,2091.16,1.16,1923.0,90,2133.2,95,interpolated
2100,formation_7_higher_light,37,93,2100.3,0.3,1969.2,90,2187.7,95,interpolated
2110,formation_7_higher_light,35,94,2110.3,0.3,1939.1,90,2153.1,95,interpolated
2120,formation_7_higher_light,45,91,2118.68,1.32,2072.3,90,2304.2,95,interpolated
2130,formation_7_higher_light,39,93,2129.92,0.08,1996.6,90,2218.8,95,interpolated
2140,formation_7_higher_light,43,92,2138.8,1.2,2047.6,90,2275.6,95,interpolated
2150,formation_7_higher_light,27,98,2148.74,1.26,1993.1,95,2252.5,100,interpolated
2160,formation_7_higher_light,38,94,2159.04,0.96,1982.8,90,2203.1,95,interpolated
2170,formation_7_higher_light,36,95,2170.7,0.7,1954.2,90,2170.7,95,interpolated
2180,formation_7_higher_light,46,92,2176.96,3.04,2083.6,90,2317.0,95,interpolated
2190,formation_7_higher_light,34,96,2189.94,0.06,2133.2,95,2416.9,100,interpolated
2200,formation_7_higher_light,27,99,2200.62,0.62,1993.1,95,2252.5,100,interpolated
2210,formation_7_higher_light,35,96,2210.2,0.2,2153.1,95,2438.6,100,interpolated
2220,formation_7_higher_light,30,98,2219.06,0.94,2056.7,95,2327.3,100,interpolated
2230,formation_7_higher_light,43,94,2230.0,0.0,2047.6,90,2275.6,95,interpolated
2240,formation_7_higher_light,31,98,2241.78,1.78,2077.5,95,2351.3,100,interpolated
2250,formation_7_higher_light,50,92,2250.42,0.42,2154.9,90,2393.7,95,interpolated
2260,formation_7_higher_light,38,96,2261.42,1.42,2203.1,95,2494.7,100,interpolated
2270,formation_7_higher_light,46,94,2270.32,0.32,2083.6,90,2317.0,95,interpolated
2280,formation_7_higher_light,47,94,2282.02,2.02,2094.5,90,2328.9,95,interpolated
2290,formation_7_higher_light,44,95,2289.4,0.6,2289.4,95,2594.5,100,interpolated
2300,formation_7_higher_light,50,93,2298.18,1.82,2154.9,90,2393.7,95,interpolated
2310,formation_7_higher_light,41,96,2308.78,1.22,2248.7,95,2549.1,100,interpolated
2320,formation_7_higher_light,38,97,2319.74,0.26,2203.1,95,2494.7,100,interpolated
2330,formation_7_higher_light,47,95,2328.9,1.1,2328.9,95,2639.9,100,interpolated
2340,formation_7_higher_light,48,95,2339.6,0.4,2339.6,95,2653.1,100,interpolated
2350,formation_7_higher_light,44,96,2350.42,0.42,2289.4,95,2594.5,100,interpolated
2360,formation_7_higher_light,34,99,2360.16,0.16,2133.2,95,2416.9,100,interpolated
2370,formation_7_higher_light,41,97,2368.86,1.14,2248.7,95,2549.1,100,interpolated
2380,formation_7_higher_light,46,96,2378.66,1.34,2317.0,95,2625.3,100,interpolated
2390,formation_7_higher_light,47,96,2391.1,1.1,2328.9,95,2639.9,100,interpolated
2400,formation_7_higher_light,36,99,2400.62,0.62,2170.7,95,2458.1,100,interpolated
2410,formation_7_higher_light,44,97,2411.44,1.44,2289.4,95,2594.5,100,interpolated
2420,formation_7_higher_light,37,99,2419.46,0.54,2187.7,95,2477.4,100,interpolated
2430,formation_7_higher_light,41,98,2428.94,1.06,2248.7,95,2549.1,100,interpolated
2440,formation_7_higher_light,46,97,2440.32,0.32,2317.0,95,2625.3,100,interpolated
2450,formation_7_higher_light,47,97,2453.3,3.3,2328.9,95,2639.9,100,interpolated
2460,formation_7_higher_light,50,96,2457.8,2.2,2393.7,95,2714.2,100,interpolated
2470,formation_7_higher_light,40,99,2472.2,2.2,2233.4,95,2531.9,100,interpolated
2480,formation_7_higher_light,49,97,2479.4,0.6,2353.2,95,2668.7,100,interpolated
2490,formation_7_higher_light,41,99,2489.02,0.98,2248.7,95,2549.1,100,interpolated
2500,formation_7_higher_light,46,98,2501.98,1.98,2317.0,95,2625.3,100,interpolated
2510,formation_7_higher_light,39,100,2512.8,2.8,2218.8,95,2512.8,100,interpolated
2520,formation_7_higher_light,50,97,2521.9,1.9,2393.7,95,2714.2,100,interpolated
2530,formation_7_higher_light,40,100,2531.9,1.9,2233.4,95,2531.9,100,interpolated
2540,formation_7_higher_light,49,98,2542.5,2.5,2353.2,95,2668.7,100,interpolated
2550,formation_7_higher_light,45,99,2549.96,0.04,2304.2,95,2611.4,100,interpolated
2560,formation_7_higher_light,46,99,2563.64,3.64,2317.0,95,2625.3,100,interpolated
2570,formation_7_higher_light,46,99,2563.64,6.36,2317.0,95,2625.3,100,interpolated
2580,formation_7_higher_light,47,99,2577.7,2.3,2328.9,95,2639.9,100,interpolated
2590,formation_7_higher_light,48,99,2590.4,0.4,2339.6,95,2653.1,100,interpolated
2600,formation_7_higher_light,49,99,2605.6,5.6,2353.2,95,2668.7,100,interpolated
2610,formation_7_higher_light,45,100,2611.4,1.4,2304.2,95,2611.4,100,interpolated
2620,formation_7_higher_light,46,100,2625.3,5.3,2317.0,95,2625.3,100,interpolated
2630,formation_7_higher_light,47,100,2639.9,9.9,2328.9,95,2639.9,100,interpolated
2640,formation_7_higher_light,50,99,2650.1,10.1,2393.7,95,2714.2,100,interpolated
2650,formation_7_higher_light,50,99,2650.1,0.1,2393.7,95,2714.2,100,interpolated
2660,formation_7_higher_light,49,100,2668.7,8.7,2353.2,95,2668.7,100,interpolated
2670,formation_7_higher_light,50,99,2650.1,19.9,2393.7,95,2714.2,100,interpolated
2680,formation_8_highest_light,4,12,2691.16,11.16,2216.4,10,3403.3,15,interpolated
2690,formation_8_highest_light,4,12,2691.16,1.16,2216.4,10,3403.3,15,interpolated
2700,formation_8_highest_light,4,12,2691.16,8.84,2216.4,10,3403.3,15,interpolated
2710,formation_7_higher_light,50,100,2714.2,4.2,2393.7,95,2714.2,100,interpolated
2720,formation_8_highest_light,4,12,2691.16,28.84,2216.4,10,3403.3,15,interpolated
2730,formation_8_highest_light,4,12,2691.16,38.84,2216.4,10,3403.3,15,interpolated
2740,formation_8_highest_light,4,12,2691.16,48.84,2216.4,10,3403.3,15,interpolated
2750,formation_8_highest_light,4,12,2691.16,58.84,2216.4,10,3403.3,15,interpolated
2760,formation_8_highest_light,4,12,2691.16,68.84,2216.4,10,3403.3,15,interpolated
2770,formation_8_highest_light,5,10,2763.4,6.6,2763.4,10,4192.8,15,interpolated
2780,formation_8_highest_light,5,10,2763.4,16.6,2763.4,10,4192.8,15,interpolated
2790,formation_8_highest_light,5,10,2763.4,26.6,2763.4,10,4192.8,15,interpolated
2800,formation_8_highest_light,5,10,2763.4,36.6,2763.4,10,4192.8,15,interpolated
2810,formation_8_highest_light,5,10,2763.4,46.6,2763.4,10,4192.8,15,interpolated
2820,formation_8_highest_light,5,10,2763.4,56.6,2763.4,10,4192.8,15,interpolated
2830,formation_8_highest_light,5,10,2763.4,66.6,2763.4,10,4192.8,15,interpolated
2840,formation_8_highest_light,5,10,2763.4,76.6,2763.4,10,4192.8,15,interpolated
2850,formation_8_highest_light,4,13,2928.54,78.54,2216.4,10,3403.3,15,interpolated
2860,formation_8_highest_light,4,13,2928.54,68.54,2216.4,10,3403.3,15,interpolated
2870,formation_8_highest_light,4,13,2928.54,58.54,2216.4,10,3403.3,15,interpolated
2880,formation_8_highest_light,4,13,2928.54,48.54,2216.4,10,3403.3,15,interpolated
2890,formation_8_highest_light,4,13,2928.54,38.54,2216.4,10,3403.3,15,interpolated
2900,formation_8_highest_light,4,13,2928.54,28.54,2216.4,10,3403.3,15,interpolated
2910,formation_8_highest_light,4,13,2928.54,18.54,2216.4,10,3403.3,15,interpolated
2920,formation_8_highest_light,4,13,2928.54,8.54,2216.4,10,3403.3,15,interpolated
2930,formation_8_highest_light,4,13,2928.54,1.46,2216.4,10,3403.3,15,interpolated
2940,formation_8_highest_light,4,13,2928.54,11.46,2216.4,10,3403.3,15,interpolated
2950,formation_8_highest_light,4,13,2928.54,21.46,2216.4,10,3403.3,15,interpolated
2960,formation_8_highest_light,4,13,2928.54,31.46,2216.4,10,3403.3,15,interpolated
2970,formation_8_highest_light,4,13,2928.54,41.46,2216.4,10,3403.3,15,interpolated
2980,formation_8_highest_light,4,13,2928.54,51.46,2216.4,10,3403.3,15,interpolated
2990,formation_8_highest_light,5,11,3049.28,59.28,2763.4,10,4192.8,15,interpolated
3000,formation_8_highest_light,5,11,3049.28,49.28,2763.4,10,4192.8,15,interpolated
3010,formation_8_highest_light,5,11,3049.28,39.28,2763.4,10,4192.8,15,interpolated
3020,formation_8_highest_light,5,11,3049.28,29.28,2763.4,10,4192.8,15,interpolated
3030,formation_8_highest_light,5,11,3049.28,19.28,2763.4,10,4192.8,15,interpolated
3040,formation_8_highest_light,5,11,3049.28,9.28,2763.4,10,4192.8,15,interpolated
3050,formation_8_highest_light,5,11,3049.28,0.72,2763.4,10,4192.8,15,interpolated
3060,formation_8_highest_light,5,11,3049.28,10.72,2763.4,10,4192.8,15,interpolated
3070,formation_8_highest_light,5,11,3049.28,20.72,2763.4,10,4192.8,15,interpolated
3080,formation_8_highest_light,5,11,3049.28,30.72,2763.4,10,4192.8,15,interpolated
3090,formation_8_highest_light,5,11,3049.28,40.72,2763.4,10,4192.8,15,interpolated
3100,formation_8_highest_light,5,11,3049.28,50.72,2763.4,10,4192.8,15,interpolated
3110,formation_8_highest_light,4,14,3165.92,55.92,2216.4,10,3403.3,15,interpolated
3120,formation_8_highest_light,4,14,3165.92,45.92,2216.4,10,3403.3,15,interpolated
3130,formation_8_highest_light,4,14,3165.92,35.92,2216.4,10,3403.3,15,interpolated
3140,formation_8_highest_light,4,14,3165.92,25.92,2216.4,10,3403.3,15,interpolated
3150,formation_8_highest_light,4,14,3165.92,15.92,2216.4,10,3403.3,15,interpolated
3160,formation_8_highest_light,4,14,3165.92,5.92,2216.4,10,3403.3,15,interpolated
3170,formation_8_highest_light,4,14,3165.92,4.08,2216.4,10,3403.3,15,interpolated
3180,formation_8_highest_light,4,14,3165.92,14.08,2216.4,10,3403.3,15,interpolated
3190,formation_8_highest_light,4,14,3165.92,24.08,2216.4,10,3403.3,15,interpolated
3200,formation_8_highest_light,4,14,3165.92,34.08,2216.4,10,3403.3,15,interpolated
3210,formation_8_highest_light,4,14,3165.92,44.08,2216.4,10,3403.3,15,interpolated
3220,formation_8_highest_light,4,14,3165.92,54.08,2216.4,10,3403.3,15,interpolated
3230,formation_8_highest_light,4,14,3165.92,64.08,2216.4,10,3403.3,15,interpolated
3240,formation_8_highest_light,4,14,3165.92,74.08,2216.4,10,3403.3,15,interpolated
3250,formation_8_highest_light,4,14,3165.92,84.08,2216.4,10,3403.3,15,interpolated
3260,formation_8_highest_light,5,12,3335.16,75.16,2763.4,10,4192.8,15,interpolated
3270,formation_8_highest_light,5,12,3335.16,65.16,2763.4,10,4192.8,15,interpolated
3280,formation_8_highest_light,5,12,3335.16,55.16,2763.4,10,4192.8,15,interpolated
3290,formation_8_highest_light,5,12,3335.16,45.16,2763.4,10,4192.8,15,interpolated
3300,formation_8_highest_light,5,12,3335.16,35.16,2763.4,10,4192.8,15,interpolated
3310,formation_8_highest_light,5,12,3335.16,25.16,2763.4,10,4192.8,15,interpolated
3320,formation_8_highest_light,5,12,3335.16,15.16,2763.4,10,4192.8,15,interpolated
3330,formation_8_highest_light,6,10,3325.3,4.7,3325.3,10,5060.6,15,interpolated
3340,formation_8_highest_light,5,12,3335.16,4.84,2763.4,10,4192.8,15,interpolated
3350,formation_8_highest_light,5,12,3335.16,14.84,2763.4,10,4192.8,15,interpolated
3360,formation_8_highest_light,5,12,3335.16,24.84,2763.4,10,4192.8,15,interpolated
3370,formation_8_highest_light,4,15,3403.3,33.3,2216.4,10,3403.3,15,interpolated
3380,formation_8_highest_light,4,15,3403.3,23.3,2216.4,10,3403.3,15,interpolated
3390,formation_8_highest_light,4,15,3403.3,13.3,2216.4,10,3403.3,15,interpolated
3400,formation_8_highest_light,4,15,3403.3,3.3,2216.4,10,3403.3,15,interpolated
3410,formation_8_highest_light,4,15,3403.3,6.7,3403.3,15,4450.3,20,interpolated
3420,formation_8_highest_light,4,15,3403.3,16.7,3403.3,15,4450.3,20,interpolated
3430,formation_8_highest_light,4,15,3403.3,26.7,3403.3,15,4450.3,20,interpolated
3440,formation_8_highest_light,4,15,3403.3,36.7,3403.3,15,4450.3,20,interpolated
3450,formation_8_highest_light,4,15,3403.3,46.7,3403.3,15,4450.3,20,interpolated
3460,formation_8_highest_light,4,15,3403.3,56.7,3403.3,15,4450.3,20,interpolated
3470,formation_8_highest_light,4,15,3403.3,66.7,3403.3,15,4450.3,20,interpolated
3480,formation_8_highest_light,4,15,3403.3,76.7,3403.3,15,4450.3,20,interpolated
3490,formation_8_highest_light,4,15,3403.3,86.7,3403.3,15,4450.3,20,interpolated
3500,formation_8_highest_light,4,15,3403.3,96.7,3403.3,15,4450.3,20,interpolated
3510,formation_8_highest_light,4,16,3612.7,102.7,3403.3,15,4450.3,20,interpolated
3520,formation_8_highest_light,4,16,3612.7,92.7,3403.3,15,4450.3,20,interpolated
3530,formation_8_highest_light,4,16,3612.7,82.7,3403.3,15,4450.3,20,interpolated
3540,formation_8_highest_light,4,16,3612.7,72.7,3403.3,15,4450.3,20,interpolated
3550,formation_8_highest_light,4,16,3612.7,62.7,3403.3,15,4450.3,20,interpolated
3560,formation_8_highest_light,4,16,3612.7,52.7,3403.3,15,4450.3,20,interpolated
3570,formation_8_highest_light,4,16,3612.7,42.7,3403.3,15,4450.3,20,interpolated
3580,formation_8_highest_light,4,16,3612.7,32.7,3403.3,15,4450.3,20,interpolated
3590,formation_8_highest_light,4,16,3612.7,22.7,3403.3,15,4450.3,20,interpolated
3600,formation_8_highest_light,4,16,3612.7,12.7,3403.3,15,4450.3,20,interpolated
3610,formation_8_highest_light,4,16,3612.7,2.7,3403.3,15,4450.3,20,interpolated
3620,formation_8_highest_light,5,13,3621.04,1.04,2763.4,10,4192.8,15,interpolated
3630,formation_8_highest_light,5,13,3621.04,8.96,2763.4,10,4192.8,15,interpolated
3640,formation_8_highest_light,5,13,3621.04,18.96,2763.4,10,4192.8,15,interpolated
3650,formation_8_highest_light,6,11,3672.36,22.36,3325.3,10,5060.6,15,interpolated
3660,formation_8_highest_light,6,11,3672.36,12.36,3325.3,10,5060.6,15,interpolated
3670,formation_8_highest_light,6,11,3672.36,2.36,3325.3,10,5060.6,15,interpolated
3680,formation_8_highest_light,6,11,3672.36,7.64,3325.3,10,5060.6,15,interpolated
3690,formation_8_highest_light,6,11,3672.36,17.64,3325.3,10,5060.6,15,interpolated
3700,formation_8_highest_light,6,11,3672.36,27.64,3325.3,10,5060.6,15,interpolated
3710,headlight_all_leds,4,10,3706.0,4.0,3706.0,10,5586.8,15,interpolated
3720,headlight_all_leds,4,10,3706.0,14.0,3706.0,10,5586.8,15,interpolated
3730,headlight_all_leds,4,10,3706.0,24.0,3706.0,10,5586.8,15,interpolated
3740,headlight_all_leds,4,10,3706.0,34.0,3706.0,10,5586.8,15,interpolated
3750,headlight_all_leds,4,10,3706.0,44.0,3706.0,10,5586.8,15,interpolated
3760,headlight_all_leds,4,10,3706.0,54.0,3706.0,10,5586.8,15,interpolated
3770,formation_8_highest_light,4,17,3822.1,52.1,3403.3,15,4450.3,20,interpolated
3780,formation_8_highest_light,4,17,3822.1,42.1,3403.3,15,4450.3,20,interpolated
3790,formation_8_highest_light,4,17,3822.1,32.1,3403.3,15,4450.3,20,interpolated
3800,formation_8_highest_light,4,17,3822.1,22.1,3403.3,15,4450.3,20,interpolated
3810,formation_8_highest_light,4,17,3822.1,12.1,3403.3,15,4450.3,20,interpolated
3820,formation_8_highest_light,4,17,3822.1,2.1,3403.3,15,4450.3,20,interpolated
3830,formation_8_highest_light,4,17,3822.1,7.9,3403.3,15,4450.3,20,interpolated
3840,formation_8_highest_light,4,17,3822.1,17.9,3403.3,15,4450.3,20,interpolated
3850,formation_8_highest_light,4,17,3822.1,27.9,3403.3,15,4450.3,20,interpolated
3860,formation_8_highest_light,4,17,3822.1,37.9,3403.3,15,4450.3,20,interpolated
3870,formation_8_highest_light,5,14,3906.92,36.92,2763.4,10,4192.8,15,interpolated
3880,formation_8_highest_light,5,14,3906.92,26.92,2763.4,10,4192.8,15,interpolated
3890,formation_8_highest_light,5,14,3906.92,16.92,2763.4,10,4192.8,15,interpolated
3900,formation_8_highest_light,5,14,3906.92,6.92,2763.4,10,4192.8,15,interpolated
3910,formation_8_highest_light,5,14,3906.92,3.08,2763.4,10,4192.8,15,interpolated
3920,formation_8_highest_light,5,14,3906.92,13.08,2763.4,10,4192.8,15,interpolated
3930,formation_8_highest_light,5,14,3906.92,23.08,2763.4,10,4192.8,15,interpolated
3940,formation_8_highest_light,5,14,3906.92,33.08,2763.4,10,4192.8,15,interpolated
3950,formation_8_highest_light,5,14,3906.92,43.08,2763.4,10,4192.8,15,interpolated
3960,formation_8_highest_light,5,14,3906.92,53.08,2763.4,10,4192.8,15,interpolated
3970,formation_8_highest_light,6,12,4019.42,49.42,3325.3,10,5060.6,15,interpolated
3980,formation_8_highest_light,6,12,4019.42,39.42,3325.3,10,5060.6,15,interpolated
3990,formation_8_highest_light,6,12,4019.42,29.42,3325.3,10,5060.6,15,interpolated
4000,formation_8_highest_light,6,12,4019.42,19.42,3325.3,10,5060.6,15,interpolated
4010,formation_8_highest_light,6,12,4019.42,9.42,3325.3,10,5060.6,15,interpolated
4020,formation_8_highest_light,6,12,4019.42,0.58,3325.3,10,5060.6,15,interpolated
4030,formation_8_highest_light,4,18,4031.5,1.5,3403.3,15,4450.3,20,interpolated
4040,formation_8_highest_light,4,18,4031.5,8.5,3403.3,15,4450.3,20,interpolated
4050,formation_8_highest_light,4,18,4031.5,18.5,3403.3,15,4450.3,20,interpolated
4060,headlight_all_leds,4,11,4082.16,22.16,3706.0,10,5586.8,15,interpolated
4070,headlight_all_leds,4,11,4082.16,12.16,3706.0,10,5586.8,15,interpolated
4080,headlight_all_leds,4,11,4082.16,2.16,3706.0,10,5586.8,15,interpolated
4090,headlight_all_leds,4,11,4082.16,7.84,3706.0,10,5586.8,15,interpolated
4100,headlight_all_leds,4,11,4082.16,17.84,3706.0,10,5586.8,15,interpolated
4110,headlight_all_leds,4,11,4082.16,27.84,3706.0,10,5586.8,15,interpolated
4120,headlight_all_leds,4,11,4082.16,37.84,3706.0,10,5586.8,15,interpolated
4130,headlight_all_leds,4,11,4082.16,47.84,3706.0,10,5586.8,15,interpolated
4140,formation_8_highest_light,5,15,4192.8,52.8,2763.4,10,4192.8,15,interpolated
4150,formation_8_highest_light,5,15,4192.8,42.8,2763.4,10,4192.8,15,interpolated
4160,formation_8_highest_light,5,15,4192.8,32.8,2763.4,10,4192.8,15,interpolated
4170,formation_8_highest_light,5,15,4192.8,22.8,2763.4,10,4192.8,15,interpolated
4180,formation_8_highest_light,5,15,4192.8,12.8,2763.4,10,4192.8,15,interpolated
4190,formation_8_highest_light,5,15,4192.8,2.8,2763.4,10,4192.8,15,interpolated
4200,formation_8_highest_light,5,15,4192.8,7.2,4192.8,15,5610.0,20,interpolated
4210,formation_8_highest_light,5,15,4192.8,17.2,4192.8,15,5610.0,20,interpolated
4220,formation_8_highest_light,4,19,4240.9,20.9,3403.3,15,4450.3,20,interpolated
4230,formation_8_highest_light,4,19,4240.9,10.9,3403.3,15,4450.3,20,interpolated
4240,formation_8_highest_light,4,19,4240.9,0.9,3403.3,15,4450.3,20,interpolated
4250,formation_8_highest_light,4,19,4240.9,9.1,3403.3,15,4450.3,20,interpolated
4260,formation_8_highest_light,4,19,4240.9,19.1,3403.3,15,4450.3,20,interpolated
4270,formation_8_highest_light,7,11,4298.66,28.66,3891.9,10,5925.7,15,interpolated
4280,formation_8_highest_light,7,11,4298.66,18.66,3891.9,10,5925.7,15,interpolated
4290,formation_8_highest_light,7,11,4298.66,8.66,3891.9,10,5925.7,15,interpolated
4300,formation_8_highest_light,7,11,4298.66,1.34,3891.9,10,5925.7,15,interpolated
4310,formation_8_highest_light,7,11,4298.66,11.34,3891.9,10,5925.7,15,interpolated
4320,formation_8_highest_light,7,11,4298.66,21.34,3891.9,10,5925.7,15,interpolated
4330,formation_8_highest_light,7,11,4298.66,31.34,3891.9,10,5925.7,15,interpolated
4340,formation_8_highest_light,6,13,4366.48,26.48,3325.3,10,5060.6,15,interpolated
4350,formation_8_highest_light,6,13,4366.48,16.48,3325.3,10,5060.6,15,interpolated
4360,formation_8_highest_light,6,13,4366.48,6.48,3325.3,10,5060.6,15,interpolated
4370,formation_8_highest_light,6,13,4366.48,3.52,3325.3,10,5060.6,15,interpolated
4380,formation_8_highest_light,6,13,4366.48,13.52,3325.3,10,5060.6,15,interpolated
4390,formation_8_highest_light,6,13,4366.48,23.52,3325.3,10,5060.6,15,interpolated
4400,formation_8_highest_light,6,13,4366.48,33.52,3325.3,10,5060.6,15,interpolated
4410,formation_8_highest_light,4,20,4450.3,40.3,3403.3,15,4450.3,20,interpolated
4420,formation_8_highest_light,4,20,4450.3,30.3,3403.3,15,4450.3,20,interpolated
4430,formation_8_highest_light,4,20,4450.3,20.3,3403.3,15,4450.3,20,interpolated
4440,formation_8_highest_light,4,20,4450.3,10.3,3403.3,15,4450.3,20,interpolated
4450,formation_8_highest_light,4,20,4450.3,0.3,3403.3,15,4450.3,20,interpolated
4460,headlight_all_leds,4,12,4458.32,1.68,3706.0,10,5586.8,15,interpolated
4470,formation_8_highest_light,5,16,4476.24,6.24,4192.8,15,5610.0,20,interpolated
4480,formation_8_highest_light,5,16,4476.24,3.76,4192.8,15,5610.0,20,interpolated
4490,formation_8_highest_light,8,10,4482.5,7.5,4482.5,10,6821.0,15,interpolated
4500,formation_8_highest_light,8,10,4482.5,17.5,4482.5,10,6821.0,15,interpolated
4510,formation_8_highest_light,8,10,4482.5,27.5,4482.5,10,6821.0,15,interpolated
4520,formation_8_highest_light,8,10,4482.5,37.5,4482.5,10,6821.0,15,interpolated
4530,formation_8_highest_light,8,10,4482.5,47.5,4482.5,10,6821.0,15,interpolated
4540,formation_8_highest_light,8,10,4482.5,57.5,4482.5,10,6821.0,15,interpolated
4550,formation_8_highest_light,8,10,4482.5,67.5,4482.5,10,6821.0,15,interpolated
4560,formation_8_highest_light,8,10,4482.5,77.5,4482.5,10,6821.0,15,interpolated
4570,formation_8_highest_light,8,10,4482.5,87.5,4482.5,10,6821.0,15,interpolated
4580,formation_8_highest_light,4,21,4671.98,91.98,4450.3,20,5558.7,25,interpolated
4590,formation_8_highest_light,4,21,4671.98,81.98,4450.3,20,5558.7,25,interpolated
4600,formation_8_highest_light,4,21,4671.98,71.98,4450.3,20,5558.7,25,interpolated
4610,formation_8_highest_light,4,21,4671.98,61.98,4450.3,20,5558.7,25,interpolated
4620,formation_8_highest_light,4,21,4671.98,51.98,4450.3,20,5558.7,25,interpolated
4630,headlight_all_leds,5,10,4629.7,0.3,4629.7,10,7022.7,15,interpolated
4640,headlight_all_leds,5,10,4629.7,10.3,4629.7,10,7022.7,15,interpolated
4650,headlight_all_leds,5,10,4629.7,20.3,4629.7,10,7022.7,15,interpolated
4660,formation_8_highest_light,4,21,4671.98,11.98,4450.3,20,5558.7,25,interpolated
4670,formation_8_highest_light,4,21,4671.98,1.98,4450.3,20,5558.7,25,interpolated
4680,formation_8_highest_light,4,21,4671.98,8.02,4450.3,20,5558.7,25,interpolated
4690,formation_8_highest_light,7,12,4705.42,15.42,3891.9,10,5925.7,15,interpolated
4700,formation_8_highest_light,7,12,4705.42,5.42,3891.9,10,5925.7,15,interpolated
4710,formation_8_highest_light,6,14,4713.54,3.54,3325.3,10,5060.6,15,interpolated
4720,formation_8_highest_light,6,14,4713.54,6.46,3325.3,10,5060.6,15,interpolated
4730,formation_8_highest_light,6,14,4713.54,16.46,3325.3,10,5060.6,15,interpolated
4740,formation_8_highest_light,5,17,4759.68,19.68,4192.8,15,5610.0,20,interpolated
4750,formation_8_highest_light,5,17,4759.68,9.68,4192.8,15,5610.0,20,interpolated
4760,formation_8_highest_light,5,17,4759.68,0.32,4192.8,15,5610.0,20,interpolated
4770,formation_8_highest_light,5,17,4759.68,10.32,4192.8,15,5610.0,20,interpolated
4780,formation_8_highest_light,5,17,4759.68,20.32,4192.8,15,5610.0,20,interpolated
4790,formation_8_highest_light,5,17,4759.68,30.32,4192.8,15,5610.0,20,interpolated
4800,headlight_all_leds,4,13,4834.48,34.48,3706.0,10,5586.8,15,interpolated
4810,headlight_all_leds,4,13,4834.48,24.48,3706.0,10,5586.8,15,interpolated
4820,headlight_all_leds,4,13,4834.48,14.48,3706.0,10,5586.8,15,interpolated
4830,headlight_all_leds,4,13,4834.48,4.48,3706.0,10,5586.8,15,interpolated
4840,headlight_all_leds,4,13,4834.48,5.52,3706.0,10,5586.8,15,interpolated
4850,headlight_all_leds,4,13,4834.48,15.52,3706.0,10,5586.8,15,interpolated
4860,headlight_all_leds,4,13,4834.48,25.52,3706.0,10,5586.8,15,interpolated
4870,formation_8_highest_light,4,22,4893.66,23.66,4450.3,20,5558.7,25,interpolated
4880,formation_8_highest_light,4,22,4893.66,13.66,4450.3,20,5558.7,25,interpolated
4890,formation_8_highest_light,4,22,4893.66,3.66,4450.3,20,5558.7,25,interpolated
4900,formation_8_highest_light,4,22,4893.66,6.34,4450.3,20,5558.7,25,interpolated
4910,formation_8_highest_light,4,22,4893.66,16.34,4450.3,20,5558.7,25,interpolated
4920,formation_8_highest_light,4,22,4893.66,26.34,4450.3,20,5558.7,25,interpolated
4930,formation_8_highest_light,8,11,4950.2,20.2,4482.5,10,6821.0,15,interpolated
4940,formation_8_highest_light,8,11,4950.2,10.2,4482.5,10,6821.0,15,interpolated
4950,formation_8_highest_light,8,11,4950.2,0.2,4482.5,10,6821.0,15,interpolated
4960,formation_8_highest_light,8,11,4950.2,9.8,4482.5,10,6821.0,15,interpolated
4970,formation_8_highest_light,8,11,4950.2,19.8,4482.5,10,6821.0,15,interpolated
4980,formation_8_highest_light,8,11,4950.2,29.8,4482.5,10,6821.0,15,interpolated
4990,formation_8_highest_light,8,11,4950.2,39.8,4482.5,10,6821.0,15,interpolated
5000,formation_8_highest_light,5,18,5043.12,43.12,4192.8,15,5610.0,20,interpolated
5025,formation_8_highest_light,5,18,5043.12,18.12,4192.8,15,5610.0,20,interpolated
5050,formation_8_highest_light,5,18,5043.12,6.88,4192.8,15,5610.0,20,interpolated
5075,formation_8_highest_light,6,15,5060.6,14.4,5060.6,15,6770.9,20,interpolated
5100,headlight_all_leds,5,11,5108.3,8.3,4629.7,10,7022.7,15,interpolated
5125,formation_8_highest_light,4,23,5115.34,9.66,4450.3,20,5558.7,25,interpolated
5150,formation_8_highest_light,4,23,5115.34,34.66,4450.3,20,5558.7,25,interpolated
5175,headlight_all_leds,4,14,5210.64,35.64,3706.0,10,5586.8,15,interpolated
5200,headlight_all_leds,4,14,5210.64,10.64,3706.0,10,5586.8,15,interpolated
5225,headlight_all_leds,4,14,5210.64,14.36,3706.0,10,5586.8,15,interpolated
5250,headlight_all_leds,4,14,5210.64,39.36,3706.0,10,5586.8,15,interpolated
5275,formation_8_highest_light,5,19,5326.56,51.56,4192.8,15,5610.0,20,interpolated
5300,formation_8_highest_light,5,19,5326.56,26.56,4192.8,15,5610.0,20,interpolated
5325,formation_8_highest_light,5,19,5326.56,1.56,4192.8,15,5610.0,20,interpolated
5350,formation_8_highest_light,4,24,5337.02,12.98,4450.3,20,5558.7,25,interpolated
5375,formation_8_highest_light,6,16,5402.66,27.66,5060.6,15,6770.9,20,interpolated
5400,formation_8_highest_light,6,16,5402.66,2.66,5060.6,15,6770.9,20,interpolated
5425,formation_8_highest_light,8,12,5417.9,7.1,4482.5,10,6821.0,15,interpolated
5450,formation_8_highest_light,8,12,5417.9,32.1,4482.5,10,6821.0,15,interpolated
5475,formation_8_highest_light,7,14,5518.94,43.94,3891.9,10,5925.7,15,interpolated
5500,formation_8_highest_light,7,14,5518.94,18.94,3891.9,10,5925.7,15,interpolated
5525,formation_8_highest_light,7,14,5518.94,6.06,3891.9,10,5925.7,15,interpolated
5550,formation_8_highest_light,4,25,5558.7,8.7,4450.3,20,5558.7,25,interpolated
5575,headlight_all_leds,6,10,5572.7,2.3,5572.7,10,8468.7,15,interpolated
5600,formation_8_highest_light,10,10,5599.6,0.4,5599.6,10,8537.3,15,interpolated
5625,formation_8_highest_light,5,20,5610.0,15.0,5610.0,20,7011.1,25,interpolated
5650,formation_8_highest_light,5,20,5610.0,40.0,5610.0,20,7011.1,25,interpolated
5675,formation_8_highest_light,5,20,5610.0,65.0,5610.0,20,7011.1,25,interpolated
5700,formation_8_highest_light,6,17,5744.72,44.72,5060.6,15,6770.9,20,interpolated
5725,formation_8_highest_light,6,17,5744.72,19.72,5060.6,15,6770.9,20,interpolated
5750,formation_8_highest_light,6,17,5744.72,5.28,5060.6,15,6770.9,20,interpolated
5775,formation_8_highest_light,4,26,5779.64,4.64,5558.7,25,6663.4,30,interpolated
5800,formation_8_highest_light,4,26,5779.64,20.36,5558.7,25,6663.4,30,interpolated
5825,formation_8_highest_light,4,26,5779.64,45.36,5558.7,25,6663.4,30,interpolated
5850,formation_8_highest_light,8,13,5885.6,35.6,4482.5,10,6821.0,15,interpolated
5875,formation_8_highest_light,8,13,5885.6,10.6,4482.5,10,6821.0,15,interpolated
5900,formation_8_highest_light,5,21,5890.22,9.78,5610.0,20,7011.1,25,interpolated
5925,formation_8_highest_light,7,15,5925.7,0.7,3891.9,10,5925.7,15,interpolated
5950,headlight_all_leds,4,16,5959.5,9.5,5586.8,15,7450.3,20,interpolated
5975,headlight_all_leds,4,16,5959.5,15.5,5586.8,15,7450.3,20,interpolated
6000,formation_8_highest_light,4,27,6000.58,0.58,5558.7,25,6663.4,30,interpolated
6025,formation_8_highest_light,4,27,6000.58,24.42,5558.7,25,6663.4,30,interpolated
6050,headlight_all_leds,5,13,6065.5,15.5,4629.7,10,7022.7,15,interpolated
6075,headlight_all_leds,5,13,6065.5,9.5,4629.7,10,7022.7,15,interpolated
6100,formation_8_highest_light,9,12,6097.36,2.64,5042.4,10,7679.8,15,interpolated
6125,headlight_all_leds,6,11,6151.9,26.9,5572.7,10,8468.7,15,interpolated
6150,headlight_all_leds,6,11,6151.9,1.9,5572.7,10,8468.7,15,interpolated
6175,formation_8_highest_light,5,22,6170.44,4.56,5610.0,20,7011.1,25,interpolated
6200,formation_8_highest_light,10,11,6187.14,12.86,5599.6,10,8537.3,15,interpolated
6225,formation_8_highest_light,4,28,6221.52,3.48,5558.7,25,6663.4,30,interpolated
6250,formation_8_highest_light,4,28,6221.52,28.48,5558.7,25,6663.4,30,interpolated
6275,formation_8_highest_light,7,16,6326.88,51.88,5925.7,15,7931.6,20,interpolated
6300,formation_8_highest_light,7,16,6326.88,26.88,5925.7,15,7931.6,20,interpolated
6325,formation_8_highest_light,7,16,6326.88,1.88,5925.7,15,7931.6,20,interpolated
6350,formation_8_highest_light,8,14,6353.3,3.3,4482.5,10,6821.0,15,interpolated
6375,formation_8_highest_light,8,14,6353.3,21.7,4482.5,10,6821.0,15,interpolated
6400,formation_8_highest_light,6,19,6428.84,28.84,5060.6,15,6770.9,20,interpolated
6425,formation_8_highest_light,6,19,6428.84,3.84,5060.6,15,6770.9,20,interpolated
6450,formation_8_highest_light,5,23,6450.66,0.66,5610.0,20,7011.1,25,interpolated
6475,formation_8_highest_light,5,23,6450.66,24.34,5610.0,20,7011.1,25,interpolated
6500,headlight_all_leds,5,14,6544.1,44.1,4629.7,10,7022.7,15,interpolated
6525,headlight_all_leds,5,14,6544.1,19.1,4629.7,10,7022.7,15,interpolated
6550,headlight_all_leds,5,14,6544.1,5.9,4629.7,10,7022.7,15,interpolated
6575,headlight_all_leds,5,14,6544.1,30.9,4629.7,10,7022.7,15,interpolated
6600,formation_8_highest_light,9,13,6624.84,24.84,5042.4,10,7679.8,15,interpolated
6625,formation_8_highest_light,9,13,6624.84,0.16,5042.4,10,7679.8,15,interpolated
6650,formation_8_highest_light,4,30,6663.4,13.4,5558.7,25,6663.4,30,interpolated
6675,formation_8_highest_light,4,30,6663.4,11.6,6663.4,30,7767.7,35,interpolated
6700,headlight_all_leds,4,18,6704.9,4.9,5586.8,15,7450.3,20,interpolated
6725,formation_8_highest_light,7,17,6728.06,3.06,5925.7,15,7931.6,20,interpolated
6750,headlight_all_leds,6,12,6731.1,18.9,5572.7,10,8468.7,15,interpolated
6775,formation_8_highest_light,10,12,6774.68,0.32,5599.6,10,8537.3,15,interpolated
6800,formation_8_highest_light,11,11,6792.18,7.82,6146.3,10,9375.7,15,interpolated
6825,formation_8_highest_light,8,15,6821.0,4.0,6821.0,15,9122.0,20,interpolated
6850,formation_8_highest_light,8,15,6821.0,29.0,6821.0,15,9122.0,20,interpolated
6875,formation_8_highest_light,4,31,6884.26,9.26,6663.4,30,7767.7,35,interpolated
6900,formation_8_highest_light,4,31,6884.26,15.74,6663.4,30,7767.7,35,interpolated
6925,formation_8_highest_light,4,31,6884.26,40.74,6663.4,30,7767.7,35,interpolated
6950,formation_8_highest_light,5,25,7011.1,61.1,5610.0,20,7011.1,25,interpolated
6975,formation_8_highest_light,5,25,7011.1,36.1,5610.0,20,7011.1,25,interpolated
7000,formation_8_highest_light,5,25,7011.1,11.1,5610.0,20,7011.1,25,interpolated
7025,headlight_all_leds,5,15,7022.7,2.3,7022.7,15,9373.5,20,interpolated
7050,headlight_all_leds,5,15,7022.7,27.3,7022.7,15,9373.5,20,interpolated
7075,headlight_all_leds,4,19,7077.6,2.6,5586.8,15,7450.3,20,interpolated
7100,formation_8_highest_light,4,32,7105.12,5.12,6663.4,30,7767.7,35,interpolated
7125,formation_8_highest_light,7,18,7129.24,4.24,5925.7,15,7931.6,20,interpolated
7150,formation_8_highest_light,9,14,7152.32,2.32,5042.4,10,7679.8,15,interpolated
7175,formation_8_highest_light,9,14,7152.32,22.68,5042.4,10,7679.8,15,interpolated
7200,headlight_all_leds,7,11,7204.22,4.22,6526.7,10,9914.3,15,interpolated
7225,headlight_all_leds,7,11,7204.22,20.78,6526.7,10,9914.3,15,interpolated
7250,formation_8_highest_light,8,16,7281.2,31.2,6821.0,15,9122.0,20,interpolated
7275,formation_8_highest_light,8,16,7281.2,6.2,6821.0,15,9122.0,20,interpolated
7300,formation_8_highest_light,5,26,7290.56,9.44,7011.1,25,8408.4,30,interpolated
7325,formation_8_highest_light,4,33,7325.98,0.98,6663.4,30,7767.7,35,interpolated
7350,formation_8_highest_light,10,13,7362.22,12.22,5599.6,10,8537.3,15,interpolated
7375,formation_8_highest_light,10,13,7362.22,12.78,5599.6,10,8537.3,15,interpolated
7400,formation_8_highest_light,12,11,7392.88,7.12,6686.6,10,10218.0,15,interpolated
7425,formation_8_highest_light,11,12,7438.06,13.06,6146.3,10,9375.7,15,interpolated
7450,headlight_all_leds,4,20,7450.3,0.3,5586.8,15,7450.3,20,interpolated
7475,headlight_all_leds,5,16,7492.86,17.86,7022.7,15,9373.5,20,interpolated
7500,headlight_all_leds,5,16,7492.86,7.14,7022.7,15,9373.5,20,interpolated
7525,formation_8_highest_light,7,19,7530.42,5.42,5925.7,15,7931.6,20,interpolated
7550,formation_8_highest_light,4,34,7546.84,3.16,6663.4,30,7767.7,35,interpolated
7575,formation_8_highest_light,5,27,7570.02,4.98,7011.1,25,8408.4,30,interpolated
7600,formation_8_highest_light,5,27,7570.02,29.98,7011.1,25,8408.4,30,interpolated
7625,formation_8_highest_light,9,15,7679.8,54.8,5042.4,10,7679.8,15,interpolated
7650,formation_8_highest_light,9,15,7679.8,29.8,5042.4,10,7679.8,15,interpolated
7675,formation_8_highest_light,9,15,7679.8,4.8,5042.4,10,7679.8,15,interpolated
7700,formation_8_highest_light,9,15,7679.8,20.2,7679.8,15,10272.0,20,interpolated
7725,formation_8_highest_light,8,17,7741.4,16.4,6821.0,15,9122.0,20,interpolated
7750,formation_8_highest_light,8,17,7741.4,8.6,6821.0,15,9122.0,20,interpolated
7775,formation_8_highest_light,4,35,7767.7,7.3,7767.7,35,8873.0,40,interpolated
7800,formation_8_highest_light,6,23,7788.56,11.44,6770.9,20,8467.0,25,interpolated
7825,headlight_all_leds,4,21,7816.92,8.08,7450.3,20,9283.4,25,interpolated
7850,formation_8_highest_light,5,28,7849.48,0.52,7011.1,25,8408.4,30,interpolated
7875,headlight_all_leds,7,12,7881.74,6.74,6526.7,10,9914.3,15,interpolated
7900,headlight_all_leds,6,14,7889.5,10.5,5572.7,10,8468.7,15,interpolated
7925,formation_8_highest_light,7,20,7931.6,6.6,5925.7,15,7931.6,20,interpolated
7950,formation_8_highest_light,10,14,7949.76,0.24,5599.6,10,8537.3,15,interpolated
7975,headlight_all_leds,5,17,7963.02,11.98,7022.7,15,9373.5,20,interpolated
8000,formation_8_highest_light,4,36,7988.76,11.24,7767.7,35,8873.0,40,interpolated
8025,formation_8_highest_light,4,36,7988.76,36.24,7767.7,35,8873.0,40,interpolated
8050,formation_8_highest_light,11,13,8083.94,33.94,6146.3,10,9375.7,15,interpolated
8075,formation_8_highest_light,11,13,8083.94,8.94,6146.3,10,9375.7,15,interpolated
8100,formation_8_highest_light,12,12,8099.16,0.84,6686.6,10,10218.0,15,interpolated
8125,formation_8_highest_light,6,24,8127.78,2.78,6770.9,20,8467.0,25,interpolated
8150,formation_8_highest_light,5,29,8128.94,21.06,7011.1,25,8408.4,30,interpolated
8175,headlight_all_leds,4,22,8183.54,8.54,7450.3,20,9283.4,25,interpolated
8200,formation_8_highest_light,8,18,8201.6,1.6,6821.0,15,9122.0,20,interpolated
8225,formation_8_highest_light,4,37,8209.82,15.18,7767.7,35,8873.0,40,interpolated
8250,formation_8_highest_light,4,37,8209.82,40.18,7767.7,35,8873.0,40,interpolated
8275,headlight_all_leds,8,11,8295.8,20.8,7514.5,10,11421.0,15,interpolated
8300,headlight_all_leds,8,11,8295.8,4.2,7514.5,10,11421.0,15,interpolated
8325,formation_8_highest_light,7,21,8327.5,2.5,7931.6,20,9911.1,25,interpolated
8350,formation_8_highest_light,7,21,8327.5,22.5,7931.6,20,9911.1,25,interpolated
8375,formation_8_highest_light,5,30,8408.4,33.4,7011.1,25,8408.4,30,interpolated
8400,formation_8_highest_light,5,30,8408.4,8.4,7011.1,25,8408.4,30,interpolated
8425,formation_8_highest_light,4,38,8430.88,5.88,7767.7,35,8873.0,40,interpolated
8450,headlight_all_leds,5,18,8433.18,16.82,7022.7,15,9373.5,20,interpolated
8475,formation_8_highest_light,14,11,8479.48,4.48,7676.6,10,11691.0,15,interpolated
8500,formation_8_highest_light,14,11,8479.48,20.52,7676.6,10,11691.0,15,interpolated
8525,formation_8_highest_light,10,15,8537.3,12.3,5599.6,10,8537.3,15,interpolated
8550,headlight_all_leds,4,23,8550.16,0.16,7450.3,20,9283.4,25,interpolated
8575,headlight_all_leds,7,13,8559.26,15.74,6526.7,10,9914.3,15,interpolated
8600,headlight_all_leds,7,13,8559.26,40.74,6526.7,10,9914.3,15,interpolated
8625,formation_8_highest_light,4,39,8651.94,26.94,7767.7,35,8873.0,40,interpolated
8650,formation_8_highest_light,4,39,8651.94,1.94,7767.7,35,8873.0,40,interpolated
8675,formation_8_highest_light,13,12,8679.14,4.14,7187.9,10,10916.0,15,interpolated
8700,formation_8_highest_light,5,31,8685.8,14.2,8408.4,30,9795.4,35,interpolated
8725,formation_8_highest_light,7,22,8723.4,1.6,7931.6,20,9911.1,25,interpolated
8750,formation_8_highest_light,11,14,8729.82,20.18,6146.3,10,9375.7,15,interpolated
8775,formation_8_highest_light,6,26,8803.2,28.2,8467.0,25,10148.0,30,interpolated
8800,formation_8_highest_light,6,26,8803.2,3.2,8467.0,25,10148.0,30,interpolated
8825,formation_8_highest_light,12,13,8805.44,19.56,6686.6,10,10218.0,15,interpolated
8850,formation_8_highest_light,4,40,8873.0,23.0,7767.7,35,8873.0,40,interpolated
8875,formation_8_highest_light,4,40,8873.0,2.0,8873.0,40,9984.9,45,interpolated
8900,headlight_all_leds,5,19,8903.34,3.34,7022.7,15,9373.5,20,interpolated
8925,headlight_all_leds,4,24,8916.78,8.22,7450.3,20,9283.4,25,interpolated
8950,formation_8_highest_light,5,32,8963.2,13.2,8408.4,30,9795.4,35,interpolated
8975,formation_8_highest_light,5,32,8963.2,11.8,8408.4,30,9795.4,35,interpolated
9000,formation_8_highest_light,5,32,8963.2,36.8,8408.4,30,9795.4,35,interpolated
9025,headlight_all_leds,6,16,9038.96,13.96,8468.7,15,11320.0,20,interpolated
9050,headlight_all_leds,6,16,9038.96,11.04,8468.7,15,11320.0,20,interpolated
9075,headlight_all_leds,8,12,9077.1,2.1,7514.5,10,11421.0,15,interpolated
9100,formation_8_highest_light,4,41,9095.38,4.62,8873.0,40,9984.9,45,interpolated
9125,formation_8_highest_light,8,20,9122.0,3.0,9122.0,20,11413.0,25,interpolated
9150,formation_8_highest_light,6,27,9139.4,10.6,8467.0,25,10148.0,30,interpolated
9175,formation_8_highest_light,17,10,9169.4,5.6,9169.4,10,14115.0,15,interpolated
9200,formation_8_highest_light,17,10,9169.4,30.6,9169.4,10,14115.0,15,interpolated
9225,formation_8_highest_light,9,18,9235.12,10.12,7679.8,15,10272.0,20,interpolated
9250,formation_8_highest_light,5,33,9240.6,9.4,8408.4,30,9795.4,35,interpolated
9275,formation_8_highest_light,14,12,9282.36,7.36,7676.6,10,11691.0,15,interpolated
9300,headlight_all_leds,4,25,9283.4,16.6,9283.4,25,11129.0,30,interpolated
9325,formation_8_highest_light,4,42,9317.76,7.24,8873.0,40,9984.9,45,interpolated
9350,headlight_all_leds,9,11,9339.96,10.04,8458.7,10,12865.0,15,interpolated
9375,formation_8_highest_light,11,15,9375.7,0.7,6146.3,10,9375.7,15,interpolated
9400,headlight_all_leds,10,10,9387.2,12.8,9387.2,10,14324.0,15,interpolated
9425,formation_8_highest_light,13,13,9424.76,0.24,7187.9,10,10916.0,15,interpolated
9450,formation_8_highest_light,13,13,9424.76,25.24,7187.9,10,10916.0,15,interpolated
9475,formation_8_highest_light,6,28,9475.6,0.6,8467.0,25,10148.0,30,interpolated
9500,formation_8_highest_light,12,14,9511.72,11.72,6686.6,10,10218.0,15,interpolated
9525,formation_8_highest_light,5,34,9518.0,7.0,8408.4,30,9795.4,35,interpolated
9550,formation_8_highest_light,4,43,9540.14,9.86,8873.0,40,9984.9,45,interpolated
9575,formation_8_highest_light,8,21,9580.2,5.2,9122.0,20,11413.0,25,interpolated
9600,headlight_all_leds,6,17,9609.22,9.22,8468.7,15,11320.0,20,interpolated
9625,formation_8_highest_light,16,11,9633.72,8.72,8702.4,10,13359.0,15,interpolated
9650,headlight_all_leds,4,26,9652.52,2.52,9283.4,25,11129.0,30,interpolated
9675,formation_8_highest_light,10,17,9690.78,15.78,8537.3,15,11421.0,20,interpolated
9700,formation_8_highest_light,10,17,9690.78,9.22,8537.3,15,11421.0,20,interpolated
9725,formation_8_highest_light,9,19,9753.56,28.56,7679.8,15,10272.0,20,interpolated
9750,formation_8_highest_light,9,19,9753.56,3.56,7679.8,15,10272.0,20,interpolated
9775,formation_8_highest_light,4,44,9762.52,12.48,8873.0,40,9984.9,45,interpolated
9800,formation_8_highest_light,5,35,9795.4,4.6,9795.4,35,11199.0,40,interpolated
9825,formation_8_highest_light,6,29,9811.8,13.2,8467.0,25,10148.0,30,interpolated
9850,headlight_all_leds,5,21,9842.2,7.8,9373.5,20,11717.0,25,interpolated
9875,headlight_all_leds,8,13,9858.4,16.6,7514.5,10,11421.0,15,interpolated
9900,formation_8_highest_light,7,25,9911.1,11.1,7931.6,20,9911.1,25,interpolated
9925,formation_8_highest_light,15,12,9930.54,5.54,8200.9,10,12525.0,15,interpolated
9950,formation_8_highest_light,15,12,9930.54,19.46,8200.9,10,12525.0,15,interpolated
9975,formation_8_highest_light,4,45,9984.9,9.9,8873.0,40,9984.9,45,interpolated
10000,formation_8_highest_light,11,16,10012.56,12.56,9375.7,15,12560.0,20,interpolated
10025,headlight_all_leds,4,27,10021.64,3.36,9283.4,25,11129.0,30,interpolated
10050,formation_8_highest_light,8,22,10038.4,11.6,9122.0,20,11413.0,25,interpolated
10075,formation_8_highest_light,5,36,10076.12,1.12,9795.4,35,11199.0,40,interpolated
10100,formation_8_highest_light,14,13,10085.24,14.76,7676.6,10,11691.0,15,interpolated
10125,formation_8_highest_light,19,10,10107.0,18.0,10107.0,10,15655.0,15,interpolated
10150,formation_8_highest_light,6,30,10148.0,2.0,10148.0,30,11835.0,35,interpolated
10175,headlight_all_leds,6,18,10179.48,4.48,8468.7,15,11320.0,20,interpolated
10200,formation_8_highest_light,4,46,10206.92,6.92,9984.9,45,11095.0,50,interpolated
10225,headlight_all_leds,9,12,10221.22,3.78,8458.7,10,12865.0,15,interpolated
10250,formation_8_highest_light,10,18,10267.52,17.52,8537.3,15,11421.0,20,interpolated
10275,formation_8_highest_light,9,20,10272.0,3.0,10272.0,20,12851.0,25,interpolated
10300,formation_8_highest_light,7,26,10307.68,7.68,9911.1,25,11894.0,30,interpolated
10325,headlight_all_leds,5,22,10310.9,14.1,9373.5,20,11717.0,25,interpolated
10350,formation_8_highest_light,5,37,10356.84,6.84,9795.4,35,11199.0,40,interpolated
10375,headlight_all_leds,10,11,10374.56,0.44,9387.2,10,14324.0,15,interpolated
10400,headlight_all_leds,4,28,10390.76,9.24,9283.4,25,11129.0,30,interpolated
10425,formation_8_highest_light,4,47,10428.94,3.94,9984.9,45,11095.0,50,interpolated
10450,formation_8_highest_light,4,47,10428.94,21.06,9984.9,45,11095.0,50,interpolated
10475,formation_8_highest_light,6,31,10485.4,10.4,10148.0,30,11835.0,35,interpolated
10500,formation_8_highest_light,8,23,10496.6,3.4,9122.0,20,11413.0,25,interpolated
10525,formation_8_highest_light,8,23,10496.6,28.4,9122.0,20,11413.0,25,interpolated
10550,formation_8_highest_light,16,12,10565.04,15.04,8702.4,10,13359.0,15,interpolated
10575,formation_8_highest_light,16,12,10565.04,9.96,8702.4,10,13359.0,15,interpolated
10600,headlight_all_leds,7,16,10587.64,12.36,9914.3,15,13281.0,20,interpolated
10625,formation_8_highest_light,5,38,10637.56,12.56,9795.4,35,11199.0,40,interpolated
10650,formation_8_highest_light,11,17,10649.42,0.58,9375.7,15,12560.0,20,interpolated
10675,formation_8_highest_light,4,48,10650.96,24.04,9984.9,45,11095.0,50,interpolated
10700,formation_8_highest_light,7,27,10704.26,4.26,9911.1,25,11894.0,30,interpolated
10725,formation_8_highest_light,18,11,10709.72,15.28,9658.4,10,14915.0,15,interpolated
10750,headlight_all_leds,6,19,10749.74,0.26,8468.7,15,11320.0,20,interpolated
10775,headlight_all_leds,5,23,10779.6,4.6,9373.5,20,11717.0,25,interpolated
10800,formation_8_highest_light,15,13,10795.36,4.64,8200.9,10,12525.0,15,interpolated
10825,formation_8_highest_light,6,32,10822.8,2.2,10148.0,30,11835.0,35,interpolated
10850,formation_8_highest_light,10,19,10844.26,5.74,8537.3,15,11421.0,20,interpolated
10875,formation_8_highest_light,4,49,10872.98,2.02,9984.9,45,11095.0,50,interpolated
10900,formation_8_highest_light,14,14,10888.12,11.88,7676.6,10,11691.0,15,interpolated
10925,formation_8_highest_light,5,39,10918.28,6.72,9795.4,35,11199.0,40,interpolated
10950,formation_8_highest_light,8,24,10954.8,4.8,9122.0,20,11413.0,25,interpolated
10975,formation_8_highest_light,8,24,10954.8,20.2,9122.0,20,11413.0,25,interpolated
11000,formation_8_highest_light,8,24,10954.8,45.2,9122.0,20,11413.0,25,interpolated
11025,formation_8_highest_light,4,50,11095.0,70.0,9984.9,45,11095.0,50,interpolated
11050,formation_8_highest_light,21,10,11037.0,13.0,11037.0,10,17184.0,15,interpolated
11075,formation_8_highest_light,4,50,11095.0,20.0,9984.9,45,11095.0,50,interpolated
11100,formation_8_highest_light,7,28,11100.84,0.84,9911.1,25,11894.0,30,interpolated
11125,headlight_all_leds,4,30,11129.0,4.0,9283.4,25,11129.0,30,interpolated
11150,formation_8_highest_light,17,12,11147.64,2.36,9169.4,10,14115.0,15,interpolated
11175,formation_8_highest_light,6,33,11160.2,14.8,10148.0,30,11835.0,35,interpolated
11200,formation_8_highest_light,5,40,11199.0,1.0,11199.0,40,12605.0,45,interpolated
11225,headlight_all_leds,12,10,11219.0,6.0,11219.0,10,17175.0,15,interpolated
11250,headlight_all_leds,5,24,11248.3,1.7,9373.5,20,11717.0,25,interpolated
11275,formation_8_highest_light,11,18,11286.28,11.28,9375.7,15,12560.0,20,interpolated
11300,formation_8_highest_light,9,22,11303.6,3.6,10272.0,20,12851.0,25,interpolated
11325,headlight_all_leds,6,20,11320.0,5.0,11320.0,20,14169.0,25,interpolated
11350,headlight_all_leds,10,12,11361.92,11.92,9387.2,10,14324.0,15,interpolated
11375,headlight_all_leds,10,12,11361.92,13.08,9387.2,10,14324.0,15,interpolated
11400,headlight_all_leds,11,11,11397.2,2.8,10308.0,10,15754.0,15,interpolated
11425,formation_8_highest_light,10,20,11421.0,4.0,11421.0,20,14305.0,25,interpolated
11450,formation_8_highest_light,10,20,11421.0,29.0,11421.0,20,14305.0,25,interpolated
11475,formation_8_highest_light,5,41,11480.2,5.2,11199.0,40,12605.0,45,interpolated
11500,headlight_all_leds,4,31,11498.4,1.6,11129.0,30,12976.0,35,interpolated
11525,formation_8_highest_light,4,52,11538.6,13.6,11095.0,50,12204.0,55,interpolated
11550,formation_8_highest_light,4,52,11538.6,11.4,11095.0,50,12204.0,55,interpolated
11575,formation_8_highest_light,4,52,11538.6,36.4,11095.0,50,12204.0,55,interpolated
11600,formation_8_highest_light,12,17,11614.0,14.0,10218.0,15,13708.0,20,interpolated
11625,formation_8_highest_light,12,17,11614.0,11.0,10218.0,15,13708.0,20,interpolated
11650,formation_8_highest_light,13,16,11650.4,0.4,10916.0,15,14588.0,20,interpolated
11675,formation_8_highest_light,15,14,11660.18,14.82,8200.9,10,12525.0,15,interpolated
11700,formation_8_highest_light,14,15,11691.0,9.0,11691.0,15,15640.0,20,interpolated
11725,headlight_all_leds,5,25,11717.0,8.0,11717.0,25,14066.0,30,interpolated
11750,formation_8_highest_light,20,11,11750.6,0.6,10579.0,10,16437.0,15,interpolated
11775,formation_8_highest_light,5,42,11761.4,13.6,11199.0,40,12605.0,45,interpolated
11800,formation_8_highest_light,9,23,11819.4,19.4,10272.0,20,12851.0,25,interpolated
11825,formation_8_highest_light,9,23,11819.4,5.6,10272.0,20,12851.0,25,interpolated
11850,formation_8_highest_light,6,35,11835.0,15.0,11835.0,35,13546.0,40,interpolated
11875,formation_8_highest_light,8,26,11872.6,2.4,11413.0,25,13711.0,30,interpolated
11900,formation_8_highest_light,7,30,11894.0,6.0,11894.0,30,13884.0,35,interpolated
11925,formation_8_highest_light,11,19,11923.14,1.86,9375.7,15,12560.0,20,interpolated
11950,headlight_all_leds,7,18,11934.32,15.68,9914.3,15,13281.0,20,interpolated
11975,formation_8_highest_light,4,54,11982.2,7.2,11095.0,50,12204.0,55,interpolated
12000,formation_8_highest_light,10,21,11997.8,2.2,11421.0,20,14305.0,25,interpolated
12025,formation_8_highest_light,5,43,12042.6,17.6,11199.0,40,12605.0,45,interpolated
12050,formation_8_highest_light,5,43,12042.6,7.4,11199.0,40,12605.0,45,interpolated
12075,headlight_all_leds,13,10,12059.0,16.0,12059.0,10,18326.0,15,interpolated
12100,formation_8_highest_light,17,13,12136.76,36.76,9169.4,10,14115.0,15,interpolated
12125,formation_8_highest_light,17,13,12136.76,11.76,9169.4,10,14115.0,15,interpolated
12150,formation_8_highest_light,17,13,12136.76,13.24,9169.4,10,14115.0,15,interpolated
12175,formation_8_highest_light,6,36,12177.2,2.2,11835.0,35,13546.0,40,interpolated
12200,headlight_all_leds,8,16,12197.0,3.0,11421.0,15,15301.0,20,interpolated
12225,headlight_all_leds,4,33,12237.2,12.2,11129.0,30,12976.0,35,interpolated
12250,headlight_all_leds,4,33,12237.2,12.8,11129.0,30,12976.0,35,interpolated
12275,formation_8_highest_light,21,11,12266.4,8.6,11037.0,10,17184.0,15,interpolated
12300,formation_8_highest_light,7,31,12292.0,8.0,11894.0,30,13884.0,35,interpolated
12325,formation_8_highest_light,5,44,12323.8,1.2,11199.0,40,12605.0,45,interpolated
12350,headlight_all_leds,10,13,12349.28,0.72,9387.2,10,14324.0,15,interpolated
12375,formation_8_highest_light,13,17,12384.8,9.8,10916.0,15,14588.0,20,interpolated
12400,headlight_all_leds,12,11,12410.2,10.2,11219.0,10,17175.0,15,interpolated
12425,formation_8_highest_light,16,14,12427.68,2.68,8702.4,10,13359.0,15,interpolated
12450,headlight_all_leds,6,22,12459.6,9.6,11320.0,20,14169.0,25,interpolated
12475,formation_8_highest_light,14,16,12480.8,5.8,11691.0,15,15640.0,20,interpolated
12500,headlight_all_leds,11,12,12486.4,13.6,10308.0,10,15754.0,15,interpolated
12525,formation_8_highest_light,15,15,12525.0,0.0,8200.9,10,12525.0,15,interpolated
12550,formation_8_highest_light,11,20,12560.0,10.0,9375.7,15,12560.0,20,interpolated
12575,formation_8_highest_light,10,22,12574.6,0.4,11421.0,20,14305.0,25,interpolated
12600,formation_8_highest_light,5,45,12605.0,5.0,11199.0,40,12605.0,45,interpolated
12625,headlight_all_leds,7,19,12607.66,17.34,9914.3,15,13281.0,20,interpolated
12650,formation_8_highest_light,4,57,12654.0,4.0,12204.0,55,13329.0,60,interpolated
12675,formation_8_highest_light,7,32,12690.0,15.0,11894.0,30,13884.0,35,interpolated
12700,formation_8_highest_light,7,32,12690.0,10.0,11894.0,30,13884.0,35,interpolated
12725,formation_8_highest_light,22,11,12741.4,16.4,11455.0,10,17887.0,15,interpolated
12750,formation_8_highest_light,22,11,12741.4,8.6,11455.0,10,17887.0,15,interpolated
12775,formation_8_highest_light,8,28,12791.8,16.8,11413.0,25,13711.0,30,interpolated
12800,formation_8_highest_light,8,28,12791.8,8.2,11413.0,25,13711.0,30,interpolated
12825,formation_8_highest_light,25,10,12817.0,8.0,12817.0,10,20024.0,15,interpolated
12850,formation_8_highest_light,9,25,12851.0,1.0,10272.0,20,12851.0,25,interpolated
12875,formation_8_highest_light,4,58,12879.0,4.0,12204.0,55,13329.0,60,interpolated
12900,formation_8_highest_light,5,46,12888.6,11.4,12605.0,45,14023.0,50,interpolated
12925,formation_8_highest_light,20,12,12922.2,2.8,10579.0,10,16437.0,15,interpolated
12950,headlight_all_leds,8,17,12973.0,23.0,11421.0,15,15301.0,20,interpolated
12975,headlight_all_leds,4,35,12976.0,1.0,11129.0,30,12976.0,35,interpolated
13000,formation_8_highest_light,12,19,13010.0,10.0,10218.0,15,13708.0,20,interpolated
13025,headlight_all_leds,6,23,13029.4,4.4,11320.0,20,14169.0,25,interpolated
13050,headlight_all_leds,6,23,13029.4,20.6,11320.0,20,14169.0,25,interpolated
13075,formation_8_highest_light,7,33,13088.0,13.0,11894.0,30,13884.0,35,interpolated
13100,formation_8_highest_light,4,59,13104.0,4.0,12204.0,55,13329.0,60,interpolated
13125,formation_8_highest_light,17,14,13125.88,0.88,9169.4,10,14115.0,15,interpolated
13150,formation_8_highest_light,10,23,13151.4,1.4,11421.0,20,14305.0,25,interpolated
13175,formation_8_highest_light,5,47,13172.2,2.8,12605.0,45,14023.0,50,interpolated
13200,formation_8_highest_light,6,39,13203.8,3.8,11835.0,35,13546.0,40,interpolated
13225,formation_8_highest_light,23,11,13239.6,14.6,11893.0,10,18626.0,15,interpolated
13250,formation_8_highest_light,8,29,13251.4,1.4,11413.0,25,13711.0,30,interpolated
13275,formation_8_highest_light,14,17,13270.6,4.4,11691.0,15,15640.0,20,interpolated
13300,headlight_all_leds,13,11,13312.4,12.4,12059.0,10,18326.0,15,interpolated
13325,formation_8_highest_light,4,60,13329.0,4.0,12204.0,55,13329.0,60,interpolated
13350,headlight_all_leds,4,36,13344.8,5.2,12976.0,35,14820.0,40,interpolated
13375,formation_8_highest_light,15,16,13375.4,0.4,12525.0,15,16777.0,20,interpolated
13400,formation_8_highest_light,15,16,13375.4,24.6,12525.0,15,16777.0,20,interpolated
13425,formation_8_highest_light,19,13,13435.8,10.8,10107.0,10,15655.0,15,interpolated
13450,formation_8_highest_light,5,48,13455.8,5.8,12605.0,45,14023.0,50,interpolated
13475,formation_8_highest_light,7,34,13486.0,11.0,11894.0,30,13884.0,35,interpolated
13500,formation_8_highest_light,21,12,13495.8,4.2,11037.0,10,17184.0,15,interpolated
13525,formation_8_highest_light,6,40,13546.0,21.0,11835.0,35,13546.0,40,interpolated
13550,formation_8_highest_light,4,61,13552.2,2.2,13329.0,60,14445.0,65,interpolated
13575,headlight_all_leds,11,13,13575.6,0.6,10308.0,10,15754.0,15,interpolated
13600,headlight_all_leds,6,24,13599.2,0.8,11320.0,20,14169.0,25,interpolated
13625,formation_8_highest_light,27,10,13620.0,5.0,13620.0,10,21398.0,15,interpolated
13650,formation_8_highest_light,27,10,13620.0,30.0,13620.0,10,21398.0,15,interpolated
13675,formation_8_highest_light,24,11,13693.4,18.4,12291.0,10,19303.0,15,interpolated
13700,formation_8_highest_light,24,11,13693.4,6.6,12291.0,10,19303.0,15,interpolated
13725,formation_8_highest_light,10,24,13728.2,3.2,11421.0,20,14305.0,25,interpolated
13750,headlight_all_leds,8,18,13749.0,1.0,11421.0,15,15301.0,20,interpolated
13775,formation_8_highest_light,4,62,13775.4,0.4,13329.0,60,14445.0,65,interpolated
13800,headlight_all_leds,15,10,13780.0,20.0,13780.0,10,21042.0,15,interpolated
13825,formation_8_highest_light,11,22,13829.6,4.6,12560.0,20,15734.0,25,interpolated
13850,formation_8_highest_light,13,19,13853.6,3.6,10916.0,15,14588.0,20,interpolated
13875,formation_8_highest_light,7,35,13884.0,9.0,11894.0,30,13884.0,35,interpolated
13900,formation_8_highest_light,9,27,13888.6,11.4,12851.0,25,15445.0,30,interpolated
13925,headlight_all_leds,7,21,13947.0,22.0,13281.0,20,16611.0,25,interpolated
13950,headlight_all_leds,7,21,13947.0,3.0,13281.0,20,16611.0,25,interpolated
13975,formation_8_highest_light,4,63,13998.6,23.6,13329.0,60,14445.0,65,interpolated
14000,formation_8_highest_light,4,63,13998.6,1.4,13329.0,60,14445.0,65,interpolated
14025,formation_8_highest_light,5,50,14023.0,2.0,14023.0,50,15427.0,55,interpolated
14050,formation_8_highest_light,14,18,14060.4,10.4,11691.0,15,15640.0,20,interpolated
14075,headlight_all_leds,4,38,14082.4,7.4,12976.0,35,14820.0,40,interpolated
14100,formation_8_highest_light,20,13,14093.8,6.2,10579.0,10,16437.0,15,interpolated
14125,formation_8_highest_light,17,15,14115.0,10.0,14115.0,15,18907.0,20,interpolated
14150,formation_8_highest_light,8,31,14168.2,18.2,13711.0,30,15997.0,35,interpolated
14175,headlight_all_leds,6,25,14169.0,6.0,14169.0,25,17000.0,30,interpolated
14200,formation_8_highest_light,4,64,14221.8,21.8,13329.0,60,14445.0,65,interpolated
14225,formation_8_highest_light,15,17,14225.8,0.8,12525.0,15,16777.0,20,interpolated
14250,formation_8_highest_light,25,11,14258.4,8.4,12817.0,10,20024.0,15,interpolated
14275,formation_8_highest_light,7,36,14284.0,9.0,13884.0,35,15884.0,40,interpolated
14300,formation_8_highest_light,5,51,14303.8,3.8,14023.0,50,15427.0,55,interpolated
14325,headlight_all_leds,10,15,14324.0,1.0,14324.0,15,19158.0,20,interpolated
14350,headlight_all_leds,10,15,14324.0,26.0,14324.0,15,19158.0,20,interpolated
14375,formation_8_highest_light,12,21,14397.2,22.2,13708.0,20,17154.0,25,interpolated
14400,formation_8_highest_light,12,21,14397.2,2.8,13708.0,20,17154.0,25,interpolated
14425,formation_8_highest_light,9,28,14407.4,17.6,12851.0,25,15445.0,30,interpolated
14450,headlight_all_leds,4,39,14451.2,1.2,12976.0,35,14820.0,40,interpolated
14475,formation_8_highest_light,11,23,14464.4,10.6,12560.0,20,15734.0,25,interpolated
14500,headlight_all_leds,8,19,14525.0,25.0,11421.0,15,15301.0,20,interpolated
14525,headlight_all_leds,8,19,14525.0,0.0,11421.0,15,15301.0,20,interpolated
14550,formation_8_highest_light,19,14,14545.4,4.6,10107.0,10,15655.0,15,interpolated
14575,formation_8_highest_light,6,43,14568.4,6.6,13546.0,40,15250.0,45,interpolated
14600,headlight_all_leds,9,17,14608.2,8.2,12865.0,15,17223.0,20,interpolated
14625,formation_8_highest_light,8,32,14625.4,0.4,13711.0,30,15997.0,35,interpolated
14650,headlight_all_leds,16,10,14643.0,7.0,14643.0,10,22449.0,15,interpolated
14675,formation_8_highest_light,30,10,14674.0,1.0,14674.0,10,23294.0,15,interpolated
14700,formation_8_highest_light,7,37,14684.0,16.0,13884.0,35,15884.0,40,interpolated
14725,formation_8_highest_light,21,13,14725.2,0.2,11037.0,10,17184.0,15,interpolated
14750,headlight_all_leds,6,26,14735.2,14.8,14169.0,25,17000.0,30,interpolated
14775,headlight_all_leds,12,13,14792.6,17.6,11219.0,10,17175.0,15,interpolated
14800,headlight_all_leds,12,13,14792.6,7.4,11219.0,10,17175.0,15,interpolated
14825,headlight_all_leds,4,40,14820.0,5.0,14820.0,40,16665.0,45,interpolated
14850,formation_8_highest_light,14,19,14850.2,0.2,11691.0,15,15640.0,20,interpolated
14875,formation_8_highest_light,10,26,14879.0,4.0,14305.0,25,17175.0,30,interpolated
14900,formation_8_highest_light,4,67,14893.4,6.6,14445.0,65,15566.0,70,interpolated
14925,formation_8_highest_light,9,29,14926.2,1.2,12851.0,25,15445.0,30,interpolated
14950,formation_8_highest_light,9,29,14926.2,23.8,12851.0,25,15445.0,30,interpolated
14975,headlight_all_leds,5,32,14995.6,20.6,14066.0,30,16390.0,35,interpolated
15000,headlight_all_leds,5,32,14995.6,4.4,14066.0,30,16390.0,35,interpolated
15025,formation_8_highest_light,31,10,15017.0,8.0,15017.0,10,23917.0,15,interpolated
15050,formation_8_highest_light,17,16,15073.4,23.4,14115.0,15,18907.0,20,interpolated
15075,formation_8_highest_light,15,18,15076.2,1.2,12525.0,15,16777.0,20,interpolated
15100,formation_8_highest_light,11,24,15099.2,0.8,12560.0,20,15734.0,25,interpolated
15125,formation_8_highest_light,4,68,15117.6,7.4,14445.0,65,15566.0,70,interpolated
15150,formation_8_highest_light,5,54,15146.2,3.8,14023.0,50,15427.0,55,interpolated
15175,formation_8_highest_light,27,11,15175.6,0.6,13620.0,10,21398.0,15,interpolated
15200,headlight_all_leds,4,41,15189.0,11.0,14820.0,40,16665.0,45,interpolated
15225,headlight_all_leds,15,11,15232.4,7.4,13780.0,10,21042.0,15,interpolated
15250,formation_8_highest_light,6,45,15250.0,0.0,13546.0,40,15250.0,45,interpolated
15275,headlight_all_leds,7,23,15279.0,4.0,13281.0,20,16611.0,25,interpolated
15300,headlight_all_leds,8,20,15301.0,1.0,11421.0,15,15301.0,20,interpolated
15325,formation_8_highest_light,22,13,15314.2,10.8,11455.0,10,17887.0,15,interpolated
15350,formation_8_highest_light,32,10,15349.0,1.0,15349.0,10,24516.0,15,interpolated
15375,formation_8_highest_light,32,10,15349.0,26.0,15349.0,10,24516.0,15,interpolated
15400,formation_8_highest_light,5,55,15427.0,27.0,14023.0,50,15427.0,55,interpolated
15425,formation_8_highest_light,5,55,15427.0,2.0,14023.0,50,15427.0,55,interpolated
15450,formation_8_highest_light,10,27,15453.0,3.0,14305.0,25,17175.0,30,interpolated
15475,headlight_all_leds,9,18,15479.8,4.8,12865.0,15,17223.0,20,interpolated
15500,formation_8_highest_light,7,39,15484.0,16.0,13884.0,35,15884.0,40,interpolated
15525,formation_8_highest_light,8,34,15539.8,14.8,13711.0,30,15997.0,35,interpolated
15550,formation_8_highest_light,28,11,15553.6,3.6,13943.0,10,21996.0,15,interpolated
15575,headlight_all_leds,14,12,15583.0,8.0,12883.0,10,19633.0,15,interpolated
15600,formation_8_highest_light,6,46,15589.4,10.6,15250.0,45,16947.0,50,interpolated
15625,formation_8_highest_light,33,10,15623.0,2.0,15623.0,10,25020.0,15,interpolated
15650,formation_8_highest_light,19,15,15655.0,5.0,10107.0,10,15655.0,15,interpolated
15675,formation_8_highest_light,19,15,15655.0,20.0,15655.0,15,21016.0,20,interpolated
15700,formation_8_highest_light,25,12,15699.8,0.2,12817.0,10,20024.0,15,interpolated
15725,formation_8_highest_light,11,25,15734.0,9.0,12560.0,20,15734.0,25,interpolated
15750,headlight_all_leds,11,15,15754.0,4.0,10308.0,10,15754.0,15,interpolated
15775,formation_8_highest_light,12,23,15775.6,0.6,13708.0,20,17154.0,25,interpolated
15800,formation_8_highest_light,4,71,15788.8,11.2,15566.0,70,16680.0,75,interpolated
15825,headlight_all_leds,13,13,15819.2,5.8,12059.0,10,18326.0,15,interpolated
15850,headlight_all_leds,6,28,15867.6,17.6,14169.0,25,17000.0,30,interpolated
15875,headlight_all_leds,6,28,15867.6,7.4,14169.0,25,17000.0,30,interpolated
15900,formation_8_highest_light,7,40,15884.0,16.0,15884.0,40,17857.0,45,interpolated
15925,headlight_all_leds,5,34,15925.2,0.2,14066.0,30,16390.0,35,interpolated
15950,formation_8_highest_light,21,14,15954.6,4.6,11037.0,10,17184.0,15,interpolated
15975,formation_8_highest_light,29,11,15982.4,7.4,14315.0,10,22652.0,15,interpolated
16000,formation_8_highest_light,8,35,15997.0,3.0,15997.0,35,18277.0,40,interpolated
16025,formation_8_highest_light,10,28,16027.0,2.0,14305.0,25,17175.0,30,interpolated
16050,headlight_all_leds,8,21,16065.8,15.8,15301.0,20,19125.0,25,interpolated
16075,formation_8_highest_light,16,18,16068.6,6.4,13359.0,15,17875.0,20,interpolated
16100,formation_8_highest_light,16,18,16068.6,31.4,13359.0,15,17875.0,20,interpolated
16125,formation_8_highest_light,16,18,16068.6,56.4,13359.0,15,17875.0,20,interpolated
16150,headlight_all_leds,16,11,16204.2,54.2,14643.0,10,22449.0,15,interpolated
16175,headlight_all_leds,16,11,16204.2,29.2,14643.0,10,22449.0,15,interpolated
16200,headlight_all_leds,16,11,16204.2,4.2,14643.0,10,22449.0,15,interpolated
16225,formation_8_highest_light,26,12,16229.6,4.6,13234.0,10,20723.0,15,interpolated
16250,headlight_all_leds,10,17,16257.6,7.6,14324.0,15,19158.0,20,interpolated
16275,formation_8_highest_light,7,41,16278.6,3.6,15884.0,40,17857.0,45,interpolated
16300,headlight_all_leds,4,44,16296.0,4.0,14820.0,40,16665.0,45,interpolated
16325,headlight_all_leds,9,19,16351.4,26.4,12865.0,15,17223.0,20,interpolated
16350,headlight_all_leds,9,19,16351.4,1.4,12865.0,15,17223.0,20,interpolated
16375,formation_8_highest_light,11,26,16360.6,14.4,15734.0,25,18867.0,30,interpolated
16400,formation_8_highest_light,30,11,16398.0,2.0,14674.0,10,23294.0,15,interpolated
16425,headlight_all_leds,6,29,16433.8,8.8,14169.0,25,17000.0,30,interpolated
16450,formation_8_highest_light,8,36,16453.0,3.0,15997.0,35,18277.0,40,interpolated
16475,formation_8_highest_light,9,32,16467.0,8.0,15445.0,30,18000.0,35,interpolated
16500,formation_8_highest_light,24,13,16498.2,1.8,12291.0,10,19303.0,15,interpolated
16525,formation_8_highest_light,36,10,16517.0,8.0,16517.0,10,26651.0,15,interpolated
16550,formation_8_highest_light,5,59,16552.6,2.6,15427.0,55,16834.0,60,interpolated
16575,formation_8_highest_light,5,59,16552.6,22.4,15427.0,55,16834.0,60,interpolated
16600,formation_8_highest_light,22,14,16600.6,0.6,11455.0,10,17887.0,15,interpolated
16625,headlight_all_leds,7,25,16611.0,14.0,16611.0,25,19919.0,30,interpolated
16650,headlight_all_leds,4,45,16665.0,15.0,14820.0,40,16665.0,45,interpolated
16675,formation_8_highest_light,7,42,16673.2,1.8,15884.0,40,17857.0,45,interpolated
16700,headlight_all_leds,15,12,16684.8,15.2,13780.0,10,21042.0,15,interpolated
16725,formation_8_highest_light,19,16,16727.2,2.2,15655.0,15,21016.0,20,interpolated
16750,formation_8_highest_light,13,23,16754.6,4.6,14588.0,20,18199.0,25,interpolated
16775,formation_8_highest_light,15,20,16777.0,2.0,12525.0,15,16777.0,20,interpolated
16800,formation_8_highest_light,31,11,16797.0,3.0,15017.0,10,23917.0,15,interpolated
16825,headlight_all_leds,8,22,16830.6,5.6,15301.0,20,19125.0,25,interpolated
16850,headlight_all_leds,5,36,16852.8,2.8,16390.0,35,18704.0,40,interpolated
16875,headlight_all_leds,5,36,16852.8,22.2,16390.0,35,18704.0,40,interpolated
16900,formation_8_highest_light,4,76,16899.8,0.2,16680.0,75,17779.0,80,interpolated
16925,headlight_all_leds,14,13,16933.0,8.0,12883.0,10,19633.0,15,interpolated
16950,formation_8_highest_light,18,17,16949.0,1.0,14915.0,15,20000.0,20,interpolated
16975,formation_8_highest_light,9,33,16978.0,3.0,15445.0,30,18000.0,35,interpolated
17000,headlight_all_leds,6,30,17000.0,0.0,14169.0,25,17000.0,30,interpolated
17025,headlight_all_leds,4,46,17029.2,4.2,16665.0,45,18486.0,50,interpolated
17050,formation_8_highest_light,7,43,17067.8,17.8,15884.0,40,17857.0,45,interpolated
17075,headlight_all_leds,13,14,17072.6,2.4,12059.0,10,18326.0,15,interpolated
17100,headlight_all_leds,17,11,17088.6,11.4,15430.0,10,23723.0,15,interpolated
17125,formation_8_highest_light,4,77,17119.6,5.4,16680.0,75,17779.0,80,interpolated
17150,formation_8_highest_light,12,25,17154.0,4.0,13708.0,20,17154.0,25,interpolated
17175,formation_8_highest_light,10,30,17175.0,0.0,14305.0,25,17175.0,30,interpolated
17200,formation_8_highest_light,14,22,17190.4,9.6,15640.0,20,19516.0,25,interpolated
17225,headlight_all_leds,10,18,17224.4,0.6,14324.0,15,19158.0,20,interpolated
17250,headlight_all_leds,7,26,17272.6,22.6,16611.0,25,19919.0,30,interpolated
17275,headlight_all_leds,7,26,17272.6,2.4,16611.0,25,19919.0,30,interpolated
17300,headlight_all_leds,5,37,17315.6,15.6,16390.0,35,18704.0,40,interpolated
17325,headlight_all_leds,5,37,17315.6,9.4,16390.0,35,18704.0,40,interpolated
17350,formation_8_highest_light,4,78,17339.4,10.6,16680.0,75,17779.0,80,interpolated
17375,formation_8_highest_light,8,38,17365.0,10.0,15997.0,35,18277.0,40,interpolated
17400,headlight_all_leds,4,47,17393.4,6.6,16665.0,45,18486.0,50,interpolated
17425,headlight_all_leds,4,47,17393.4,31.6,16665.0,45,18486.0,50,interpolated
17450,formation_8_highest_light,7,44,17462.4,12.4,15884.0,40,17857.0,45,interpolated
17475,formation_8_highest_light,13,24,17476.8,1.8,14588.0,20,18199.0,25,interpolated
17500,formation_8_highest_light,33,11,17502.4,2.4,15623.0,10,25020.0,15,interpolated
17525,formation_8_highest_light,40,10,17520.0,5.0,17520.0,10,28554.0,15,interpolated
17550,headlight_all_leds,6,31,17558.8,8.8,17000.0,30,19794.0,35,interpolated
17575,formation_8_highest_light,20,16,17572.4,2.6,16437.0,15,22114.0,20,interpolated
17600,headlight_all_leds,8,23,17595.4,4.6,15301.0,20,19125.0,25,interpolated
17625,formation_8_highest_light,6,52,17616.6,8.4,16947.0,50,18621.0,55,interpolated
17650,formation_8_highest_light,29,12,17649.8,0.2,14315.0,10,22652.0,15,interpolated
17675,formation_8_highest_light,5,63,17668.0,7.0,16834.0,60,18224.0,65,interpolated
17700,formation_8_highest_light,26,13,17727.4,27.4,13234.0,10,20723.0,15,interpolated
17725,formation_8_highest_light,26,13,17727.4,2.4,13234.0,10,20723.0,15,interpolated
17750,formation_8_highest_light,10,31,17742.6,7.4,17175.0,30,20013.0,35,interpolated
17775,headlight_all_leds,5,38,17778.4,3.4,16390.0,35,18704.0,40,interpolated
17800,formation_8_highest_light,19,17,17799.4,0.6,15655.0,15,21016.0,20,interpolated
17825,formation_8_highest_light,8,39,17821.0,4.0,15997.0,35,18277.0,40,interpolated
17850,formation_8_highest_light,7,45,17857.0,7.0,15884.0,40,17857.0,45,interpolated
17875,formation_8_highest_light,16,20,17875.0,0.0,13359.0,15,17875.0,20,interpolated
17900,formation_8_highest_light,24,14,17900.6,0.6,12291.0,10,19303.0,15,interpolated
17925,headlight_all_leds,7,27,17934.2,9.2,16611.0,25,19919.0,30,interpolated
17950,formation_8_highest_light,6,53,17951.4,1.4,16947.0,50,18621.0,55,interpolated
17975,formation_8_highest_light,18,18,17966.0,9.0,14915.0,15,20000.0,20,interpolated
18000,formation_8_highest_light,9,35,18000.0,0.0,15445.0,30,18000.0,35,interpolated
18025,headlight_all_leds,18,11,18021.0,4.0,16258.0,10,25073.0,15,interpolated
18050,headlight_all_leds,18,11,18021.0,29.0,16258.0,10,25073.0,15,interpolated
18075,headlight_all_leds,9,21,18091.6,16.6,17223.0,20,21566.0,25,interpolated
18100,headlight_all_leds,9,21,18091.6,8.4,17223.0,20,21566.0,25,interpolated
18125,formation_8_highest_light,30,12,18122.0,3.0,14674.0,10,23294.0,15,interpolated
18150,headlight_all_leds,15,13,18137.2,12.8,13780.0,10,21042.0,15,interpolated
18175,headlight_all_leds,10,19,18191.2,16.2,14324.0,15,19158.0,20,interpolated
18200,formation_8_highest_light,13,25,18199.0,1.0,18199.0,25,21836.0,30,interpolated
18225,formation_8_highest_light,5,65,18224.0,1.0,18224.0,65,19637.0,70,interpolated
18250,formation_8_highest_light,7,46,18254.4,4.4,17857.0,45,19844.0,50,interpolated
18275,formation_8_highest_light,8,40,18277.0,2.0,15997.0,35,18277.0,40,interpolated
18300,formation_8_highest_light,10,32,18310.2,10.2,17175.0,30,20013.0,35,interpolated
18325,headlight_all_leds,13,15,18326.0,1.0,12059.0,10,18326.0,15,interpolated
18350,headlight_all_leds,12,16,18341.6,8.4,17175.0,15,23008.0,20,interpolated
18375,formation_8_highest_light,21,16,18381.6,6.6,17184.0,15,23172.0,20,interpolated
18400,formation_8_highest_light,44,10,18391.0,9.0,18391.0,10,30222.0,15,interpolated
18425,formation_8_highest_light,15,22,18441.4,16.4,16777.0,20,20938.0,25,interpolated
18450,formation_8_highest_light,4,83,18450.4,0.4,17779.0,80,18898.0,85,interpolated
18475,headlight_all_leds,4,50,18486.0,11.0,16665.0,45,18486.0,50,interpolated
18500,formation_8_highest_light,5,66,18506.6,6.6,18224.0,65,19637.0,70,interpolated
18525,formation_8_highest_light,12,27,18520.8,4.2,17154.0,25,20571.0,30,interpolated
18550,formation_8_highest_light,36,11,18543.8,6.2,16517.0,10,26651.0,15,interpolated
18575,formation_8_highest_light,31,12,18577.0,2.0,15017.0,10,23917.0,15,interpolated
18600,formation_8_highest_light,45,10,18597.0,3.0,18597.0,10,30612.0,15,interpolated
18625,formation_8_highest_light,23,15,18626.0,1.0,11893.0,10,18626.0,15,interpolated
18650,formation_8_highest_light,7,47,18651.8,1.8,17857.0,45,19844.0,50,interpolated
18675,formation_8_highest_light,4,84,18674.2,0.8,17779.0,80,18898.0,85,interpolated
18700,headlight_all_leds,5,40,18704.0,4.0,16390.0,35,18704.0,40,interpolated
18725,formation_8_highest_light,8,41,18735.6,10.6,18277.0,40,20570.0,45,interpolated
18750,headlight_all_leds,17,12,18747.2,2.8,15430.0,10,23723.0,15,interpolated
18775,formation_8_highest_light,28,13,18774.8,0.2,13943.0,10,21996.0,15,interpolated
18800,formation_8_highest_light,46,10,18790.0,10.0,18790.0,10,30981.0,15,interpolated
18825,headlight_all_leds,4,51,18853.2,28.2,18486.0,50,20322.0,55,interpolated
18850,headlight_all_leds,4,51,18853.2,3.2,18486.0,50,20322.0,55,interpolated
18875,headlight_all_leds,19,11,18873.0,2.0,17017.0,10,26297.0,15,interpolated
18900,formation_8_highest_light,4,85,18898.0,2.0,18898.0,85,20013.0,90,interpolated
18925,formation_8_highest_light,13,26,18926.4,1.4,18199.0,25,21836.0,30,interpolated
18950,headlight_all_leds,11,18,18946.6,3.4,15754.0,15,21075.0,20,interpolated
18975,formation_8_highest_light,18,19,18983.0,8.0,14915.0,15,20000.0,20,interpolated
19000,formation_8_highest_light,32,12,19015.8,15.8,15349.0,10,24516.0,15,interpolated
19025,formation_8_highest_light,9,37,19033.2,8.2,18000.0,35,20583.0,40,interpolated
19050,formation_8_highest_light,7,48,19049.2,0.8,17857.0,45,19844.0,50,interpolated
19075,formation_8_highest_light,5,68,19071.8,3.2,18224.0,65,19637.0,70,interpolated
19100,formation_8_highest_light,4,86,19121.0,21.0,18898.0,85,20013.0,90,interpolated
19125,headlight_all_leds,8,25,19125.0,0.0,15301.0,20,19125.0,25,interpolated
19150,headlight_all_leds,10,20,19158.0,8.0,14324.0,15,19158.0,20,interpolated
19175,headlight_all_leds,5,41,19169.8,5.2,18704.0,40,21033.0,45,interpolated
19200,formation_8_highest_light,12,28,19204.2,4.2,17154.0,25,20571.0,30,interpolated
19225,formation_8_highest_light,26,14,19225.2,0.2,13234.0,10,20723.0,15,interpolated
19250,headlight_all_leds,7,29,19257.4,7.4,16611.0,25,19919.0,30,interpolated
19275,formation_8_highest_light,15,23,19273.6,1.4,16777.0,20,20938.0,25,interpolated
19300,formation_8_highest_light,6,57,19300.6,0.6,18621.0,55,20320.0,60,interpolated
19325,headlight_all_leds,16,13,19326.6,1.6,14643.0,10,22449.0,15,interpolated
19350,formation_8_highest_light,5,69,19354.4,4.4,18224.0,65,19637.0,70,interpolated
19375,formation_8_highest_light,33,12,19381.8,6.8,15623.0,10,25020.0,15,interpolated
19400,formation_8_highest_light,33,12,19381.8,18.2,15623.0,10,25020.0,15,interpolated
19425,formation_8_highest_light,39,11,19433.2,8.2,17271.0,10,28082.0,15,interpolated
19450,formation_8_highest_light,7,49,19446.6,3.4,17857.0,45,19844.0,50,interpolated
19475,formation_8_highest_light,11,31,19499.6,24.6,18867.0,30,22030.0,35,interpolated
19500,formation_8_highest_light,11,31,19499.6,0.4,18867.0,30,22030.0,35,interpolated
19525,formation_8_highest_light,14,25,19516.0,9.0,19516.0,25,23418.0,30,interpolated
19550,formation_8_highest_light,9,38,19549.8,0.2,18000.0,35,20583.0,40,interpolated
19575,formation_8_highest_light,21,17,19579.2,4.2,17184.0,15,23172.0,20,interpolated
19600,headlight_all_leds,15,14,19589.6,10.4,13780.0,10,21042.0,15,interpolated
19625,headlight_all_leds,14,15,19633.0,8.0,12883.0,10,19633.0,15,interpolated
19650,formation_8_highest_light,8,43,19652.8,2.8,18277.0,40,20570.0,45,interpolated
19675,formation_8_highest_light,16,22,19670.6,4.4,17875.0,20,22364.0,25,interpolated
19700,formation_8_highest_light,40,11,19726.8,26.8,17520.0,10,28554.0,15,interpolated
19725,formation_8_highest_light,40,11,19726.8,1.8,17520.0,10,28554.0,15,interpolated
19750,headlight_all_leds,20,11,19762.4,12.4,17798.0,10,27620.0,15,interpolated
19775,headlight_all_leds,18,12,19784.0,9.0,16258.0,10,25073.0,15,interpolated
19800,formation_8_highest_light,34,12,19797.6,2.4,15936.0,10,25590.0,15,interpolated
19825,headlight_all_leds,9,23,19828.8,3.8,17223.0,20,21566.0,25,interpolated
19850,formation_8_highest_light,30,13,19846.0,4.0,14674.0,10,23294.0,15,interpolated
19875,formation_8_highest_light,12,29,19887.6,12.6,17154.0,25,20571.0,30,interpolated
19900,headlight_all_leds,8,26,19894.8,5.2,19125.0,25,22974.0,30,interpolated
19925,headlight_all_leds,7,30,19919.0,6.0,19919.0,30,23235.0,35,interpolated
19950,headlight_all_leds,4,54,19954.8,4.8,18486.0,50,20322.0,55,interpolated
19975,formation_8_highest_light,6,59,19980.2,5.2,18621.0,55,20320.0,60,interpolated
20000,formation_8_highest_light,18,20,20000.0,0.0,14915.0,15,20000.0,20,interpolated
20025,formation_8_highest_light,25,15,20024.0,1.0,20024.0,15,26973.0,20,interpolated
20050,formation_8_highest_light,9,39,20066.4,16.4,18000.0,35,20583.0,40,interpolated
20075,formation_8_highest_light,9,39,20066.4,8.6,18000.0,35,20583.0,40,interpolated
20100,headlight_all_leds,5,43,20101.4,1.4,18704.0,40,21033.0,45,interpolated
20125,headlight_all_leds,10,21,20124.0,1.0,19158.0,20,23988.0,25,interpolated
20150,formation_8_highest_light,11,32,20132.2,17.8,18867.0,30,22030.0,35,interpolated
20175,formation_8_highest_light,35,12,20189.4,14.4,16235.0,10,26121.0,15,interpolated
20200,formation_8_highest_light,5,72,20199.4,0.6,19637.0,70,21043.0,75,interpolated
20225,formation_8_highest_light,4,91,20235.4,10.4,20013.0,90,21125.0,95,interpolated
20250,formation_8_highest_light,7,51,20244.8,5.2,19844.0,50,21848.0,55,interpolated
20275,formation_8_highest_light,42,11,20273.2,1.8,17984.0,10,29430.0,15,interpolated
20300,formation_8_highest_light,14,26,20296.4,3.6,19516.0,25,23418.0,30,interpolated
20325,headlight_all_leds,4,55,20322.0,3.0,20322.0,55,22187.0,60,interpolated
20350,formation_8_highest_light,31,13,20357.0,7.0,15017.0,10,23917.0,15,interpolated
20375,formation_8_highest_light,13,28,20381.2,6.2,18199.0,25,21836.0,30,interpolated
20400,headlight_all_leds,17,13,20405.8,5.8,15430.0,10,23723.0,15,interpolated
20425,headlight_all_leds,17,13,20405.8,19.2,15430.0,10,23723.0,15,interpolated
20450,formation_8_highest_light,4,92,20457.8,7.8,20013.0,90,21125.0,95,interpolated
20475,formation_8_highest_light,5,73,20480.6,5.6,19637.0,70,21043.0,75,interpolated
20500,formation_8_highest_light,43,11,20499.2,0.8,18176.0,10,29792.0,15,interpolated
20525,formation_8_highest_light,43,11,20499.2,25.8,18176.0,10,29792.0,15,interpolated
20550,headlight_all_leds,5,44,20567.2,17.2,18704.0,40,21033.0,45,interpolated
20575,formation_8_highest_light,12,30,20571.0,4.0,20571.0,30,24019.0,35,interpolated
20600,formation_8_highest_light,10,36,20593.2,6.8,20013.0,35,22914.0,40,interpolated
20625,headlight_all_leds,21,11,20637.2,12.2,18571.0,10,28902.0,15,interpolated
20650,formation_8_highest_light,7,52,20645.6,4.4,19844.0,50,21848.0,55,interpolated
20675,headlight_all_leds,12,18,20674.8,0.2,17175.0,15,23008.0,20,interpolated
20700,headlight_all_leds,9,24,20697.4,2.6,17223.0,20,21566.0,25,interpolated
20725,formation_8_highest_light,26,15,20723.0,2.0,20723.0,15,27969.0,20,interpolated
20750,formation_8_highest_light,44,11,20757.2,7.2,18391.0,10,30222.0,15,interpolated
20775,formation_8_highest_light,21,18,20776.8,1.8,17184.0,15,23172.0,20,interpolated
20800,formation_8_highest_light,17,22,20810.2,10.2,18907.0,20,23665.0,25,interpolated
20825,formation_8_highest_light,17,22,20810.2,14.8,18907.0,20,23665.0,25,interpolated
20850,formation_8_highest_light,32,13,20849.2,0.8,15349.0,10,24516.0,15,interpolated
20875,headlight_all_leds,16,14,20887.8,12.8,14643.0,10,22449.0,15,interpolated
20900,formation_8_highest_light,4,94,20902.6,2.6,20013.0,90,21125.0,95,interpolated
20925,headlight_all_leds,6,37,20929.6,4.6,19794.0,35,22633.0,40,interpolated
20950,headlight_all_leds,14,16,20951.8,1.8,19633.0,15,26227.0,20,interpolated
20975,formation_8_highest_light,20,19,20978.6,3.6,16437.0,15,22114.0,20,interpolated
21000,formation_8_highest_light,45,11,21000.0,0.0,18597.0,10,30612.0,15,interpolated
21025,formation_8_highest_light,8,46,21032.6,7.6,20570.0,45,22883.0,50,interpolated
21050,formation_8_highest_light,7,53,21046.4,3.6,19844.0,50,21848.0,55,interpolated
21075,headlight_all_leds,11,20,21075.0,0.0,15754.0,15,21075.0,20,interpolated
21100,formation_8_highest_light,9,41,21104.6,4.6,20583.0,40,23191.0,45,interpolated
21125,formation_8_highest_light,4,95,21125.0,0.0,20013.0,90,21125.0,95,interpolated
21150,formation_8_highest_light,10,37,21173.4,23.4,20013.0,35,22914.0,40,interpolated
21175,formation_8_highest_light,10,37,21173.4,1.6,20013.0,35,22914.0,40,interpolated
21200,formation_8_highest_light,10,37,21173.4,26.6,20013.0,35,22914.0,40,interpolated
21225,formation_8_highest_light,46,11,21228.2,3.2,18790.0,10,30981.0,15,interpolated
21250,formation_8_highest_light,23,17,21249.2,0.8,18626.0,15,25184.0,20,interpolated
21275,formation_8_highest_light,33,13,21261.2,13.8,15623.0,10,25020.0,15,interpolated
21300,formation_8_highest_light,5,76,21329.2,29.2,21043.0,75,22474.0,80,interpolated
21325,formation_8_highest_light,5,76,21329.2,4.2,21043.0,75,22474.0,80,interpolated
21350,formation_8_highest_light,6,63,21352.0,2.0,20320.0,60,22040.0,65,interpolated
21375,formation_8_highest_light,4,96,21353.0,22.0,21125.0,95,22265.0,100,interpolated
21400,formation_8_highest_light,27,15,21398.0,2.0,21398.0,15,28933.0,20,interpolated
21425,headlight_all_leds,8,28,21434.4,9.4,19125.0,25,22974.0,30,interpolated
21450,headlight_all_leds,22,11,21449.8,0.2,19281.0,10,30125.0,15,interpolated
21475,formation_8_highest_light,16,24,21466.2,8.8,17875.0,20,22364.0,25,interpolated
21500,headlight_all_leds,6,38,21497.4,2.6,19794.0,35,22633.0,40,interpolated
21525,headlight_all_leds,5,46,21503.0,22.0,21033.0,45,23383.0,50,interpolated
21550,headlight_all_leds,18,13,21547.0,3.0,16258.0,10,25073.0,15,interpolated
21575,formation_8_highest_light,30,14,21570.0,5.0,14674.0,10,23294.0,15,interpolated
21600,formation_8_highest_light,39,12,21595.4,4.6,17271.0,10,28082.0,15,interpolated
21625,formation_8_highest_light,9,42,21626.2,1.2,20583.0,40,23191.0,45,interpolated
21650,formation_8_highest_light,22,18,21644.8,5.2,17887.0,15,24150.0,20,interpolated
21675,formation_8_highest_light,6,64,21696.0,21.0,20320.0,60,22040.0,65,interpolated
21700,formation_8_highest_light,6,64,21696.0,4.0,20320.0,60,22040.0,65,interpolated
21725,headlight_all_leds,20,12,21726.8,1.8,17798.0,10,27620.0,15,interpolated
21750,formation_8_highest_light,10,38,21753.6,3.6,20013.0,35,22914.0,40,interpolated
21775,formation_8_highest_light,15,26,21777.0,2.0,20938.0,25,25133.0,30,interpolated
21800,formation_8_highest_light,4,98,21809.0,9.0,21125.0,95,22265.0,100,interpolated
21825,formation_8_highest_light,13,30,21836.0,11.0,18199.0,25,21836.0,30,interpolated
21850,formation_8_highest_light,7,55,21848.0,2.0,21848.0,55,23838.0,60,interpolated
21875,formation_8_highest_light,14,28,21857.2,17.8,19516.0,25,23418.0,30,interpolated
21900,formation_8_highest_light,5,78,21901.6,1.6,21043.0,75,22474.0,80,interpolated
21925,formation_8_highest_light,40,12,21933.6,8.6,17520.0,10,28554.0,15,interpolated
21950,formation_8_highest_light,12,32,21950.2,0.2,20571.0,30,24019.0,35,interpolated
21975,formation_8_highest_light,21,19,21974.4,0.6,17184.0,15,23172.0,20,interpolated
22000,formation_8_highest_light,28,15,21996.0,4.0,21996.0,15,29757.0,20,interpolated
22025,formation_8_highest_light,24,17,22025.8,0.8,19303.0,15,26110.0,20,interpolated
22050,headlight_all_leds,10,23,22056.0,6.0,19158.0,20,23988.0,25,interpolated
22075,formation_8_highest_light,19,21,22073.8,1.2,21016.0,20,26305.0,25,interpolated
22100,formation_8_highest_light,20,20,22114.0,14.0,16437.0,15,22114.0,20,interpolated
22125,headlight_all_leds,11,21,22134.4,9.4,21075.0,20,26372.0,25,interpolated
22150,formation_8_highest_light,9,43,22147.8,2.2,20583.0,40,23191.0,45,interpolated
22175,formation_8_highest_light,26,16,22172.2,2.8,20723.0,15,27969.0,20,interpolated
22200,headlight_all_leds,8,29,22204.2,4.2,19125.0,25,22974.0,30,interpolated
22225,headlight_all_leds,8,29,22204.2,20.8,19125.0,25,22974.0,30,interpolated
22250,formation_8_highest_light,41,12,22250.4,0.4,17754.0,10,28995.0,15,interpolated
22275,headlight_all_leds,14,17,22270.6,4.4,19633.0,15,26227.0,20,interpolated
22300,headlight_all_leds,23,11,22291.0,9.0,20020.0,10,31375.0,15,interpolated
22325,formation_8_highest_light,10,39,22333.8,8.8,20013.0,35,22914.0,40,interpolated
22350,formation_8_highest_light,16,25,22364.0,14.0,17875.0,20,22364.0,25,interpolated
22375,formation_8_highest_light,6,66,22381.4,6.4,22040.0,65,23747.0,70,interpolated
22400,formation_8_highest_light,6,66,22381.4,18.6,22040.0,65,23747.0,70,interpolated
22425,headlight_all_leds,9,26,22425.2,0.2,21566.0,25,25862.0,30,interpolated
22450,headlight_all_leds,16,15,22449.0,1.0,22449.0,15,30026.0,20,interpolated
22475,formation_8_highest_light,5,80,22474.0,1.0,22474.0,80,23888.0,85,interpolated
22500,formation_8_highest_light,5,80,22474.0,26.0,22474.0,80,23888.0,85,interpolated
22525,headlight_all_leds,4,61,22555.2,30.2,22187.0,60,24028.0,65,interpolated
22550,headlight_all_leds,4,61,22555.2,5.2,22187.0,60,24028.0,65,interpolated
22575,headlight_all_leds,7,34,22571.8,3.2,19919.0,30,23235.0,35,interpolated
22600,formation_8_highest_light,36,13,22597.4,2.6,16517.0,10,26651.0,15,interpolated
22625,headlight_all_leds,6,40,22633.0,8.0,19794.0,35,22633.0,40,interpolated
22650,formation_8_highest_light,29,15,22652.0,2.0,14315.0,10,22652.0,15,interpolated
22675,formation_8_highest_light,9,44,22669.4,5.6,20583.0,40,23191.0,45,interpolated
22700,headlight_all_leds,21,12,22703.4,3.4,18571.0,10,28902.0,15,interpolated
22725,formation_8_highest_light,6,67,22722.8,2.2,22040.0,65,23747.0,70,interpolated
22750,formation_8_highest_light,5,81,22756.8,6.8,22474.0,80,23888.0,85,interpolated
22775,formation_8_highest_light,5,81,22756.8,18.2,22474.0,80,23888.0,85,interpolated
22800,formation_8_highest_light,25,17,22803.6,3.6,20024.0,15,26973.0,20,interpolated
22825,formation_8_highest_light,43,12,22822.4,2.6,18176.0,10,29792.0,15,interpolated
22850,formation_8_highest_light,43,12,22822.4,27.6,18176.0,10,29792.0,15,interpolated
22875,formation_8_highest_light,8,50,22883.0,8.0,20570.0,45,22883.0,50,interpolated
22900,formation_8_highest_light,22,19,22897.4,2.6,17887.0,15,24150.0,20,interpolated
22925,headlight_all_leds,4,62,22923.4,1.6,22187.0,60,24028.0,65,interpolated
22950,headlight_all_leds,27,10,22934.0,16.0,22934.0,10,36038.0,15,interpolated
22975,headlight_all_leds,8,30,22974.0,1.0,22974.0,30,26762.0,35,interpolated
23000,headlight_all_leds,12,20,23008.0,8.0,17175.0,15,23008.0,20,interpolated
23025,headlight_all_leds,10,24,23022.0,3.0,19158.0,20,23988.0,25,interpolated
23050,formation_8_highest_light,7,58,23042.0,8.0,21848.0,55,23838.0,60,interpolated
23075,formation_8_highest_light,6,68,23064.2,10.8,22040.0,65,23747.0,70,interpolated
23100,formation_8_highest_light,44,12,23123.4,23.4,18391.0,10,30222.0,15,interpolated
23125,formation_8_highest_light,44,12,23123.4,1.6,18391.0,10,30222.0,15,interpolated
23150,formation_8_highest_light,33,14,23140.6,9.4,15623.0,10,25020.0,15,interpolated
23175,formation_8_highest_light,21,20,23172.0,3.0,23172.0,20,29016.0,25,interpolated
23200,headlight_all_leds,6,41,23197.8,2.2,22633.0,40,25457.0,45,interpolated
23225,formation_8_highest_light,20,21,23226.0,1.0,22114.0,20,27674.0,25,interpolated
23250,formation_8_highest_light,16,26,23251.0,1.0,22364.0,25,26799.0,30,interpolated
23275,formation_8_highest_light,13,32,23280.8,5.8,21836.0,30,25448.0,35,interpolated
23300,formation_8_highest_light,11,37,23296.0,4.0,22030.0,35,25195.0,40,interpolated
23325,formation_8_highest_light,5,83,23322.4,2.6,22474.0,80,23888.0,85,interpolated
23350,formation_8_highest_light,8,51,23339.4,10.6,22883.0,50,25165.0,55,interpolated
23375,formation_8_highest_light,38,13,23371.0,4.0,17026.0,10,27601.0,15,interpolated
23400,formation_8_highest_light,45,12,23403.0,3.0,18597.0,10,30612.0,15,interpolated
23425,formation_8_highest_light,14,30,23418.0,7.0,23418.0,30,27274.0,35,interpolated
23450,formation_8_highest_light,15,28,23455.0,5.0,20938.0,25,25133.0,30,interpolated
23475,formation_8_highest_light,10,41,23484.4,9.4,22914.0,40,25766.0,45,interpolated
23500,headlight_all_leds,28,10,23492.0,8.0,23492.0,10,37011.0,15,interpolated
23525,formation_8_highest_light,28,16,23548.2,23.2,21996.0,15,29757.0,20,interpolated
23550,formation_8_highest_light,28,16,23548.2,1.8,21996.0,15,29757.0,20,interpolated
23575,headlight_all_leds,14,18,23589.4,14.4,19633.0,15,26227.0,20,interpolated
23600,formation_8_highest_light,5,84,23605.2,5.2,22474.0,80,23888.0,85,interpolated
23625,formation_8_highest_light,26,17,23621.4,3.6,20723.0,15,27969.0,20,interpolated
23650,formation_8_highest_light,34,14,23659.2,9.2,15936.0,10,25590.0,15,interpolated
23675,formation_8_highest_light,46,12,23666.4,8.6,18790.0,10,30981.0,15,interpolated
23700,formation_8_highest_light,9,46,23702.6,2.6,23191.0,45,25749.0,50,interpolated
23725,headlight_all_leds,17,15,23723.0,2.0,23723.0,15,31794.0,20,interpolated
23750,formation_8_highest_light,6,70,23747.0,3.0,23747.0,70,25448.0,75,interpolated
23775,headlight_all_leds,6,42,23762.6,12.4,22633.0,40,25457.0,45,interpolated
23800,formation_8_highest_light,8,52,23795.8,4.2,22883.0,50,25165.0,55,interpolated
23825,formation_8_highest_light,7,60,23838.0,13.0,21848.0,55,23838.0,60,interpolated
23850,headlight_all_leds,5,51,23848.4,1.6,23383.0,50,25710.0,55,interpolated
23875,formation_8_highest_light,23,19,23872.4,2.6,18626.0,15,25184.0,20,interpolated
23900,headlight_all_leds,7,36,23894.2,5.8,23235.0,35,26531.0,40,interpolated
23925,formation_8_highest_light,47,12,23926.4,1.4,18982.0,10,31343.0,15,interpolated
23950,headlight_all_leds,16,16,23964.4,14.4,22449.0,15,30026.0,20,interpolated
23975,headlight_all_leds,16,16,23964.4,10.6,22449.0,15,30026.0,20,interpolated
24000,formation_8_highest_light,13,33,24003.2,3.2,21836.0,30,25448.0,35,interpolated
24025,headlight_all_leds,4,65,24028.0,3.0,22187.0,60,24028.0,65,interpolated
24050,formation_8_highest_light,10,42,24054.8,4.8,22914.0,40,25766.0,45,interpolated
24075,formation_8_highest_light,6,71,24087.2,12.2,23747.0,70,25448.0,75,interpolated
24100,formation_8_highest_light,6,71,24087.2,12.8,23747.0,70,25448.0,75,interpolated
24125,headlight_all_leds,29,10,24116.0,9.0,24116.0,10,38126.0,15,interpolated
24150,formation_8_highest_light,22,20,24150.0,0.0,17887.0,15,24150.0,20,interpolated
24175,formation_8_highest_light,5,86,24170.4,4.6,23888.0,85,25300.0,90,interpolated
24200,formation_8_highest_light,25,18,24193.4,6.6,20024.0,15,26973.0,20,interpolated
24225,formation_8_highest_light,7,61,24231.4,6.4,23838.0,60,25805.0,65,interpolated
24250,formation_8_highest_light,8,53,24252.2,2.2,22883.0,50,25165.0,55,interpolated
24275,formation_8_highest_light,29,16,24267.4,7.6,22652.0,15,30729.0,20,interpolated
24300,formation_8_highest_light,15,29,24294.0,6.0,20938.0,25,25133.0,30,interpolated
24325,headlight_all_leds,6,43,24327.4,2.4,22633.0,40,25457.0,45,interpolated
24350,formation_8_highest_light,21,21,24340.8,9.2,23172.0,20,29016.0,25,interpolated
24375,formation_8_highest_light,49,12,24378.4,3.4,19316.0,10,31972.0,15,interpolated
24400,headlight_all_leds,4,66,24392.2,7.8,24028.0,65,25849.0,70,interpolated
24425,formation_8_highest_light,6,72,24427.4,2.4,23747.0,70,25448.0,75,interpolated
24450,formation_8_highest_light,5,87,24452.8,2.8,23888.0,85,25300.0,90,interpolated
24475,headlight_all_leds,13,20,24484.0,9.0,18326.0,15,24484.0,20,interpolated
24500,formation_8_highest_light,41,13,24498.6,1.4,17754.0,10,28995.0,15,interpolated
24525,formation_8_highest_light,32,15,24516.0,9.0,24516.0,15,33440.0,20,interpolated
24550,headlight_all_leds,7,37,24553.4,3.4,23235.0,35,26531.0,40,interpolated
24575,formation_8_highest_light,11,39,24562.0,13.0,22030.0,35,25195.0,40,interpolated
24600,formation_8_highest_light,17,26,24604.8,4.8,23665.0,25,28364.0,30,interpolated
24625,formation_8_highest_light,7,62,24624.8,0.2,23838.0,60,25805.0,65,interpolated
24650,formation_8_highest_light,10,43,24625.2,24.8,22914.0,40,25766.0,45,interpolated
24675,formation_8_highest_light,12,36,24703.2,28.2,24019.0,35,27440.0,40,interpolated
24700,formation_8_highest_light,12,36,24703.2,3.2,24019.0,35,27440.0,40,interpolated
24725,formation_8_highest_light,13,34,24725.6,0.6,21836.0,30,25448.0,35,interpolated
24750,formation_8_highest_light,24,19,24748.6,1.4,19303.0,15,26110.0,20,interpolated
24775,headlight_all_leds,5,53,24779.2,4.2,23383.0,50,25710.0,55,interpolated
24800,headlight_all_leds,26,11,24805.0,5.0,22283.0,10,34893.0,15,interpolated
24825,headlight_all_leds,26,11,24805.0,20.0,22283.0,10,34893.0,15,interpolated
24850,formation_8_highest_light,42,13,24851.6,1.6,17984.0,10,29430.0,15,interpolated
24875,formation_8_highest_light,50,12,24866.2,8.8,19709.0,10,32602.0,15,interpolated
24900,headlight_all_leds,6,44,24892.2,7.8,22633.0,40,25457.0,45,interpolated
24925,headlight_all_leds,14,19,24908.2,16.8,19633.0,15,26227.0,20,interpolated
24950,headlight_all_leds,10,26,24945.6,4.4,23988.0,25,28776.0,30,interpolated
24975,formation_8_highest_light,30,16,24966.8,8.2,23294.0,15,31658.0,20,interpolated
25000,headlight_all_leds,9,29,25002.8,2.8,21566.0,25,25862.0,30,interpolated
25100,formation_8_highest_light,28,17,25100.4,0.4,21996.0,15,29757.0,20,interpolated
25200,formation_8_highest_light,10,44,25195.6,4.4,22914.0,40,25766.0,45,interpolated
25300,formation_8_highest_light,5,90,25300.0,0.0,23888.0,85,25300.0,90,interpolated
25400,formation_8_highest_light,7,64,25411.6,11.6,23838.0,60,25805.0,65,interpolated
25500,formation_8_highest_light,21,22,25509.6,9.6,23172.0,20,29016.0,25,interpolated
25600,formation_8_highest_light,34,15,25590.0,10.0,25590.0,15,34987.0,20,interpolated
25700,headlight_all_leds,13,21,25700.0,0.0,24484.0,20,30564.0,25,interpolated
25800,formation_8_highest_light,7,65,25805.0,5.0,23838.0,60,25805.0,65,interpolated
25900,headlight_all_leds,10,27,25903.2,3.2,23988.0,25,28776.0,30,interpolated
26000,headlight_all_leds,8,34,26004.4,4.4,22974.0,30,26762.0,35,interpolated
26100,formation_8_highest_light,46,13,26104.6,4.6,18790.0,10,30981.0,15,interpolated
26200,headlight_all_leds,28,11,26195.8,4.2,23492.0,10,37011.0,15,interpolated
26300,formation_8_highest_light,32,16,26300.8,0.8,24516.0,15,33440.0,20,interpolated
26400,formation_8_highest_light,47,13,26398.6,1.4,18982.0,10,31343.0,15,interpolated
26500,formation_8_highest_light,14,34,26502.8,2.8,23418.0,30,27274.0,35,interpolated
26600,formation_8_highest_light,7,67,26605.0,5.0,25805.0,65,27805.0,70,interpolated
26700,formation_8_highest_light,5,95,26680.0,20.0,26680.0,95,28094.0,100,interpolated
26800,formation_8_highest_light,16,30,26799.0,1.0,26799.0,30,31273.0,35,interpolated
26900,formation_8_highest_light,13,37,26894.4,5.6,25448.0,35,29064.0,40,interpolated
27000,headlight_all_leds,16,18,26995.2,4.8,22449.0,15,30026.0,20,interpolated
27100,headlight_all_leds,5,58,27095.4,4.6,25710.0,55,28019.0,60,interpolated
27200,headlight_all_leds,7,41,27193.0,7.0,26531.0,40,29841.0,45,interpolated
27300,formation_8_highest_light,9,53,27287.4,12.6,25749.0,50,28313.0,55,interpolated
27400,formation_8_highest_light,7,69,27405.0,5.0,25805.0,65,27805.0,70,interpolated
27500,formation_8_highest_light,29,18,27498.2,1.8,22652.0,15,30729.0,20,interpolated
27600,formation_8_highest_light,38,15,27601.0,1.0,17026.0,10,27601.0,15,interpolated
27700,formation_8_highest_light,11,44,27703.8,3.8,25195.0,40,28331.0,45,interpolated
27800,formation_8_highest_light,9,54,27800.2,0.2,25749.0,50,28313.0,55,interpolated
27900,formation_8_highest_light,8,61,27892.6,7.4,27434.0,60,29727.0,65,interpolated
28000,headlight_all_leds,5,60,28019.0,19.0,25710.0,55,28019.0,60,interpolated
28100,headlight_all_leds,19,16,28102.2,2.2,26297.0,15,35323.0,20,interpolated
28200,formation_8_highest_light,7,71,28202.4,2.4,27805.0,70,29792.0,75,interpolated
28300,headlight_all_leds,8,37,28303.6,3.6,26762.0,35,30616.0,40,interpolated
28400,headlight_all_leds,4,77,28419.0,19.0,27683.0,75,29523.0,80,interpolated
28500,headlight_all_leds,18,17,28501.0,1.0,25073.0,15,33643.0,20,interpolated
28600,formation_8_highest_light,7,72,28599.8,0.2,27805.0,70,29792.0,75,interpolated
28700,formation_8_highest_light,33,17,28684.0,16.0,25020.0,15,34180.0,20,interpolated
28800,formation_8_highest_light,24,22,28794.8,5.2,26110.0,20,32822.0,25,interpolated
28900,headlight_all_leds,28,12,28899.6,0.4,23492.0,10,37011.0,15,interpolated
29000,formation_8_highest_light,7,73,28997.2,2.8,27805.0,70,29792.0,75,interpolated
29100,headlight_all_leds,23,14,29104.0,4.0,20020.0,10,31375.0,15,interpolated
29200,formation_8_highest_light,10,51,29206.0,6.0,28628.0,50,31518.0,55,interpolated
29300,formation_8_highest_light,17,31,29311.6,11.6,28364.0,30,33102.0,35,interpolated
29400,formation_8_highest_light,7,74,29394.6,5.4,27805.0,70,29792.0,75,interpolated
29500,formation_8_highest_light,19,28,29486.8,13.2,26305.0,25,31608.0,30,interpolated
29600,formation_8_highest_light,11,47,29605.0,5.0,28331.0,45,31516.0,50,interpolated
29700,formation_8_highest_light,25,22,29706.6,6.6,26973.0,20,33807.0,25,interpolated
29800,formation_8_highest_light,13,41,29797.0,3.0,29064.0,40,32729.0,45,interpolated
29900,headlight_all_leds,4,81,29897.0,3.0,29523.0,80,31393.0,85,interpolated
30000,formation_8_highest_light,35,17,29996.2,3.8,26121.0,15,35809.0,20,interpolated
30100,formation_8_highest_light,15,36,30115.8,15.8,29273.0,35,33487.0,40,interpolated
30200,formation_8_highest_light,7,76,30197.0,3.0,29792.0,75,31817.0,80,interpolated
30300,formation_8_highest_light,22,25,30292.0,8.0,30292.0,25,36352.0,30,interpolated
30400,formation_8_highest_light,27,21,30403.2,3.2,28933.0,20,36284.0,25,interpolated
30500,headlight_all_leds,7,46,30506.8,6.8,29841.0,45,33170.0,50,interpolated
30600,formation_8_highest_light,7,77,30602.0,2.0,29792.0,75,31817.0,80,interpolated
30700,headlight_all_leds,10,32,30694.8,5.2,28776.0,30,33573.0,35,interpolated
30800,formation_8_highest_light,26,22,30800.6,0.6,27969.0,20,35048.0,25,interpolated
30900,formation_8_highest_light,6,91,30905.0,5.0,30565.0,90,32265.0,95,interpolated
31000,formation_8_highest_light,7,78,31007.0,7.0,29792.0,75,31817.0,80,interpolated
31100,headlight_all_leds,6,55,31083.0,17.0,31083.0,55,33907.0,60,interpolated
31200,formation_8_highest_light,14,40,31206.0,6.0,27274.0,35,31206.0,40,interpolated
31300,headlight_all_leds,5,67,31308.6,8.6,30377.0,65,32706.0,70,interpolated
31400,headlight_all_leds,4,85,31393.0,7.0,31393.0,85,33233.0,90,interpolated
31500,formation_8_highest_light,22,26,31504.0,4.0,30292.0,25,36352.0,30,interpolated
31600,headlight_all_leds,28,13,31603.4,3.4,23492.0,10,37011.0,15,interpolated
31700,formation_8_highest_light,42,16,31702.6,2.6,29430.0,15,40793.0,20,interpolated
31800,formation_8_highest_light,15,38,31801.4,1.4,29273.0,35,33487.0,40,interpolated
31900,headlight_all_leds,9,37,31896.2,3.8,30187.0,35,34460.0,40,interpolated
32000,headlight_all_leds,32,12,31997.2,2.8,25816.0,10,41269.0,15,interpolated
32100,formation_8_highest_light,43,16,32100.8,0.8,29792.0,15,41336.0,20,interpolated
32200,headlight_all_leds,6,57,32212.6,12.6,31083.0,55,33907.0,60,interpolated
32300,formation_8_highest_light,29,21,32298.6,1.4,30729.0,20,38577.0,25,interpolated
32400,headlight_all_leds,26,14,32371.0,29.0,22283.0,10,34893.0,15,interpolated
32500,headlight_all_leds,4,88,32497.0,3.0,31393.0,85,33233.0,90,interpolated
32600,formation_8_highest_light,50,15,32602.0,2.0,19709.0,10,32602.0,15,interpolated
32700,headlight_all_leds,5,70,32706.0,6.0,30377.0,65,32706.0,70,interpolated
32800,formation_8_highest_light,28,22,32795.4,4.6,29757.0,20,37353.0,25,interpolated
32900,headlight_all_leds,8,43,32885.8,14.2,30616.0,40,34399.0,45,interpolated
33000,formation_8_highest_light,45,16,32996.0,4.0,30612.0,15,42532.0,20,interpolated
33100,formation_8_highest_light,17,35,33102.0,2.0,28364.0,30,33102.0,35,interpolated
33200,headlight_all_leds,7,50,33170.0,30.0,33170.0,50,36431.0,55,interpolated
33300,formation_8_highest_light,30,21,33289.6,10.4,31658.0,20,39816.0,25,interpolated
33400,formation_8_highest_light,46,16,33394.0,6.0,30981.0,15,43046.0,20,interpolated
33500,formation_8_highest_light,9,65,33508.0,8.0,30928.0,60,33508.0,65,interpolated
33600,headlight_all_leds,9,39,33605.4,5.4,30187.0,35,34460.0,40,interpolated
33700,formation_8_highest_light,19,32,33690.0,10.0,31608.0,30,36813.0,35,interpolated
33800,formation_8_highest_light,25,25,33807.0,7.0,26973.0,20,33807.0,25,interpolated
33900,headlight_all_leds,6,60,33907.0,7.0,31083.0,55,33907.0,60,interpolated
34000,formation_8_highest_light,11,54,34004.0,4.0,31516.0,50,34626.0,55,interpolated
34100,headlight_all_leds,14,26,34091.2,8.8,32789.0,25,39300.0,30,interpolated
34200,headlight_all_leds,13,28,34188.0,12.0,30564.0,25,36604.0,30,interpolated
34300,formation_8_highest_light,14,44,34298.8,1.2,31206.0,40,35072.0,45,interpolated
34400,headlight_all_leds,8,45,34399.0,1.0,34399.0,45,38205.0,50,interpolated
34500,formation_8_highest_light,39,18,34496.6,3.4,28082.0,15,38773.0,20,interpolated
34600,formation_8_highest_light,7,87,34606.2,6.2,33821.0,85,35784.0,90,interpolated
34700,headlight_all_leds,4,94,34672.2,27.8,33233.0,90,35032.0,95,interpolated
34800,formation_8_highest_light,8,76,34799.2,0.8,34345.0,75,36616.0,80,interpolated
34900,headlight_all_leds,26,15,34893.0,7.0,34893.0,15,47088.0,20,interpolated
35000,formation_8_highest_light,7,88,34998.8,1.2,33821.0,85,35784.0,90,interpolated
35100,formation_8_highest_light,40,18,35103.6,3.6,28554.0,15,39470.0,20,interpolated
35200,formation_8_highest_light,32,21,35182.4,17.6,33440.0,20,42152.0,25,interpolated
35300,headlight_all_leds,37,12,35307.8,7.8,28275.0,10,45857.0,15,interpolated
35400,headlight_all_leds,4,96,35399.6,0.4,35032.0,95,36870.0,100,interpolated
35500,formation_8_highest_light,10,62,35520.2,20.2,34383.0,60,37226.0,65,interpolated
35600,formation_8_highest_light,13,49,35604.2,4.2,32729.0,45,36323.0,50,interpolated
35700,formation_8_highest_light,8,78,35707.6,7.6,34345.0,75,36616.0,80,interpolated
35800,formation_8_highest_light,46,17,35807.0,7.0,30981.0,15,43046.0,20,interpolated
35900,formation_8_highest_light,11,57,35886.0,14.0,34626.0,55,37776.0,60,interpolated
36000,formation_8_highest_light,21,31,36008.0,8.0,34842.0,30,40672.0,35,interpolated
36100,formation_8_highest_light,10,63,36088.8,11.2,34383.0,60,37226.0,65,interpolated
36200,headlight_all_leds,9,42,36193.6,6.4,34460.0,40,38794.0,45,interpolated
36300,formation_8_highest_light,27,25,36284.0,16.0,36284.0,25,43563.0,30,interpolated
36400,headlight_all_leds,5,78,36390.6,9.4,34995.0,75,37321.0,80,interpolated
36500,formation_8_highest_light,25,27,36500.6,0.6,33807.0,25,40541.0,30,interpolated
36600,formation_8_highest_light,36,20,36598.0,2.0,36598.0,20,46338.0,25,interpolated
36700,headlight_all_leds,6,65,36696.0,4.0,36696.0,65,39542.0,70,interpolated
36800,formation_8_highest_light,24,28,36799.4,0.6,32822.0,25,39451.0,30,interpolated
36900,headlight_all_leds,11,35,36900.0,0.0,31682.0,30,36900.0,35,interpolated
37000,headlight_all_leds,40,12,36995.2,4.8,29520.0,10,48208.0,15,interpolated
37100,formation_8_highest_light,9,72,37100.4,0.4,36070.0,70,38646.0,75,interpolated
37200,formation_8_highest_light,10,65,37226.0,26.0,34383.0,60,37226.0,65,interpolated
37300,formation_8_highest_light,40,19,37286.8,13.2,28554.0,15,39470.0,20,interpolated
37400,headlight_all_leds,10,39,37382.6,17.4,33573.0,35,38335.0,40,interpolated
37500,formation_8_highest_light,16,42,37511.6,11.6,35712.0,40,40211.0,45,interpolated
37600,formation_8_highest_light,9,73,37615.6,15.6,36070.0,70,38646.0,75,interpolated
37700,formation_8_highest_light,50,17,37698.0,2.0,32602.0,15,45342.0,20,interpolated
37800,formation_8_highest_light,17,40,37798.0,2.0,37798.0,40,42560.0,45,interpolated
37900,formation_8_highest_light,41,19,37911.8,11.8,28995.0,15,40141.0,20,interpolated
38000,headlight_all_leds,14,29,37997.8,2.2,32789.0,25,39300.0,30,interpolated
38100,headlight_all_leds,36,13,38103.2,3.2,27803.0,10,44970.0,15,interpolated
38200,headlight_all_leds,8,50,38205.0,5.0,34399.0,45,38205.0,50,interpolated
38300,headlight_all_leds,5,82,38267.0,33.0,37321.0,80,39686.0,85,interpolated
38400,headlight_all_leds,6,68,38403.6,3.6,36696.0,65,39542.0,70,interpolated
38500,headlight_all_leds,43,12,38502.6,2.6,30633.0,10,50307.0,15,interpolated
38600,formation_8_highest_light,7,97,38584.8,15.2,37768.0,95,39810.0,100,interpolated
38700,headlight_all_leds,18,23,38704.6,4.6,33643.0,20,42079.0,25,interpolated
38800,headlight_all_leds,9,45,38794.0,6.0,38794.0,45,43048.0,50,interpolated
38900,headlight_all_leds,19,22,38874.2,25.8,35323.0,20,44201.0,25,interpolated
39000,formation_8_highest_light,14,50,39000.0,0.0,35072.0,45,39000.0,50,interpolated
39100,headlight_all_leds,7,59,39105.4,5.4,36431.0,55,39774.0,60,interpolated
39200,formation_8_highest_light,27,27,39195.6,4.4,36284.0,25,43563.0,30,interpolated
39300,headlight_all_leds,14,30,39300.0,0.0,32789.0,25,39300.0,30,interpolated
39400,formation_8_highest_light,7,99,39401.6,1.6,37768.0,95,39810.0,100,interpolated
39500,formation_8_highest_light,49,18,39503.8,3.8,31972.0,15,44525.0,20,interpolated
39600,formation_8_highest_light,44,19,39602.0,2.0,30222.0,15,41947.0,20,interpolated
39700,formation_8_highest_light,17,42,39702.8,2.8,37798.0,40,42560.0,45,interpolated
39800,formation_8_highest_light,7,100,39810.0,10.0,37768.0,95,39810.0,100,interpolated
39900,headlight_all_leds,46,12,39914.6,14.6,31669.0,10,52283.0,15,interpolated
40000,formation_8_highest_light,22,33,40000.0,0.0,36352.0,30,42432.0,35,interpolated
40100,headlight_all_leds,6,71,40103.6,3.6,39542.0,70,42350.0,75,interpolated
40200,formation_8_highest_light,16,45,40211.0,11.0,35712.0,40,40211.0,45,interpolated
40300,headlight_all_leds,12,35,40282.0,18.0,40282.0,35,46008.0,40,interpolated
40400,headlight_all_leds,18,24,40391.8,8.2,33643.0,20,42079.0,25,interpolated
40500,headlight_all_leds,9,47,40495.6,4.4,38794.0,45,43048.0,50,interpolated
40600,headlight_all_leds,14,31,40593.0,7.0,39300.0,30,45765.0,35,interpolated
40700,formation_8_highest_light,13,56,40696.6,3.4,39978.0,55,43571.0,60,interpolated
40800,formation_8_highest_light,42,20,40793.0,7.0,40793.0,20,51943.0,25,interpolated
40900,headlight_all_leds,20,22,40898.6,1.4,37141.0,20,46535.0,25,interpolated
41000,formation_8_highest_light,31,25,41004.0,4.0,32563.0,20,41004.0,25,interpolated
41100,formation_8_highest_light,16,46,41095.4,4.6,40211.0,45,44633.0,50,interpolated
41200,headlight_all_leds,10,43,41205.4,5.4,38335.0,40,43119.0,45,interpolated
41300,formation_8_highest_light,33,24,41306.4,6.4,34180.0,20,43088.0,25,interpolated
41400,formation_8_highest_light,13,57,41415.2,15.2,39978.0,55,43571.0,60,interpolated
41500,formation_8_highest_light,35,23,41498.8,1.2,35809.0,20,45292.0,25,interpolated
41600,formation_8_highest_light,11,66,41595.8,4.2,40970.0,65,44099.0,70,interpolated
41700,formation_8_highest_light,8,91,41700.0,0.0,41250.0,90,43500.0,95,interpolated
41800,headlight_all_leds,6,74,41788.4,11.6,39542.0,70,42350.0,75,interpolated
41900,formation_8_highest_light,12,61,41900.4,0.4,41219.0,60,44626.0,65,interpolated
42000,headlight_all_leds,5,90,42010.0,10.0,39686.0,85,42010.0,90,interpolated
42100,formation_8_highest_light,14,54,42101.6,1.6,39000.0,50,42877.0,55,interpolated
42200,headlight_all_leds,9,49,42197.2,2.8,38794.0,45,43048.0,50,interpolated
42300,formation_8_highest_light,9,82,42290.2,9.8,41269.0,80,43822.0,85,interpolated
42400,formation_8_highest_light,10,74,42404.2,4.2,40141.0,70,42970.0,75,interpolated
42500,headlight_all_leds,5,91,42470.4,29.6,42010.0,90,44312.0,95,interpolated
42600,formation_8_highest_light,8,93,42600.0,0.0,41250.0,90,43500.0,95,interpolated
42700,formation_8_highest_light,15,51,42680.4,19.6,41853.0,50,45990.0,55,interpolated
42800,formation_8_highest_light,9,83,42800.8,0.8,41269.0,80,43822.0,85,interpolated
42900,headlight_all_leds,21,22,42894.2,5.8,38961.0,20,48794.0,25,interpolated
43000,headlight_all_leds,38,14,43001.0,1.0,28657.0,10,46587.0,15,interpolated
43100,formation_8_highest_light,33,25,43088.0,12.0,43088.0,25,51949.0,30,interpolated
43200,formation_8_highest_light,25,32,43195.8,4.2,40541.0,30,47178.0,35,interpolated
43300,formation_8_highest_light,9,84,43311.4,11.4,41269.0,80,43822.0,85,interpolated
43400,formation_8_highest_light,35,24,43395.4,4.6,35809.0,20,45292.0,25,interpolated
43500,formation_8_highest_light,8,95,43500.0,0.0,41250.0,90,43500.0,95,interpolated
43600,formation_8_highest_light,43,21,43604.0,4.0,41336.0,20,52676.0,25,interpolated
43700,headlight_all_leds,7,66,43705.8,5.8,43040.0,65,46369.0,70,interpolated
43800,formation_8_highest_light,9,85,43822.0,22.0,41269.0,80,43822.0,85,interpolated
43900,headlight_all_leds,9,51,43908.4,8.4,43048.0,50,47350.0,55,interpolated
44000,formation_8_highest_light,48,20,44025.0,25.0,31636.0,15,44025.0,20,interpolated
44100,formation_8_highest_light,11,70,44099.0,1.0,44099.0,70,47263.0,75,interpolated
44200,headlight_all_leds,19,25,44201.0,1.0,35323.0,20,44201.0,25,interpolated
44300,formation_8_highest_light,13,61,44299.4,0.6,43571.0,60,47213.0,65,interpolated
44400,formation_8_highest_light,36,24,44390.0,10.0,36598.0,20,46338.0,25,interpolated
44500,headlight_all_leds,17,28,44494.0,6.0,39751.0,25,47656.0,30,interpolated
44600,headlight_all_leds,6,79,44586.0,14.0,42350.0,75,45145.0,80,interpolated
44700,formation_8_highest_light,10,78,44704.0,4.0,42970.0,75,45860.0,80,interpolated
44800,formation_8_highest_light,29,29,44806.6,6.6,38577.0,25,46364.0,30,interpolated
44900,formation_8_highest_light,8,98,44891.4,8.6,43500.0,95,45819.0,100,interpolated
45000,formation_8_highest_light,27,31,45008.0,8.0,43563.0,30,50788.0,35,interpolated
45100,headlight_all_leds,13,37,45090.8,9.2,42670.0,35,48722.0,40,interpolated
45200,formation_8_highest_light,14,58,45199.6,0.4,42877.0,55,46748.0,60,interpolated
45300,formation_8_highest_light,21,39,45303.2,3.2,40672.0,35,46461.0,40,interpolated
45400,formation_8_highest_light,20,41,45399.0,1.0,44290.0,40,49835.0,45,interpolated
45500,formation_8_highest_light,16,51,45523.6,23.6,44633.0,50,49086.0,55,interpolated
45600,formation_8_highest_light,32,27,45585.2,14.8,42152.0,25,50735.0,30,interpolated
45700,headlight_all_leds,7,69,45703.2,3.2,43040.0,65,46369.0,70,interpolated
45800,headlight_all_leds,42,14,45815.8,15.8,30307.0,10,49693.0,15,interpolated
45900,formation_8_highest_light,9,89,45904.4,4.4,43822.0,85,46425.0,90,interpolated
46000,formation_8_highest_light,24,35,45999.0,1.0,45999.0,35,52610.0,40,interpolated
46100,headlight_all_leds,31,17,46086.2,13.8,40245.0,15,54848.0,20,interpolated
46200,formation_8_highest_light,38,24,46202.0,2.0,38010.0,20,48250.0,25,interpolated
46300,headlight_all_leds,13,38,46301.2,1.2,42670.0,35,48722.0,40,interpolated
46400,headlight_all_leds,11,44,46405.4,5.4,42207.0,40,47455.0,45,interpolated
46500,formation_8_highest_light,20,42,46508.0,8.0,44290.0,40,49835.0,45,interpolated
46600,headlight_all_leds,8,61,46594.8,5.2,45832.0,60,49646.0,65,interpolated
46700,formation_8_highest_light,12,68,46702.0,2.0,44626.0,65,48086.0,70,interpolated
46800,headlight_all_leds,22,23,46787.6,12.4,40616.0,20,50902.0,25,interpolated
46900,formation_8_highest_light,9,91,46940.6,40.6,46425.0,90,49003.0,95,interpolated
47000,headlight_all_leds,44,14,46999.8,0.2,30987.0,10,51003.0,15,interpolated
47100,headlight_all_leds,26,20,47088.0,12.0,47088.0,20,59005.0,25,interpolated
47200,formation_8_highest_light,13,65,47213.0,13.0,43571.0,60,47213.0,65,interpolated
47300,formation_8_highest_light,32,28,47301.8,1.8,42152.0,25,50735.0,30,interpolated
47400,headlight_all_leds,6,84,47397.8,2.2,45145.0,80,47961.0,85,interpolated
47500,headlight_all_leds,28,19,47501.4,1.4,37011.0,15,50124.0,20,interpolated
47600,headlight_all_leds,45,14,47594.4,5.6,31344.0,10,51657.0,15,interpolated
47700,headlight_all_leds,25,21,47693.0,7.0,45404.0,20,56849.0,25,interpolated
47800,formation_8_highest_light,46,22,47809.6,9.6,43046.0,20,54955.0,25,interpolated
47900,formation_8_highest_light,27,33,47898.0,2.0,43563.0,30,50788.0,35,interpolated
48000,headlight_all_leds,16,32,47998.0,2.0,45024.0,30,52459.0,35,interpolated
48100,formation_8_highest_light,12,70,48086.0,14.0,48086.0,70,51524.0,75,interpolated
48200,formation_8_highest_light,16,54,48195.4,4.6,44633.0,50,49086.0,55,interpolated
48300,headlight_all_leds,12,42,48308.4,8.4,46008.0,40,51759.0,45,interpolated
48400,headlight_all_leds,20,26,48401.0,1.0,46535.0,25,55865.0,30,interpolated
48500,formation_8_highest_light,15,58,48501.6,1.6,45990.0,55,50176.0,60,interpolated
48600,formation_8_highest_light,24,37,48643.4,43.4,45999.0,35,52610.0,40,interpolated
48700,headlight_all_leds,47,14,48714.8,14.8,31990.0,10,52896.0,15,interpolated
48800,headlight_all_leds,21,25,48794.0,6.0,48794.0,25,58592.0,30,interpolated
48900,formation_8_highest_light,48,22,48890.6,9.4,44025.0,20,56189.0,25,interpolated
49000,formation_8_highest_light,9,95,49003.0,3.0,46425.0,90,49003.0,95,interpolated
49100,formation_8_highest_light,14,63,49092.2,7.8,46748.0,60,50655.0,65,interpolated
49200,formation_8_highest_light,39,25,49218.0,18.0,38773.0,20,49218.0,25,interpolated
49300,headlight_all_leds,37,16,49302.4,2.4,45857.0,15,63084.0,20,interpolated
49400,formation_8_highest_light,13,68,49404.8,4.8,47213.0,65,50866.0,70,interpolated
49500,headlight_all_leds,34,17,49495.0,5.0,43135.0,15,59035.0,20,interpolated
49600,formation_8_highest_light,45,23,49561.6,38.4,42532.0,20,54248.0,25,interpolated
49700,formation_8_highest_light,22,41,49703.0,3.0,48488.0,40,54563.0,45,interpolated
49800,formation_8_highest_light,11,79,49795.0,5.0,47263.0,75,50428.0,80,interpolated
49900,formation_8_highest_light,10,87,49897.4,2.6,48743.0,85,51629.0,90,interpolated
50000,headlight_all_leds,25,22,49982.0,18.0,45404.0,20,56849.0,25,interpolated
50100,headlight_all_leds,38,16,50102.8,2.8,46587.0,15,64166.0,20,interpolated
50200,formation_8_highest_light,46,23,50191.4,8.6,43046.0,20,54955.0,25,interpolated
50300,headlight_all_leds,43,15,50307.0,7.0,30633.0,10,50307.0,15,interpolated
50400,formation_8_highest_light,26,36,50399.8,0.2,49006.0,35,55975.0,40,interpolated
50500,headlight_all_leds,30,19,50496.4,3.6,39250.0,15,53308.0,20,interpolated
50600,headlight_all_leds,12,44,50608.8,8.8,46008.0,40,51759.0,45,interpolated
50700,headlight_all_leds,24,23,50685.8,14.2,43931.0,20,55189.0,25,interpolated
50800,headlight_all_leds,9,59,50794.8,5.2,47350.0,55,51656.0,60,interpolated
50900,headlight_all_leds,22,25,50902.0,2.0,40616.0,20,50902.0,25,interpolated
51000,formation_8_highest_light,29,33,50997.8,2.2,46364.0,30,54087.0,35,interpolated
51100,formation_8_highest_light,9,99,51088.6,11.4,49003.0,95,51610.0,100,interpolated
51200,headlight_all_leds,27,21,51199.6,0.4,48725.0,20,61098.0,25,interpolated
51300,headlight_all_leds,19,29,51306.6,6.6,44201.0,25,53083.0,30,interpolated
51400,headlight_all_leds,33,18,51407.0,7.0,42119.0,15,57599.0,20,interpolated
51500,formation_8_highest_light,34,29,51507.4,7.4,44205.0,25,53333.0,30,interpolated
51600,formation_8_highest_light,13,71,51592.6,7.4,50866.0,70,54499.0,75,interpolated
51700,formation_8_highest_light,11,82,51697.6,2.4,50428.0,80,53602.0,85,interpolated
51800,formation_8_highest_light,26,37,51793.6,6.4,49006.0,35,55975.0,40,interpolated
51900,headlight_all_leds,6,92,51899.0,1.0,50779.0,90,53579.0,95,interpolated
52000,formation_8_highest_light,18,52,52024.2,24.2,50029.0,50,55017.0,55,interpolated
52100,formation_8_highest_light,36,28,52114.8,14.8,46338.0,25,55966.0,30,interpolated
52200,formation_8_highest_light,10,91,52202.2,2.2,51629.0,90,54495.0,95,interpolated
52300,headlight_all_leds,7,79,52289.4,10.6,49651.0,75,52949.0,80,interpolated
52400,headlight_all_leds,17,33,52387.6,12.4,47656.0,30,55542.0,35,interpolated
52500,headlight_all_leds,9,61,52514.4,14.4,51656.0,60,55948.0,65,interpolated
52600,formation_8_highest_light,24,40,52610.0,10.0,45999.0,35,52610.0,40,interpolated
52700,headlight_all_leds,8,69,52692.4,7.6,49646.0,65,53454.0,70,interpolated
52800,formation_8_highest_light,35,29,52800.0,0.0,45292.0,25,54677.0,30,interpolated
52900,formation_8_highest_light,17,56,52903.8,3.8,51958.0,55,56687.0,60,interpolated
53000,formation_8_highest_light,14,68,53001.6,1.6,50655.0,65,54566.0,70,interpolated
53100,headlight_all_leds,19,30,53083.0,17.0,53083.0,30,61853.0,35,interpolated
53200,formation_8_highest_light,41,26,53208.2,8.2,51064.0,25,61785.0,30,interpolated
53300,formation_8_highest_light,37,28,53296.0,4.0,47383.0,25,57238.0,30,interpolated
53400,headlight_all_leds,48,15,53391.0,9.0,53391.0,15,74408.0,20,interpolated
53500,formation_8_highest_light,44,25,53490.0,10.0,53490.0,25,64785.0,30,interpolated
53600,formation_8_highest_light,11,85,53602.0,2.0,50428.0,80,53602.0,85,interpolated
53700,formation_8_highest_light,33,31,53691.2,8.8,51949.0,30,60660.0,35,interpolated
53800,formation_8_highest_light,28,36,53805.0,5.0,52314.0,35,59769.0,40,interpolated
53900,formation_8_highest_light,25,40,53891.0,9.0,53891.0,40,60566.0,45,interpolated
54000,headlight_all_leds,20,29,53999.0,1.0,46535.0,25,55865.0,30,interpolated
54100,formation_8_highest_light,29,35,54087.0,13.0,54087.0,35,61802.0,40,interpolated
54200,headlight_all_leds,43,16,54199.0,1.0,50307.0,15,69767.0,20,interpolated
54300,formation_8_highest_light,12,79,54284.8,15.2,51524.0,75,54975.0,80,interpolated
54400,headlight_all_leds,29,21,54377.6,22.4,51725.0,20,64988.0,25,interpolated
54500,formation_8_highest_light,13,75,54499.0,1.0,54499.0,75,58145.0,80,interpolated
54600,headlight_all_leds,10,57,54595.4,4.6,52681.0,55,57467.0,60,interpolated
54700,headlight_all_leds,6,97,54704.2,4.2,53579.0,95,56392.0,100,interpolated
54800,formation_8_highest_light,17,58,54795.4,4.6,51958.0,55,56687.0,60,interpolated
54900,formation_8_highest_light,43,26,54896.8,3.2,52676.0,25,63780.0,30,interpolated
55000,headlight_all_leds,22,27,54998.0,2.0,50902.0,25,61142.0,30,interpolated
55100,headlight_all_leds,9,64,55089.6,10.4,51656.0,60,55948.0,65,interpolated
55200,headlight_all_leds,12,48,55199.4,0.6,51759.0,45,57493.0,50,interpolated
55300,formation_8_highest_light,28,37,55296.0,4.0,52314.0,35,59769.0,40,interpolated
55400,formation_8_highest_light,39,28,55393.8,6.2,49218.0,25,59511.0,30,interpolated
55500,formation_8_highest_light,11,88,55504.0,4.0,53602.0,85,56772.0,90,interpolated
55600,headlight_all_leds,7,84,55593.8,6.2,52949.0,80,56255.0,85,interpolated
55700,formation_8_highest_light,23,44,55700.0,0.0,50628.0,40,56968.0,45,interpolated
55800,formation_8_highest_light,22,46,55772.2,27.8,54563.0,45,60609.0,50,interpolated
55900,formation_8_highest_light,31,34,55904.4,4.4,49318.0,30,57551.0,35,interpolated
56000,headlight_all_leds,13,46,55995.2,4.8,54787.0,45,60828.0,50,interpolated
56100,formation_8_highest_light,14,72,56124.4,24.4,54566.0,70,58462.0,75,interpolated
56200,headlight_all_leds,37,18,56193.2,6.8,45857.0,15,63084.0,20,interpolated
56300,formation_8_highest_light,38,29,56288.4,11.6,48250.0,25,58298.0,30,interpolated
56400,headlight_all_leds,46,16,56374.0,26.0,52283.0,15,72738.0,20,interpolated
56500,headlight_all_leds,10,59,56509.8,9.8,52681.0,55,57467.0,60,interpolated
56600,headlight_all_leds,19,32,56591.0,9.0,53083.0,30,61853.0,35,interpolated
56700,formation_8_highest_light,17,60,56687.0,13.0,56687.0,60,61419.0,65,interpolated
56800,formation_8_highest_light,10,99,56803.0,3.0,54495.0,95,57380.0,100,interpolated
56900,formation_8_highest_light,14,73,56903.6,3.6,54566.0,70,58462.0,75,interpolated
57000,formation_8_highest_light,18,57,57017.8,17.8,55017.0,55,60019.0,60,interpolated
57100,formation_8_highest_light,43,27,57117.6,17.6,52676.0,25,63780.0,30,interpolated
57200,headlight_all_leds,13,47,57203.4,3.4,54787.0,45,60828.0,50,interpolated
57300,formation_8_highest_light,46,26,57300.6,0.6,54955.0,25,66683.0,30,interpolated
57400,formation_8_highest_light,11,91,57401.6,1.6,56772.0,90,59920.0,95,interpolated
57500,formation_8_highest_light,41,28,57496.6,3.4,51064.0,25,61785.0,30,interpolated
57600,headlight_all_leds,33,20,57599.0,1.0,57599.0,20,72666.0,25,interpolated
57700,headlight_all_leds,31,21,57686.8,13.2,54848.0,20,69042.0,25,interpolated
57800,headlight_all_leds,28,23,57787.8,12.2,50124.0,20,62897.0,25,interpolated
57900,formation_8_highest_light,25,43,57896.0,4.0,53891.0,40,60566.0,45,interpolated
58000,headlight_all_leds,8,76,58000.2,0.2,57240.0,75,61041.0,80,interpolated
58100,headlight_all_leds,43,17,58091.0,9.0,50307.0,15,69767.0,20,interpolated
58200,formation_8_highest_light,22,48,58190.6,9.4,54563.0,45,60609.0,50,interpolated
58300,formation_8_highest_light,38,30,58298.0,2.0,58298.0,30,68269.0,35,interpolated
58400,headlight_all_leds,36,19,58405.2,5.2,44970.0,15,61764.0,20,interpolated
58500,formation_8_highest_light,42,28,58502.8,2.8,51943.0,25,62876.0,30,interpolated
58600,headlight_all_leds,21,30,58592.0,8.0,58592.0,30,68300.0,35,interpolated
58700,headlight_all_leds,17,37,58703.6,3.6,55542.0,35,63446.0,40,interpolated
58800,headlight_all_leds,30,22,58798.8,1.2,53308.0,20,67035.0,25,interpolated
58900,formation_8_highest_light,19,56,58906.2,6.2,57855.0,55,63111.0,60,interpolated
59000,headlight_all_leds,26,25,59005.0,5.0,47088.0,20,59005.0,25,interpolated
59100,headlight_all_leds,22,29,59094.0,6.0,50902.0,25,61142.0,30,interpolated
59200,formation_8_highest_light,31,36,59202.4,2.4,57551.0,35,65808.0,40,interpolated
59300,formation_8_highest_light,49,26,59295.2,4.8,56832.0,25,69148.0,30,interpolated
59400,formation_8_highest_light,22,49,59399.8,0.2,54563.0,45,60609.0,50,interpolated
59500,formation_8_highest_light,23,47,59498.4,1.6,56968.0,45,63294.0,50,interpolated
59600,formation_8_highest_light,13,82,59607.8,7.8,58145.0,80,61802.0,85,interpolated
59700,headlight_all_leds,45,17,59713.4,13.4,51657.0,15,71798.0,20,interpolated
59800,formation_8_highest_light,16,67,59814.4,14.4,58020.0,65,62506.0,70,interpolated
59900,formation_8_highest_light,11,95,59920.0,20.0,56772.0,90,59920.0,95,interpolated
60000,formation_8_highest_light,18,60,60019.0,19.0,55017.0,55,60019.0,60,interpolated
60100,headlight_all_leds,19,34,60099.0,1.0,53083.0,30,61853.0,35,interpolated
60200,headlight_all_leds,7,91,60209.6,9.6,59553.0,90,62836.0,95,interpolated
60300,formation_8_highest_light,38,31,60292.2,7.8,58298.0,30,68269.0,35,interpolated
60400,formation_8_highest_light,21,52,60397.6,2.4,58084.0,50,63868.0,55,interpolated
60500,formation_8_highest_light,34,34,60503.4,3.4,53333.0,30,62296.0,35,interpolated
60600,formation_8_highest_light,22,50,60609.0,9.0,54563.0,45,60609.0,50,interpolated
60700,formation_8_highest_light,42,29,60689.4,10.6,51943.0,25,62876.0,30,interpolated
60800,formation_8_highest_light,14,78,60809.8,9.8,58462.0,75,62375.0,80,interpolated
60900,formation_8_highest_light,27,42,60896.0,4.0,58008.0,40,65228.0,45,interpolated
61000,formation_8_highest_light,19,58,61008.6,8.6,57855.0,55,63111.0,60,interpolated
61100,headlight_all_leds,27,25,61098.0,2.0,61098.0,25,73332.0,30,interpolated
61200,formation_8_highest_light,12,89,61200.0,0.0,58436.0,85,61891.0,90,interpolated
61300,headlight_all_leds,10,64,61285.4,14.6,57467.0,60,62240.0,65,interpolated
61400,headlight_all_leds,20,33,61410.2,10.2,55865.0,30,65107.0,35,interpolated
61500,headlight_all_leds,7,93,61522.8,22.8,59553.0,90,62836.0,95,interpolated
61600,formation_8_highest_light,14,79,61592.4,7.6,58462.0,75,62375.0,80,interpolated
61700,headlight_all_leds,15,44,61710.6,10.6,56125.0,40,63107.0,45,interpolated
61800,formation_8_highest_light,13,85,61802.0,2.0,58145.0,80,61802.0,85,interpolated
61900,formation_8_highest_light,25,46,61900.4,0.4,60566.0,45,67238.0,50,interpolated
62000,formation_8_highest_light,46,28,61991.8,8.2,54955.0,25,66683.0,30,interpolated
62100,formation_8_highest_light,35,34,62061.8,38.2,54677.0,30,63908.0,35,interpolated
62200,headlight_all_leds,32,22,62204.4,4.4,56336.0,20,71007.0,25,interpolated
62300,formation_8_highest_light,34,35,62296.0,4.0,62296.0,35,71298.0,40,interpolated
62400,formation_8_highest_light,33,36,62406.4,6.4,60660.0,35,69392.0,40,interpolated
62500,formation_8_highest_light,31,38,62505.2,5.2,57551.0,35,65808.0,40,interpolated
62600,formation_8_highest_light,12,91,62576.4,23.6,61891.0,90,65318.0,95,interpolated
62700,formation_8_highest_light,21,54,62711.2,11.2,58084.0,50,63868.0,55,interpolated
62800,formation_8_highest_light,47,28,62800.0,0.0,55636.0,25,67576.0,30,interpolated
62900,headlight_all_leds,28,25,62897.0,3.0,62897.0,25,75537.0,30,interpolated
63000,formation_8_highest_light,18,63,63021.4,21.4,60019.0,60,65023.0,65,interpolated
63100,formation_8_highest_light,20,57,63098.6,1.4,60881.0,55,66425.0,60,interpolated
63200,headlight_all_leds,12,55,63201.0,1.0,57493.0,50,63201.0,55,interpolated
63300,formation_8_highest_light,23,50,63294.0,6.0,63294.0,50,69597.0,55,interpolated
63400,formation_8_highest_light,16,71,63398.8,1.2,62506.0,70,66970.0,75,interpolated
63500,headlight_all_leds,7,96,63497.2,2.8,62836.0,95,66142.0,100,interpolated
63600,formation_8_highest_light,39,32,63594.6,5.4,59511.0,30,69720.0,35,interpolated
63700,headlight_all_leds,26,27,63713.0,13.0,59005.0,25,70775.0,30,interpolated
63800,formation_8_highest_light,27,44,63784.0,16.0,58008.0,40,65228.0,45,interpolated
63900,formation_8_highest_light,35,35,63908.0,8.0,54677.0,30,63908.0,35,interpolated
64000,formation_8_highest_light,13,88,63986.6,13.4,61802.0,85,65443.0,90,interpolated
64100,formation_8_highest_light,34,36,64096.4,3.6,62296.0,35,71298.0,40,interpolated
64200,formation_8_highest_light,20,58,64207.4,7.4,60881.0,55,66425.0,60,interpolated
64300,formation_8_highest_light,16,72,64291.6,8.4,62506.0,70,66970.0,75,interpolated
64400,headlight_all_leds,16,43,64397.2,2.8,59926.0,40,67378.0,45,interpolated
64500,headlight_all_leds,15,46,64500.8,0.8,63107.0,45,70076.0,50,interpolated
64600,formation_8_highest_light,25,48,64569.2,30.8,60566.0,45,67238.0,50,interpolated
64700,formation_8_highest_light,13,89,64714.8,14.8,61802.0,85,65443.0,90,interpolated
64800,formation_8_highest_light,44,30,64785.0,15.0,64785.0,30,76189.0,35,interpolated
64900,formation_8_highest_light,29,42,64881.2,18.8,61802.0,40,69500.0,45,interpolated
65000,headlight_all_leds,29,25,64988.0,12.0,64988.0,25,78080.0,30,interpolated
65100,headlight_all_leds,10,68,65106.2,6.2,62240.0,65,67017.0,70,interpolated
65200,headlight_all_leds,22,32,65192.8,7.2,61142.0,30,71269.0,35,interpolated
65300,headlight_all_leds,11,62,65315.2,15.2,63212.0,60,68470.0,65,interpolated
65400,headlight_all_leds,39,20,65412.0,12.0,47410.0,15,65412.0,20,interpolated
65500,headlight_all_leds,12,57,65496.2,3.8,63201.0,55,68939.0,60,interpolated
65600,headlight_all_leds,8,86,65610.4,10.4,64851.0,85,68648.0,90,interpolated
65700,formation_8_highest_light,26,47,65697.6,2.4,62922.0,45,69861.0,50,interpolated
65800,formation_8_highest_light,31,40,65808.0,8.0,57551.0,35,65808.0,40,interpolated
65900,formation_8_highest_light,33,38,65899.2,0.8,60660.0,35,69392.0,40,interpolated
66000,headlight_all_leds,48,18,66001.2,1.2,53391.0,15,74408.0,20,interpolated
66100,formation_8_highest_light,15,79,66102.4,2.4,62748.0,75,66941.0,80,interpolated
66200,headlight_all_leds,31,24,66203.2,3.2,54848.0,20,69042.0,25,interpolated
66300,formation_8_highest_light,14,85,66291.0,9.0,66291.0,85,70205.0,90,interpolated
66400,formation_8_highest_light,29,43,66420.8,20.8,61802.0,40,69500.0,45,interpolated
66500,headlight_all_leds,37,21,66459.0,41.0,63084.0,20,79959.0,25,interpolated
66600,headlight_all_leds,17,42,66600.8,0.8,63446.0,40,71333.0,45,interpolated
66700,formation_8_highest_light,12,97,66703.2,3.2,65318.0,95,68781.0,100,interpolated
66800,headlight_all_leds,35,22,66823.0,23.0,60423.0,20,76423.0,25,interpolated
66900,formation_8_highest_light,13,92,66896.2,3.8,65443.0,90,69076.0,95,interpolated
67000,formation_8_highest_light,30,42,67008.8,8.8,63822.0,40,71789.0,45,interpolated
67100,formation_8_highest_light,17,71,67106.0,6.0,66162.0,70,70882.0,75,interpolated
67200,formation_8_highest_light,28,45,67214.0,14.0,59769.0,40,67214.0,45,interpolated
67300,headlight_all_leds,15,48,67288.4,11.6,63107.0,45,70076.0,50,interpolated
67400,formation_8_highest_light,12,98,67395.8,4.2,65318.0,95,68781.0,100,interpolated
67500,formation_8_highest_light,20,61,67534.0,34.0,66425.0,60,71970.0,65,interpolated
67600,headlight_all_leds,29,26,67606.4,6.4,64988.0,25,78080.0,30,interpolated
67700,formation_8_highest_light,34,38,67697.2,2.8,62296.0,35,71298.0,40,interpolated
67800,headlight_all_leds,12,59,67791.4,8.6,63201.0,55,68939.0,60,interpolated
67900,headlight_all_leds,8,89,67888.6,11.4,64851.0,85,68648.0,90,interpolated
68000,headlight_all_leds,50,18,67985.4,14.6,55029.0,15,76623.0,20,interpolated
68100,formation_8_highest_light,27,47,68106.8,6.8,65228.0,45,72425.0,50,interpolated
68200,formation_8_highest_light,41,33,68206.8,6.8,61785.0,30,72488.0,35,interpolated
68300,headlight_all_leds,21,35,68300.0,0.0,58592.0,30,68300.0,35,interpolated
68400,formation_8_highest_light,24,52,68394.6,5.4,65771.0,50,72330.0,55,interpolated
68500,formation_8_highest_light,21,59,68521.6,21.6,63868.0,55,69685.0,60,interpolated
68600,formation_8_highest_light,30,43,68602.2,2.2,63822.0,40,71789.0,45,interpolated
68700,formation_8_highest_light,28,46,68697.6,2.4,67214.0,45,74632.0,50,interpolated
68800,headlight_all_leds,9,80,68794.0,6.0,68794.0,80,73076.0,85,interpolated
68900,headlight_all_leds,19,39,68901.8,1.8,61853.0,35,70664.0,40,interpolated
69000,formation_8_highest_light,17,73,68994.0,6.0,66162.0,70,70882.0,75,interpolated
69100,formation_8_highest_light,31,42,69101.6,1.6,65808.0,40,74042.0,45,interpolated
69200,headlight_all_leds,22,34,69243.6,43.6,61142.0,30,71269.0,35,interpolated
69300,headlight_all_leds,13,57,69282.2,17.8,66861.0,55,72914.0,60,interpolated
69400,headlight_all_leds,8,91,69405.8,5.8,68648.0,90,72437.0,95,interpolated
69500,formation_8_highest_light,29,45,69500.0,0.0,61802.0,40,69500.0,45,interpolated
69600,formation_8_highest_light,23,55,69597.0,3.0,69597.0,55,75939.0,60,interpolated
69700,formation_8_highest_light,24,53,69706.4,6.4,65771.0,50,72330.0,55,interpolated
69800,formation_8_highest_light,13,96,69807.6,7.6,69076.0,95,72734.0,100,interpolated
69900,formation_8_highest_light,25,52,69895.6,4.4,67238.0,50,73882.0,55,interpolated
70000,formation_8_highest_light,47,31,69986.0,14.0,67576.0,30,79626.0,35,interpolated
70100,headlight_all_leds,12,61,70084.6,15.4,68939.0,60,74667.0,65,interpolated
70200,formation_8_highest_light,30,44,70195.6,4.4,63822.0,40,71789.0,45,interpolated
70300,formation_8_highest_light,15,84,70305.0,5.0,66941.0,80,71146.0,85,interpolated
70400,headlight_all_leds,25,31,70400.2,0.2,68164.0,30,79345.0,35,interpolated
70500,headlight_all_leds,9,82,70506.8,6.8,68794.0,80,73076.0,85,interpolated
70600,headlight_all_leds,11,67,70569.2,30.8,68470.0,65,73718.0,70,interpolated
70700,headlight_all_leds,20,38,70673.2,26.8,65107.0,35,74384.0,40,interpolated
70800,headlight_all_leds,44,20,70798.0,2.0,70798.0,20,90253.0,25,interpolated
70900,formation_8_highest_light,37,37,70907.2,7.2,66980.0,35,76798.0,40,interpolated
71000,headlight_all_leds,49,19,70998.8,1.2,53958.0,15,75259.0,20,interpolated
71100,headlight_all_leds,38,22,71071.2,28.8,64166.0,20,81429.0,25,interpolated
71200,formation_8_highest_light,25,53,71224.4,24.4,67238.0,50,73882.0,55,interpolated
71300,formation_8_highest_light,34,40,71298.0,2.0,71298.0,40,80283.0,45,interpolated
71400,headlight_all_leds,41,21,71409.2,9.2,67726.0,20,86142.0,25,interpolated
71500,formation_8_highest_light,22,59,71506.4,6.4,66652.0,55,72720.0,60,interpolated
71600,headlight_all_leds,11,68,71618.8,18.8,68470.0,65,73718.0,70,interpolated
71700,headlight_all_leds,13,59,71703.4,3.4,66861.0,55,72914.0,60,interpolated
71800,headlight_all_leds,45,20,71798.0,2.0,71798.0,20,91548.0,25,interpolated
71900,headlight_all_leds,31,26,71849.6,50.4,69042.0,25,83080.0,30,interpolated
72000,formation_8_highest_light,13,99,72002.4,2.4,69076.0,95,72734.0,100,interpolated
72100,formation_8_highest_light,23,57,72133.8,33.8,69597.0,55,75939.0,60,interpolated
72200,headlight_all_leds,18,43,72197.2,2.8,67177.0,40,75544.0,45,interpolated
72300,headlight_all_leds,23,34,72303.2,3.2,63824.0,30,74423.0,35,interpolated
72400,formation_8_highest_light,47,32,72396.0,4.0,67576.0,30,79626.0,35,interpolated
72500,formation_8_highest_light,41,35,72488.0,12.0,72488.0,35,83302.0,40,interpolated
72600,headlight_all_leds,42,21,72603.2,3.2,68847.0,20,87628.0,25,interpolated
72700,formation_8_highest_light,43,34,72705.6,5.6,63780.0,30,74937.0,35,interpolated
72800,formation_8_highest_light,17,77,72780.4,19.6,70882.0,75,75628.0,80,interpolated
72900,headlight_all_leds,17,46,72909.6,9.6,71333.0,45,79216.0,50,interpolated
73000,headlight_all_leds,28,29,73009.0,9.0,62897.0,25,75537.0,30,interpolated
73100,headlight_all_leds,26,31,73104.6,4.6,70775.0,30,82423.0,35,interpolated
73200,headlight_all_leds,8,96,73197.2,2.8,72437.0,95,76238.0,100,interpolated
73300,headlight_all_leds,22,36,73302.6,2.6,71269.0,35,81437.0,40,interpolated
73400,formation_8_highest_light,23,58,73402.2,2.2,69597.0,55,75939.0,60,interpolated
73500,headlight_all_leds,12,64,73521.4,21.4,68939.0,60,74667.0,65,interpolated
73600,headlight_all_leds,43,21,73586.6,13.4,69767.0,20,88865.0,25,interpolated
73700,headlight_all_leds,11,70,73718.0,18.0,68470.0,65,73718.0,70,interpolated
73800,formation_8_highest_light,46,33,73778.6,21.4,66683.0,30,78509.0,35,interpolated
73900,headlight_all_leds,32,26,73903.2,3.2,71007.0,25,85488.0,30,interpolated
74000,formation_8_highest_light,26,53,74007.0,7.0,69861.0,50,76771.0,55,interpolated
74100,formation_8_highest_light,14,95,74097.0,3.0,74097.0,95,78021.0,100,interpolated
74200,formation_8_highest_light,20,67,74192.0,8.0,71970.0,65,77525.0,70,interpolated
74300,formation_8_highest_light,38,38,74293.6,6.4,68269.0,35,78310.0,40,interpolated
74400,headlight_all_leds,48,20,74408.0,8.0,53391.0,15,74408.0,20,interpolated
74500,formation_8_highest_light,15,89,74506.8,6.8,71146.0,85,75347.0,90,interpolated
74600,headlight_all_leds,10,78,74620.2,20.2,71757.0,75,76529.0,80,interpolated
74700,headlight_all_leds,44,21,74689.0,11.0,70798.0,20,90253.0,25,interpolated
74800,formation_8_highest_light,47,33,74806.0,6.0,67576.0,30,79626.0,35,interpolated
74900,formation_8_highest_light,34,42,74892.0,8.0,71298.0,40,80283.0,45,interpolated
75000,formation_8_highest_light,36,40,74990.0,10.0,74990.0,40,84492.0,45,interpolated
75100,headlight_all_leds,41,22,75092.4,7.6,67726.0,20,86142.0,25,interpolated
75200,formation_8_highest_light,25,56,75219.6,19.6,73882.0,55,80570.0,60,interpolated
75300,formation_8_highest_light,20,68,75303.0,3.0,71970.0,65,77525.0,70,interpolated
75400,formation_8_highest_light,26,54,75389.0,11.0,69861.0,50,76771.0,55,interpolated
75500,formation_8_highest_light,21,65,75494.0,6.0,75494.0,65,81332.0,70,interpolated
75600,headlight_all_leds,33,26,75623.8,23.8,72666.0,25,87455.0,30,interpolated
75700,formation_8_highest_light,31,46,75683.8,16.2,74042.0,45,82251.0,50,interpolated
75800,headlight_all_leds,11,72,75807.2,7.2,73718.0,70,78941.0,75,interpolated
75900,formation_8_highest_light,39,38,75899.4,0.6,69720.0,35,80019.0,40,interpolated
76000,headlight_all_leds,39,23,76018.2,18.2,65412.0,20,83089.0,25,interpolated
76100,formation_8_highest_light,28,51,76113.8,13.8,74632.0,50,82041.0,55,interpolated
76200,formation_8_highest_light,44,35,76189.0,11.0,76189.0,35,87550.0,40,interpolated
76300,headlight_all_leds,16,51,76298.8,1.2,74814.0,50,82238.0,55,interpolated
76400,formation_8_highest_light,20,69,76414.0,14.0,71970.0,65,77525.0,70,interpolated
76500,headlight_all_leds,9,89,76507.2,7.2,73076.0,85,77365.0,90,interpolated
76600,formation_8_highest_light,49,33,76594.0,6.0,69148.0,30,81558.0,35,interpolated
76700,formation_8_highest_light,34,43,76689.0,11.0,71298.0,40,80283.0,45,interpolated
76800,headlight_all_leds,32,27,76799.4,0.6,71007.0,25,85488.0,30,interpolated
76900,formation_8_highest_light,36,41,76890.4,9.6,74990.0,40,84492.0,45,interpolated
77000,formation_8_highest_light,15,92,77016.6,16.6,75347.0,90,79521.0,95,interpolated
77100,headlight_all_leds,25,34,77108.8,8.8,68164.0,30,79345.0,35,interpolated
77200,formation_8_highest_light,23,61,77207.8,7.8,75939.0,60,82283.0,65,interpolated
77300,formation_8_highest_light,31,47,77325.6,25.6,74042.0,45,82251.0,50,interpolated
77400,headlight_all_leds,43,22,77406.2,6.2,69767.0,20,88865.0,25,interpolated
77500,headlight_all_leds,10,81,77483.6,16.4,76529.0,80,81302.0,85,interpolated
77600,formation_8_highest_light,24,59,77597.2,2.8,72330.0,55,78914.0,60,interpolated
77700,headlight_all_leds,47,21,77700.0,0.0,73648.0,20,93908.0,25,interpolated
77800,headlight_all_leds,16,52,77783.6,16.4,74814.0,50,82238.0,55,interpolated
77900,headlight_all_leds,11,74,77896.4,3.6,73718.0,70,78941.0,75,interpolated
78000,headlight_all_leds,28,31,78013.4,13.4,75537.0,30,87919.0,35,interpolated
78100,headlight_all_leds,12,68,78102.0,2.0,74667.0,65,80392.0,70,interpolated
78200,headlight_all_leds,36,25,78201.0,1.0,61764.0,20,78201.0,25,interpolated
78300,formation_8_highest_light,38,40,78310.0,10.0,68269.0,35,78310.0,40,interpolated
78400,headlight_all_leds,15,56,78413.8,13.8,77017.0,55,84001.0,60,interpolated
78500,headlight_all_leds,48,21,78497.8,2.2,74408.0,20,94857.0,25,interpolated
78600,headlight_all_leds,33,27,78581.6,18.4,72666.0,25,87455.0,30,interpolated
78700,formation_8_highest_light,15,94,78686.2,13.8,75347.0,90,79521.0,95,interpolated
78800,formation_8_highest_light,36,42,78790.8,9.2,74990.0,40,84492.0,45,interpolated
78900,formation_8_highest_light,24,60,78914.0,14.0,72330.0,55,78914.0,60,interpolated
79000,formation_8_highest_light,21,68,78996.8,3.2,75494.0,65,81332.0,70,interpolated
79100,formation_8_highest_light,28,53,79077.4,22.6,74632.0,50,82041.0,55,interpolated
79200,headlight_all_leds,17,50,79216.0,16.0,71333.0,45,79216.0,50,interpolated
79300,headlight_all_leds,16,53,79268.4,31.6,74814.0,50,82238.0,55,interpolated
79400,headlight_all_leds,22,39,79403.4,3.4,71269.0,35,81437.0,40,interpolated
79500,formation_8_highest_light,15,95,79521.0,21.0,75347.0,90,79521.0,95,interpolated
79600,formation_8_highest_light,27,55,79601.0,1.0,72425.0,50,79601.0,55,interpolated
79700,formation_8_highest_light,45,36,79701.2,1.2,77384.0,35,88970.0,40,interpolated
79800,headlight_all_leds,15,57,79810.6,10.6,77017.0,55,84001.0,60,interpolated
79900,headlight_all_leds,9,93,79922.8,22.8,77365.0,90,81628.0,95,interpolated
80000,formation_8_highest_light,22,66,80003.4,3.4,78785.0,65,84877.0,70,interpolated
80100,headlight_all_leds,26,34,80093.4,6.6,70775.0,30,82423.0,35,interpolated
80200,headlight_all_leds,13,66,80173.0,27.0,78964.0,65,85009.0,70,interpolated
80300,formation_8_highest_light,38,41,80288.2,11.8,78310.0,40,88201.0,45,interpolated
80400,headlight_all_leds,12,70,80392.0,8.0,80392.0,70,86001.0,75,interpolated
80500,headlight_all_leds,28,32,80489.8,10.2,75537.0,30,87919.0,35,interpolated
80600,headlight_all_leds,30,30,80595.0,5.0,80595.0,30,93888.0,35,interpolated
80700,formation_8_highest_light,36,43,80691.2,8.8,74990.0,40,84492.0,45,interpolated
80800,headlight_all_leds,23,38,80800.4,0.4,74423.0,35,85052.0,40,interpolated
80900,formation_8_highest_light,46,36,80870.4,29.6,78509.0,35,90316.0,40,interpolated
81000,formation_8_highest_light,23,64,81014.2,14.2,75939.0,60,82283.0,65,interpolated
81100,formation_8_highest_light,18,81,81076.2,23.8,80070.0,80,85101.0,85,interpolated
81200,headlight_all_leds,19,46,81194.0,6.0,79458.0,45,88138.0,50,interpolated
81300,headlight_all_leds,10,85,81302.0,2.0,76529.0,80,81302.0,85,interpolated
81400,headlight_all_leds,13,67,81382.0,18.0,78964.0,65,85009.0,70,interpolated
81500,headlight_all_leds,12,71,81513.8,13.8,80392.0,70,86001.0,75,interpolated
81600,formation_8_highest_light,43,38,81622.8,22.8,74937.0,35,86080.0,40,interpolated
81700,formation_8_highest_light,40,40,81705.0,5.0,71130.0,35,81705.0,40,interpolated
81800,formation_8_highest_light,29,53,81794.2,5.8,77191.0,50,84863.0,55,interpolated
81900,formation_8_highest_light,25,61,81888.8,11.2,80570.0,60,87164.0,65,interpolated
82000,formation_8_highest_light,45,37,82018.4,18.4,77384.0,35,88970.0,40,interpolated
82100,formation_8_highest_light,19,78,82085.8,14.2,78919.0,75,84197.0,80,interpolated
82200,formation_8_highest_light,16,92,82202.2,2.2,80419.0,90,84877.0,95,interpolated
82300,formation_8_highest_light,23,65,82283.0,17.0,82283.0,65,88548.0,70,interpolated
82400,formation_8_highest_light,35,45,82423.0,23.0,73175.0,40,82423.0,45,interpolated
82500,formation_8_highest_light,21,71,82475.6,24.4,81332.0,70,87050.0,75,interpolated
82600,formation_8_highest_light,37,43,82601.2,1.2,76798.0,40,86470.0,45,interpolated
82700,headlight_all_leds,35,27,82698.2,1.8,76423.0,25,92111.0,30,interpolated
82800,formation_8_highest_light,24,63,82869.8,69.8,78914.0,60,85507.0,65,interpolated
82900,formation_8_highest_light,15,99,82894.6,5.4,79521.0,95,83738.0,100,interpolated
83000,formation_8_highest_light,44,38,83005.6,5.6,76189.0,35,87550.0,40,interpolated
83100,formation_8_highest_light,16,93,83093.8,6.2,80419.0,90,84877.0,95,interpolated
83200,formation_8_highest_light,25,62,83207.6,7.6,80570.0,60,87164.0,65,interpolated
83300,formation_8_highest_light,41,40,83302.0,2.0,72488.0,35,83302.0,40,interpolated
83400,headlight_all_leds,14,64,83438.0,38.0,78238.0,60,84738.0,65,interpolated
83500,formation_8_highest_light,28,56,83511.2,11.2,82041.0,55,89392.0,60,interpolated
83600,formation_8_highest_light,21,72,83619.2,19.2,81332.0,70,87050.0,75,interpolated
83700,headlight_all_leds,16,56,83709.8,9.8,82238.0,55,89597.0,60,interpolated
83800,headlight_all_leds,13,69,83800.0,0.0,78964.0,65,85009.0,70,interpolated
83900,headlight_all_leds,18,50,83888.0,12.0,83888.0,50,92111.0,55,interpolated
84000,headlight_all_leds,15,60,84001.0,1.0,77017.0,55,84001.0,60,interpolated
84100,formation_8_highest_light,18,84,84094.8,5.2,80070.0,80,85101.0,85,interpolated
84200,formation_8_highest_light,19,80,84197.0,3.0,84197.0,80,89396.0,85,interpolated
84300,formation_8_highest_light,45,38,84335.6,35.6,77384.0,35,88970.0,40,interpolated
84400,formation_8_highest_light,47,37,84432.4,32.4,79626.0,35,91642.0,40,interpolated
84500,headlight_all_leds,33,29,84497.2,2.8,72666.0,25,87455.0,30,interpolated
84600,headlight_all_leds,36,27,84638.2,38.2,78201.0,25,94294.0,30,interpolated
84700,formation_8_highest_light,32,50,84709.0,9.0,76236.0,45,84709.0,50,interpolated
84800,headlight_all_leds,38,26,84796.6,3.4,81429.0,25,98267.0,30,interpolated
84900,headlight_all_leds,12,74,84879.2,20.8,80392.0,70,86001.0,75,interpolated
85000,headlight_all_leds,9,99,84998.4,1.6,81628.0,95,85841.0,100,interpolated
85100,formation_8_highest_light,18,85,85101.0,1.0,80070.0,80,85101.0,85,interpolated
85200,headlight_all_leds,11,81,85212.6,12.6,84179.0,80,89347.0,85,interpolated
85300,formation_8_highest_light,27,59,85297.8,2.2,79601.0,55,86722.0,60,interpolated
85400,formation_8_highest_light,48,37,85406.2,6.2,80539.0,35,92707.0,40,interpolated
85500,formation_8_highest_light,24,65,85507.0,7.0,78914.0,60,85507.0,65,interpolated
85600,formation_8_highest_light,34,48,85599.6,0.4,80283.0,45,89144.0,50,interpolated
85700,headlight_all_leds,21,44,85733.8,33.8,78029.0,40,87660.0,45,interpolated
85800,headlight_all_leds,47,23,85804.0,4.0,73648.0,20,93908.0,25,interpolated
85900,formation_8_highest_light,21,74,85906.4,6.4,81332.0,70,87050.0,75,interpolated
86000,headlight_all_leds,12,75,86001.0,1.0,80392.0,70,86001.0,75,interpolated
86100,headlight_all_leds,24,39,86107.8,7.8,77347.0,35,88298.0,40,interpolated
86200,headlight_all_leds,13,71,86192.6,7.4,85009.0,70,90927.0,75,interpolated
86300,formation_8_highest_light,19,82,86276.6,23.4,84197.0,80,89396.0,85,interpolated
86400,headlight_all_leds,19,49,86402.0,2.0,79458.0,45,88138.0,50,interpolated
86500,formation_8_highest_light,49,37,86488.4,11.6,81558.0,35,93884.0,40,interpolated
86600,headlight_all_leds,37,27,86562.6,37.4,79959.0,25,96468.0,30,interpolated
86700,formation_8_highest_light,27,60,86722.0,22.0,79601.0,55,86722.0,60,interpolated
86800,formation_8_highest_light,24,66,86812.2,12.2,85507.0,65,92033.0,70,interpolated
86900,headlight_all_leds,10,91,86937.6,37.6,85988.0,90,90736.0,95,interpolated
87000,headlight_all_leds,17,55,86986.0,14.0,86986.0,55,94861.0,60,interpolated
87100,formation_8_highest_light,31,53,87111.0,11.0,82251.0,50,90351.0,55,interpolated
87200,headlight_all_leds,18,52,87177.2,22.8,83888.0,50,92111.0,55,interpolated
87300,headlight_all_leds,20,47,87300.8,0.8,83642.0,45,92789.0,50,interpolated
87400,headlight_all_leds,13,72,87376.2,23.8,85009.0,70,90927.0,75,interpolated
87500,formation_8_highest_light,16,98,87520.6,20.6,84877.0,95,89283.0,100,interpolated
87600,headlight_all_leds,45,24,87598.0,2.0,71798.0,20,91548.0,25,interpolated
87700,headlight_all_leds,49,23,87667.0,33.0,75259.0,20,95939.0,25,interpolated
87800,headlight_all_leds,27,36,87821.6,21.6,85425.0,35,97408.0,40,interpolated
87900,formation_8_highest_light,17,93,87899.0,1.0,85121.0,90,89751.0,95,interpolated
88000,formation_8_highest_light,46,39,87954.6,45.4,78509.0,35,90316.0,40,interpolated
88100,formation_8_highest_light,24,67,88117.4,17.4,85507.0,65,92033.0,70,interpolated
88200,formation_8_highest_light,38,45,88201.0,1.0,78310.0,40,88201.0,45,interpolated
88300,headlight_all_leds,24,40,88298.0,2.0,88298.0,40,99300.0,45,interpolated
88400,formation_8_highest_light,16,99,88401.8,1.8,84877.0,95,89283.0,100,interpolated
88500,formation_8_highest_light,25,66,88504.2,4.2,87164.0,65,93865.0,70,interpolated
88600,headlight_all_leds,14,68,88572.0,28.0,84738.0,65,91128.0,70,interpolated
88700,formation_8_highest_light,31,54,88731.0,31.0,82251.0,50,90351.0,55,interpolated
88800,headlight_all_leds,18,53,88821.8,21.8,83888.0,50,92111.0,55,interpolated
88900,headlight_all_leds,43,25,88865.0,35.0,88865.0,25,107630.0,30,interpolated
89000,headlight_all_leds,35,29,88973.4,26.6,76423.0,25,92111.0,30,interpolated
89100,headlight_all_leds,20,48,89130.2,30.2,83642.0,45,92789.0,50,interpolated
89200,formation_8_highest_light,42,42,89194.6,5.4,84853.0,40,95707.0,45,interpolated
89300,headlight_all_leds,11,85,89347.0,47.0,84179.0,80,89347.0,85,interpolated
89400,formation_8_highest_light,19,85,89396.0,4.0,89396.0,85,94675.0,90,interpolated
89500,headlight_all_leds,15,64,89502.6,2.6,84001.0,60,90878.0,65,interpolated
89600,formation_8_highest_light,27,62,89602.4,2.4,86722.0,60,93923.0,65,interpolated
89700,formation_8_highest_light,41,43,89685.4,14.6,83302.0,40,93941.0,45,interpolated
89800,formation_8_highest_light,23,71,89811.0,11.0,88548.0,70,94863.0,75,interpolated
89900,headlight_all_leds,19,51,89887.6,12.4,88138.0,50,96886.0,55,interpolated
90000,headlight_all_leds,39,27,89985.4,14.6,83089.0,25,100330.0,30,interpolated
90100,formation_8_highest_light,36,48,90113.4,13.4,84492.0,45,93861.0,50,interpolated
90200,formation_8_highest_light,38,46,90185.8,14.2,88201.0,45,98125.0,50,interpolated
90300,formation_8_highest_light,46,40,90316.0,16.0,78509.0,35,90316.0,40,interpolated
90400,headlight_all_leds,11,86,90396.6,3.4,89347.0,85,94595.0,90,interpolated
90500,headlight_all_leds,24,41,90498.4,1.6,88298.0,40,99300.0,45,interpolated
90600,formation_8_highest_light,26,65,90584.0,16.0,90584.0,65,97548.0,70,interpolated
90700,formation_8_highest_light,17,96,90701.0,1.0,89751.0,95,94501.0,100,interpolated
90800,headlight_all_leds,48,24,90767.2,32.8,74408.0,20,94857.0,25,interpolated
90900,headlight_all_leds,15,65,90878.0,22.0,90878.0,65,97834.0,70,interpolated
91000,formation_8_highest_light,18,91,91029.8,29.8,90033.0,90,95017.0,95,interpolated
91100,headlight_all_leds,16,61,91084.2,15.8,89597.0,60,97033.0,65,interpolated
91200,formation_8_highest_light,25,68,91184.6,15.4,87164.0,65,93865.0,70,interpolated
91300,headlight_all_leds,31,33,91301.8,1.8,83080.0,30,96783.0,35,interpolated
91400,formation_8_highest_light,32,54,91383.4,16.6,84709.0,50,93052.0,55,interpolated
91500,headlight_all_leds,22,45,91501.0,1.0,81437.0,40,91501.0,45,interpolated
91600,headlight_all_leds,19,52,91637.2,37.2,88138.0,50,96886.0,55,interpolated
91700,headlight_all_leds,12,80,91709.0,9.0,86001.0,75,91709.0,80,interpolated
91800,headlight_all_leds,49,24,91803.0,3.0,75259.0,20,95939.0,25,interpolated
91900,formation_8_highest_light,33,53,91914.4,14.4,86722.0,50,95376.0,55,interpolated
92000,formation_8_highest_light,31,56,91993.6,6.4,90351.0,55,98564.0,60,interpolated
92100,formation_8_highest_light,40,45,92101.0,1.0,81705.0,40,92101.0,45,interpolated
92200,formation_8_highest_light,39,46,92202.4,2.4,90173.0,45,100320.0,50,interpolated
92300,formation_8_highest_light,37,48,92293.0,7.0,86470.0,45,96175.0,50,interpolated
92400,headlight_all_leds,14,71,92418.4,18.4,91128.0,70,97580.0,75,interpolated
92500,headlight_all_leds,11,88,92495.8,4.2,89347.0,85,94595.0,90,interpolated
92600,formation_8_highest_light,17,98,92601.0,1.0,89751.0,95,94501.0,100,interpolated
92700,headlight_all_leds,24,42,92698.8,1.2,88298.0,40,99300.0,45,interpolated
92800,headlight_all_leds,20,50,92789.0,11.0,92789.0,50,101980.0,55,interpolated
92900,headlight_all_leds,28,37,92899.4,0.6,87919.0,35,100370.0,40,interpolated
93000,formation_8_highest_light,20,84,92981.0,19.0,88533.0,80,94093.0,85,interpolated
93100,formation_8_highest_light,32,55,93052.0,48.0,93052.0,55,101510.0,60,interpolated
93200,headlight_all_leds,37,29,93166.2,33.8,79959.0,25,96468.0,30,interpolated
93300,headlight_all_leds,33,32,93301.0,1.0,87455.0,30,102070.0,35,interpolated
93400,headlight_all_leds,19,53,93386.8,13.2,88138.0,50,96886.0,55,interpolated
93500,headlight_all_leds,29,36,93504.0,4.0,90925.0,35,103820.0,40,interpolated
93600,formation_8_highest_light,23,74,93600.0,0.0,88548.0,70,94863.0,75,interpolated
93700,headlight_all_leds,14,72,93708.8,8.8,91128.0,70,97580.0,75,interpolated
93800,headlight_all_leds,18,56,93778.8,21.2,92111.0,55,100450.0,60,interpolated
93900,headlight_all_leds,47,25,93908.0,8.0,73648.0,20,93908.0,25,interpolated
94000,headlight_all_leds,12,82,94001.0,1.0,91709.0,80,97439.0,85,interpolated
94100,formation_8_highest_light,20,85,94093.0,7.0,94093.0,85,99638.0,90,interpolated
94200,formation_8_highest_light,40,46,94172.8,27.2,92101.0,45,102460.0,50,interpolated
94300,headlight_all_leds,36,30,94294.0,6.0,94294.0,30,110250.0,35,interpolated
94400,formation_8_highest_light,44,43,94346.2,53.8,87550.0,40,98877.0,45,interpolated
94500,formation_8_highest_light,17,100,94501.0,1.0,89751.0,95,94501.0,100,interpolated
94600,headlight_all_leds,11,90,94595.0,5.0,94595.0,90,99814.0,95,interpolated
94700,formation_8_highest_light,19,90,94675.0,25.0,94675.0,90,99916.0,95,interpolated
94800,formation_8_highest_light,26,68,94762.4,37.6,90584.0,65,97548.0,70,interpolated
94900,headlight_all_leds,38,29,94899.4,0.6,81429.0,25,98267.0,30,interpolated
95000,headlight_all_leds,14,73,94999.2,0.8,91128.0,70,97580.0,75,interpolated
95100,formation_8_highest_light,48,41,95095.6,4.4,92707.0,40,104650.0,45,interpolated
95200,formation_8_highest_light,25,71,95200.0,0.0,93865.0,70,100540.0,75,interpolated
95300,headlight_all_leds,40,28,95286.4,13.6,84691.0,25,102350.0,30,interpolated
95400,headlight_all_leds,21,49,95408.0,8.0,87660.0,45,97345.0,50,interpolated
95500,headlight_all_leds,10,100,95500.0,0.0,90736.0,95,95500.0,100,interpolated
95600,headlight_all_leds,11,91,95638.8,38.8,94595.0,90,99814.0,95,interpolated
95700,formation_8_highest_light,22,79,95704.2,4.2,90845.0,75,96919.0,80,interpolated
95800,headlight_all_leds,13,79,95761.4,38.6,90927.0,75,96970.0,80,interpolated
95900,formation_8_highest_light,45,43,95876.0,24.0,88970.0,40,100480.0,45,interpolated
96000,formation_8_highest_light,18,96,96021.6,21.6,95017.0,95,100040.0,100,interpolated
96100,headlight_all_leds,29,37,96083.0,17.0,90925.0,35,103820.0,40,interpolated
96200,headlight_all_leds,33,33,96224.0,24.0,87455.0,30,102070.0,35,interpolated
96300,headlight_all_leds,26,41,96299.6,0.4,93982.0,40,105570.0,45,interpolated
96400,formation_8_highest_light,21,83,96374.2,25.8,92878.0,80,98705.0,85,interpolated
96500,headlight_all_leds,37,30,96468.0,32.0,96468.0,30,112850.0,35,interpolated
96600,formation_8_highest_light,44,44,96611.6,11.6,87550.0,40,98877.0,45,interpolated
96700,headlight_all_leds,46,26,96708.0,8.0,92740.0,25,112580.0,30,interpolated
96800,headlight_all_leds,32,34,96806.4,6.4,85488.0,30,99636.0,35,interpolated
96900,headlight_all_leds,19,55,96886.0,14.0,96886.0,55,105660.0,60,interpolated
97000,headlight_all_leds,41,28,96994.8,5.2,86142.0,25,104230.0,30,interpolated
97100,headlight_all_leds,24,44,97099.6,0.4,88298.0,40,99300.0,45,interpolated
97200,formation_8_highest_light,43,45,97191.0,9.0,97191.0,45,108120.0,50,interpolated
97300,formation_8_highest_light,24,74,97284.2,15.8,92033.0,70,98597.0,75,interpolated
97400,formation_8_highest_light,23,77,97401.8,1.8,94863.0,75,101210.0,80,interpolated
97500,headlight_all_leds,36,31,97485.2,14.8,94294.0,30,110250.0,35,interpolated
97600,formation_8_highest_light,36,52,97608.6,8.6,93861.0,50,103230.0,55,interpolated
97700,headlight_all_leds,11,93,97726.4,26.4,94595.0,90,99814.0,95,interpolated
97800,formation_8_highest_light,19,93,97819.6,19.6,94675.0,90,99916.0,95,interpolated
97900,headlight_all_leds,44,27,97891.8,8.2,90253.0,25,109350.0,30,interpolated
98000,headlight_all_leds,17,62,98008.6,8.6,94861.0,60,102730.0,65,interpolated
98100,formation_8_highest_light,37,51,98096.0,4.0,96175.0,50,105780.0,55,interpolated
98200,formation_8_highest_light,45,44,98178.0,22.0,88970.0,40,100480.0,45,interpolated
98300,headlight_all_leds,20,53,98303.6,3.6,92789.0,50,101980.0,55,interpolated
98400,formation_8_highest_light,40,48,98316.4,83.6,92101.0,45,102460.0,50,interpolated
98500,headlight_all_leds,16,66,98520.4,20.4,97033.0,65,104470.0,70,interpolated
98600,formation_8_highest_light,24,75,98597.0,3.0,98597.0,75,105180.0,80,interpolated
98700,formation_8_highest_light,21,85,98705.0,5.0,92878.0,80,98705.0,85,interpolated
98800,headlight_all_leds,18,59,98782.2,17.8,92111.0,55,100450.0,60,interpolated
98900,formation_8_highest_light,44,45,98877.0,23.0,98877.0,45,109970.0,50,interpolated
99000,formation_8_highest_light,18,99,99035.4,35.4,95017.0,95,100040.0,100,interpolated
99100,headlight_all_leds,33,34,99147.0,47.0,87455.0,30,102070.0,35,interpolated
99200,formation_8_highest_light,25,74,99205.0,5.0,93865.0,70,100540.0,75,interpolated
99300,headlight_all_leds,24,45,99300.0,0.0,88298.0,40,99300.0,45,interpolated
99400,headlight_all_leds,13,82,99386.0,14.0,96970.0,80,103010.0,85,interpolated
99500,formation_8_highest_light,36,53,99482.4,17.6,93861.0,50,103230.0,55,interpolated
99600,headlight_all_leds,17,63,99582.4,17.6,94861.0,60,102730.0,65,interpolated
99700,formation_8_highest_light,27,69,99712.6,12.6,93923.0,65,101160.0,70,interpolated
99800,formation_8_highest_light,28,67,99793.6,6.4,96816.0,65,104260.0,70,interpolated
99900,formation_8_highest_light,24,76,99913.6,13.6,98597.0,75,105180.0,80,interpolated
100000,headlight_all_leds,16,67,100007.8,7.8,97033.0,65,104470.0,70,interpolated
101000,formation_8_highest_light,19,96,100972.8,27.2,99916.0,95,105200.0,100,interpolated
102000,formation_8_highest_light,46,45,102000.0,0.0,90316.0,40,102000.0,45,interpolated
103000,formation_8_highest_light,22,85,103000.0,0.0,96919.0,80,103000.0,85,interpolated
104000,headlight_all_leds,11,99,103994.8,5.2,99814.0,95,105040.0,100,interpolated
105000,headlight_all_leds,33,36,104994.0,6.0,102070.0,35,116690.0,40,interpolated
106000,headlight_all_leds,47,28,106017.2,17.2,93908.0,25,114090.0,30,interpolated
107000,formation_8_highest_light,48,46,107010.0,10.0,104650.0,45,116450.0,50,interpolated
108000,formation_8_highest_light,21,93,107998.0,2.0,104530.0,90,110310.0,95,interpolated
109000,headlight_all_leds,17,69,109026.0,26.0,102730.0,65,110600.0,70,interpolated
110000,headlight_all_leds,12,96,109980.0,20.0,108840.0,95,114540.0,100,interpolated
111000,headlight_all_leds,45,30,111010.0,10.0,91548.0,25,111010.0,30,interpolated
112000,headlight_all_leds,18,67,112126.0,126.0,108790.0,65,117130.0,70,interpolated
113000,formation_8_highest_light,30,71,113026.0,26.0,111440.0,70,119370.0,75,interpolated
114000,formation_8_highest_light,29,74,113998.0,2.0,107870.0,70,115530.0,75,interpolated
115000,formation_8_highest_light,21,99,114982.0,18.0,110310.0,95,116150.0,100,interpolated
116000,headlight_all_leds,31,42,116112.0,112.0,110600.0,40,124380.0,45,interpolated
117000,formation_8_highest_light,27,81,117006.0,6.0,115560.0,80,122790.0,85,interpolated
118000,formation_8_highest_light,49,50,117970.0,30.0,117970.0,50,130540.0,55,interpolated
119000,formation_8_highest_light,35,65,119010.0,10.0,109820.0,60,119010.0,65,interpolated
120000,formation_8_highest_light,22,99,119998.0,2.0,115110.0,95,121220.0,100,interpolated
121000,headlight_all_leds,39,36,121006.0,6.0,117530.0,35,134910.0,40,interpolated
122000,formation_8_highest_light,25,91,121966.0,34.0,120630.0,90,127310.0,95,interpolated
123000,formation_8_highest_light,49,52,122998.0,2.0,117970.0,50,130540.0,55,interpolated
124000,formation_8_highest_light,26,89,124002.0,2.0,118410.0,85,125400.0,90,interpolated
125000,headlight_all_leds,19,71,124972.0,28.0,123200.0,70,132060.0,75,interpolated
126000,headlight_all_leds,34,42,125998.0,2.0,119930.0,40,135100.0,45,interpolated
127000,headlight_all_leds,15,91,127042.0,42.0,125630.0,90,132690.0,95,interpolated
128000,formation_8_highest_light,49,54,128026.0,26.0,117970.0,50,130540.0,55,interpolated
129000,formation_8_highest_light,24,98,129012.0,12.0,124950.0,95,131720.0,100,interpolated
130000,headlight_all_leds,22,64,130010.0,10.0,121810.0,60,132060.0,65,interpolated
131000,headlight_all_leds,32,46,130954.0,46.0,128090.0,45,142410.0,50,interpolated
132000,headlight_all_leds,38,40,131980.0,20.0,131980.0,40,148720.0,45,interpolated
133000,formation_8_highest_light,49,56,132978.0,22.0,130540.0,55,142730.0,60,interpolated
134000,headlight_all_leds,30,50,133990.0,10.0,133990.0,50,147250.0,55,interpolated
135000,formation_8_highest_light,37,70,135000.0,0.0,125130.0,65,135000.0,70,interpolated
136000,headlight_all_leds,27,56,136014.0,14.0,133600.0,55,145670.0,60,interpolated
137000,formation_8_highest_light,43,63,136980.0,20.0,130380.0,60,141380.0,65,interpolated
138000,formation_8_highest_light,26,99,138046.0,46.0,132470.0,95,139440.0,100,interpolated
139000,headlight_all_leds,20,75,139020.0,20.0,129820.0,70,139020.0,75,interpolated
140000,headlight_all_leds,23,66,140056.0,56.0,137940.0,65,148520.0,70,interpolated
141000,headlight_all_leds,31,51,140972.0,28.0,138230.0,50,151940.0,55,interpolated
142000,headlight_all_leds,21,73,142010.0,10.0,136220.0,70,145870.0,75,interpolated
143000,formation_8_highest_light,35,78,143026.0,26.0,137530.0,75,146690.0,80,interpolated
144000,formation_8_highest_light,32,85,143970.0,30.0,143970.0,85,152420.0,90,interpolated
145000,formation_8_highest_light,30,91,145004.0,4.0,143420.0,90,151340.0,95,interpolated
146000,headlight_all_leds,33,50,146000.0,0.0,131430.0,45,146000.0,50,interpolated
147000,formation_8_highest_light,41,70,146970.0,30.0,146970.0,70,157460.0,75,interpolated
148000,formation_8_highest_light,29,96,148002.0,2.0,146450.0,95,154210.0,100,interpolated
149000,formation_8_highest_light,28,100,149040.0,40.0,141570.0,95,149040.0,100,interpolated
150000,headlight_all_leds,24,68,149986.0,14.0,143380.0,65,154390.0,70,interpolated
151000,formation_8_highest_light,46,66,150978.0,22.0,148660.0,65,160250.0,70,interpolated
152000,formation_8_highest_light,42,71,152028.0,28.0,149870.0,70,160660.0,75,interpolated
153000,headlight_all_leds,25,68,153002.0,2.0,146300.0,65,157470.0,70,interpolated
154000,formation_8_highest_light,35,84,154042.0,42.0,146690.0,80,155880.0,85,interpolated
155000,formation_8_highest_light,39,77,154982.0,18.0,150910.0,75,161090.0,80,interpolated
156000,headlight_all_leds,34,52,156086.0,86.0,150090.0,50,165080.0,55,interpolated
157000,formation_8_highest_light,39,78,157018.0,18.0,150910.0,75,161090.0,80,interpolated
158000,formation_8_highest_light,33,91,158008.0,8.0,156280.0,90,164920.0,95,interpolated
159000,headlight_all_leds,23,75,159040.0,40.0,148520.0,70,159040.0,75,interpolated
160000,formation_8_highest_light,45,71,159992.0,8.0,157690.0,70,169200.0,75,interpolated
161000,headlight_all_leds,24,73,160960.0,40.0,154390.0,70,165340.0,75,interpolated
162000,formation_8_highest_light,37,84,162010.0,10.0,154210.0,80,163960.0,85,interpolated
163000,headlight_all_leds,31,59,162948.0,52.0,151940.0,55,165700.0,60,interpolated
164000,formation_8_highest_light,37,85,163960.0,40.0,163960.0,85,173440.0,90,interpolated
165000,formation_8_highest_light,42,77,165008.0,8.0,160660.0,75,171530.0,80,interpolated
166000,formation_8_highest_light,41,79,165996.0,4.0,157460.0,75,168130.0,80,interpolated
167000,formation_8_highest_light,49,70,167000.0,0.0,154730.0,65,167000.0,70,interpolated
168000,formation_8_highest_light,50,70,167980.0,20.0,167980.0,70,179990.0,75,interpolated
169000,headlight_all_leds,21,87,169072.0,72.0,165260.0,85,174790.0,90,interpolated
170000,formation_8_highest_light,33,98,170038.0,38.0,164920.0,95,173450.0,100,interpolated
171000,headlight_all_leds,34,57,170984.0,16.0,165080.0,55,179840.0,60,interpolated
172000,headlight_all_leds,33,59,172004.0,4.0,160500.0,55,174880.0,60,interpolated
173000,formation_8_highest_light,36,92,173034.0,34.0,169370.0,90,178530.0,95,interpolated
174000,headlight_all_leds,19,99,173998.0,2.0,167110.0,95,175720.0,100,interpolated
175000,headlight_all_leds,43,48,175042.0,42.0,164110.0,45,182330.0,50,interpolated
176000,formation_8_highest_light,45,78,175944.0,56.0,169200.0,75,180440.0,80,interpolated
177000,formation_8_highest_light,38,90,177030.0,30.0,167350.0,85,177030.0,90,interpolated
178000,headlight_all_leds,37,55,178030.0,30.0,162070.0,50,178030.0,55,interpolated
179000,formation_8_highest_light,38,91,178998.0,2.0,177030.0,90,186870.0,95,interpolated
180000,formation_8_highest_light,42,84,180002.0,2.0,171530.0,80,182120.0,85,interpolated
181000,formation_8_highest_light,38,92,180966.0,34.0,177030.0,90,186870.0,95,interpolated
182000,headlight_all_leds,31,66,181992.0,8.0,179250.0,65,192960.0,70,interpolated
183000,formation_8_highest_light,43,84,182966.0,34.0,174190.0,80,185160.0,85,interpolated
184000,headlight_all_leds,25,82,184020.0,20.0,179560.0,80,190710.0,85,interpolated
185000,formation_8_highest_light,45,82,184996.0,4.0,180440.0,80,191830.0,85,interpolated
186000,headlight_all_leds,43,51,186008.0,8.0,182330.0,50,200720.0,55,interpolated
187000,headlight_all_leds,30,70,187000.0,0.0,173720.0,65,187000.0,70,interpolated
188000,formation_8_highest_light,36,100,188000.0,0.0,178530.0,95,188000.0,100,interpolated
189000,headlight_all_leds,26,81,188970.0,30.0,186650.0,80,198250.0,85,interpolated
190000,headlight_all_leds,40,55,189830.0,170.0,189830.0,55,207330.0,60,interpolated
191000,headlight_all_leds,37,59,191006.0,6.0,178030.0,55,194250.0,60,interpolated
192000,formation_8_highest_light,50,80,192080.0,80.0,179990.0,75,192080.0,80,interpolated
193000,headlight_all_leds,44,52,193014.0,14.0,185470.0,50,204330.0,55,interpolated
194000,formation_8_highest_light,43,89,194008.0,8.0,185160.0,85,196220.0,90,interpolated
195000,formation_8_highest_light,46,85,194990.0,10.0,194990.0,85,206600.0,90,interpolated
196000,headlight_all_leds,27,81,195990.0,10.0,193580.0,80,205630.0,85,interpolated
197000,headlight_all_leds,35,64,197012.0,12.0,184700.0,60,200090.0,65,interpolated
198000,formation_8_highest_light,47,85,198060.0,60.0,186220.0,80,198060.0,85,interpolated
199000,headlight_all_leds,23,94,198970.0,30.0,190570.0,90,201070.0,95,interpolated
200000,headlight_all_leds,45,53,200062.0,62.0,188500.0,50,207770.0,55,interpolated
201000,headlight_all_leds,33,69,200988.0,12.0,189380.0,65,203890.0,70,interpolated
202000,formation_8_highest_light,44,91,201996.0,4.0,199790.0,90,210820.0,95,interpolated
203000,formation_8_highest_light,48,86,202892.0,108.0,200500.0,85,212460.0,90,interpolated
204000,headlight_all_leds,37,63,203988.0,12.0,194250.0,60,210480.0,65,interpolated
205000,headlight_all_leds,42,57,204988.0,12.0,197560.0,55,216130.0,60,interpolated
206000,formation_8_highest_light,41,98,205924.0,76.0,199600.0,95,210140.0,100,interpolated
207000,formation_8_highest_light,43,95,207020.0,20.0,196220.0,90,207020.0,95,interpolated
208000,formation_8_highest_light,41,99,208032.0,32.0,199600.0,95,210140.0,100,interpolated
209000,headlight_all_leds,24,95,209030.0,30.0,198100.0,90,209030.0,95,interpolated
210000,formation_8_highest_light,48,89,210068.0,68.0,200500.0,85,212460.0,90,interpolated
211000,headlight_all_leds,46,55,211110.0,110.0,191340.0,50,211110.0,55,interpolated
212000,headlight_all_leds,28,85,212020.0,20.0,199590.0,80,212020.0,85,interpolated
213000,headlight_all_leds,27,88,212986.0,14.0,205630.0,85,217890.0,90,interpolated
214000,formation_8_highest_light,50,89,214168.0,168.0,204280.0,85,216640.0,90,interpolated
215000,headlight_all_leds,31,78,214984.0,16.0,206620.0,75,220560.0,80,interpolated
216000,formation_8_highest_light,43,99,216028.0,28.0,207020.0,95,218280.0,100,interpolated
217000,formation_8_highest_light,45,96,216996.0,4.0,214650.0,95,226380.0,100,interpolated
218000,headlight_all_leds,24,99,217982.0,18.0,209030.0,95,220220.0,100,interpolated
219000,headlight_all_leds,30,82,218900.0,100.0,213500.0,80,227000.0,85,interpolated
220000,formation_8_highest_light,44,99,220084.0,84.0,210820.0,95,222400.0,100,interpolated
221000,formation_8_highest_light,46,96,220754.0,246.0,218390.0,95,230210.0,100,interpolated
222000,headlight_all_leds,25,99,222044.0,44.0,212940.0,95,224320.0,100,interpolated
223000,formation_8_highest_light,46,97,223118.0,118.0,218390.0,95,230210.0,100,interpolated
224000,formation_8_highest_light,45,99,224034.0,34.0,214650.0,95,226380.0,100,interpolated
225000,headlight_all_leds,40,65,225040.0,40.0,207330.0,60,225040.0,65,interpolated
226000,headlight_all_leds,31,82,226044.0,44.0,220560.0,80,234270.0,85,interpolated
227000,headlight_all_leds,30,85,227000.0,0.0,213500.0,80,227000.0,85,interpolated
228000,headlight_all_leds,35,74,227938.0,62.0,215690.0,70,231000.0,75,interpolated
229000,formation_8_highest_light,47,98,228994.0,6.0,221950.0,95,233690.0,100,interpolated
230000,headlight_all_leds,29,89,229896.0,104.0,219640.0,85,232460.0,90,interpolated
231000,headlight_all_leds,35,75,231000.0,0.0,215690.0,70,231000.0,75,interpolated
232000,headlight_all_leds,40,67,231976.0,24.0,225040.0,65,242380.0,70,interpolated
233000,headlight_all_leds,33,80,233030.0,30.0,218550.0,75,233030.0,80,interpolated
234000,headlight_all_leds,35,76,234050.0,50.0,231000.0,75,246250.0,80,interpolated
235000,headlight_all_leds,29,91,235012.0,12.0,232460.0,90,245220.0,95,interpolated
236000,headlight_all_leds,33,81,235928.0,72.0,233030.0,80,247520.0,85,interpolated
237000,headlight_all_leds,28,95,237000.0,0.0,224660.0,90,237000.0,95,interpolated
238000,headlight_all_leds,42,66,237970.0,30.0,234380.0,65,252330.0,70,interpolated
239000,headlight_all_leds,46,62,238970.0,30.0,231230.0,60,250580.0,65,interpolated
240000,headlight_all_leds,29,93,240116.0,116.0,232460.0,90,245220.0,95,interpolated
241000,headlight_all_leds,49,60,240820.0,180.0,240820.0,60,260710.0,65,interpolated
242000,headlight_all_leds,28,97,241952.0,48.0,237000.0,95,249380.0,100,interpolated
243000,headlight_all_leds,37,75,243000.0,0.0,226960.0,70,243000.0,75,interpolated
244000,headlight_all_leds,41,69,243862.0,138.0,229750.0,65,247390.0,70,interpolated
245000,headlight_all_leds,42,68,245150.0,150.0,234380.0,65,252330.0,70,interpolated
246000,headlight_all_leds,37,76,246166.0,166.0,243000.0,75,258830.0,80,interpolated
247000,headlight_all_leds,32,87,247060.0,60.0,241420.0,85,255520.0,90,interpolated
248000,headlight_all_leds,38,75,248000.0,0.0,231690.0,70,248000.0,75,interpolated
249000,headlight_all_leds,40,72,249112.0,112.0,242380.0,70,259210.0,75,interpolated
250000,headlight_all_leds,32,88,249880.0,120.0,241420.0,85,255520.0,90,interpolated
251000,headlight_all_leds,41,71,250850.0,150.0,247390.0,70,264690.0,75,interpolated
252000,headlight_all_leds,35,82,252302.0,302.0,246250.0,80,261380.0,85,interpolated
253000,headlight_all_leds,43,69,252810.0,190.0,238210.0,65,256460.0,70,interpolated
254000,headlight_all_leds,45,67,254188.0,188.0,246680.0,65,265450.0,70,interpolated
255000,headlight_all_leds,29,99,255308.0,308.0,245220.0,95,257830.0,100,interpolated
256000,headlight_all_leds,31,93,255974.0,26.0,247940.0,90,261330.0,95,interpolated
257000,headlight_all_leds,39,76,257120.0,120.0,253770.0,75,270520.0,80,interpolated
258000,headlight_all_leds,45,68,257942.0,58.0,246680.0,65,265450.0,70,interpolated
259000,headlight_all_leds,33,89,258920.0,80.0,247520.0,85,261770.0,90,interpolated
260000,headlight_all_leds,43,71,260096.0,96.0,256460.0,70,274640.0,75,interpolated
261000,headlight_all_leds,38,79,261008.0,8.0,248000.0,75,264260.0,80,interpolated
262000,headlight_all_leds,36,83,261990.0,10.0,252660.0,80,268210.0,85,interpolated
263000,headlight_all_leds,42,73,262992.0,8.0,252330.0,70,270100.0,75,interpolated
264000,headlight_all_leds,31,96,264080.0,80.0,261330.0,95,275080.0,100,interpolated
265000,headlight_all_leds,36,84,265100.0,100.0,252660.0,80,268210.0,85,interpolated
266000,headlight_all_leds,46,69,265932.0,68.0,250580.0,65,269770.0,70,interpolated
267000,headlight_all_leds,31,97,266830.0,170.0,261330.0,95,275080.0,100,interpolated
268000,headlight_all_leds,36,85,268210.0,210.0,252660.0,80,268210.0,85,interpolated
269000,headlight_all_leds,49,67,268954.0,46.0,260710.0,65,281320.0,70,interpolated
270000,headlight_all_leds,47,69,270034.0,34.0,254370.0,65,273950.0,70,interpolated
271000,headlight_all_leds,43,74,271004.0,4.0,256460.0,70,274640.0,75,interpolated
272000,headlight_all_leds,37,84,271822.0,178.0,258830.0,80,275070.0,85,interpolated
273000,headlight_all_leds,49,68,273076.0,76.0,260710.0,65,281320.0,70,interpolated
274000,headlight_all_leds,47,70,273950.0,50.0,273950.0,70,293940.0,75,interpolated
275000,headlight_all_leds,32,97,275022.0,22.0,269370.0,95,283500.0,100,interpolated
276000,headlight_all_leds,44,74,275978.0,22.0,260890.0,70,279750.0,75,interpolated
277000,headlight_all_leds,45,73,276994.0,6.0,265450.0,70,284690.0,75,interpolated
278000,headlight_all_leds,47,71,277948.0,52.0,273950.0,70,293940.0,75,interpolated
279000,headlight_all_leds,41,79,278938.0,62.0,264690.0,75,282500.0,80,interpolated
280000,headlight_all_leds,40,81,280104.0,104.0,276630.0,80,294000.0,85,interpolated
281000,headlight_all_leds,42,78,281032.0,32.0,270100.0,75,288320.0,80,interpolated
282000,headlight_all_leds,33,97,282008.0,8.0,276220.0,95,290690.0,100,interpolated
283000,headlight_all_leds,50,70,282940.0,60.0,282940.0,70,303630.0,75,interpolated
284000,headlight_all_leds,36,90,283960.0,40.0,283960.0,90,299600.0,95,interpolated
285000,headlight_all_leds,33,98,284902.0,98.0,276220.0,95,290690.0,100,interpolated
286000,headlight_all_leds,41,81,286040.0,40.0,282500.0,80,300200.0,85,interpolated
287000,headlight_all_leds,40,83,287052.0,52.0,276630.0,80,294000.0,85,interpolated
288000,headlight_all_leds,37,89,288014.0,14.0,275070.0,85,291250.0,90,interpolated
289000,headlight_all_leds,35,94,288950.0,50.0,276750.0,90,292000.0,95,interpolated
290000,headlight_all_leds,47,74,289942.0,58.0,273950.0,70,293940.0,75,interpolated
291000,headlight_all_leds,44,78,291072.0,72.0,279750.0,75,298620.0,80,interpolated
292000,headlight_all_leds,35,95,292000.0,0.0,276750.0,90,292000.0,95,interpolated
293000,headlight_all_leds,34,98,293098.0,98.0,284140.0,95,299070.0,100,interpolated
294000,headlight_all_leds,40,85,294000.0,0.0,276630.0,80,294000.0,85,interpolated
295000,headlight_all_leds,35,96,295118.0,118.0,292000.0,95,307590.0,100,interpolated
296000,headlight_all_leds,34,99,296084.0,84.0,284140.0,95,299070.0,100,interpolated
297000,headlight_all_leds,43,81,296876.0,124.0,293140.0,80,311820.0,85,interpolated
298000,headlight_all_leds,47,76,297952.0,48.0,293940.0,75,314000.0,80,interpolated
299000,headlight_all_leds,34,100,299070.0,70.0,284140.0,95,299070.0,100,interpolated
300000,headlight_all_leds,41,85,300200.0,200.0,282500.0,80,300200.0,85,interpolated
